Vehicle ID,Date,Number of Trips,Total Distance,Idling Time,Driving Time,Total Run Time,Initial SOC,Final SOC,SOC Used,Total Energy Consumption,Average Ambient Temperature,Initial Odometer,Final Odometer,Max SOC,Min SOC,Percent Idling Time,Drive Cycle,HV Accessories Energy,LV Accessories Energy,Electric Heater Energy,Traction Energy,Regenerated Energy,Average Speed,Maximum Speed
EV181,01/01/2022,3,144.375999999997,4.65,2.8666666666666663,7.516666666666667,,,,,38.3712871287129,65275.124,65419.5,,,0.6186252771618626,,,,,,,8.420722772277228,106.43
EV181,01/02/2022,3,145.5,9.766666666666666,4.183333333333333,13.95,,,,,34.5310647639956,65419.5,65565,,,0.7001194743130227,,,,,,,9.475389681668496,100.43
EV181,01/04/2022,1,144.251999999993,0.06666666666666667,0.08333333333333333,0.15,,,,,51.2696132596685,65709.5,65853.752,,,0.4444444444444445,,,,,,,7.7890701914311755,106.71
EV181,01/05/2022,1,146.124000000011,13.049999999999999,5.033333333333334,18.083333333333332,,,,,36.9763387297634,65853.752,65999.876,,,0.7216589861751151,,,,,,,11.069403726708074,72.13
EV181,01/06/2022,3,145.247999999992,10.2,4.816666666666666,15.016666666666667,,,,,36.7635359116022,65999.876,66145.124,,,0.6792452830188679,,,,,,,7.7007366482504604,70.5
EV181,01/07/2022,5,143.876000000004,7.95,4.300000000000001,12.25,,,,,14.7859649122807,66145.124,66289,,,0.6489795918367347,,,,,,,15.952481481481481,102.83
EV181,01/09/2022,2,260.623999999996,12.116666666666667,4.516666666666666,16.633333333333333,,,,,31.6253547776727,66432.376,66693,,,0.7284569138276553,,,,,,,14.506458923512747,100.35
EV181,01/10/2022,4,165.751999999993,5.75,4.8,10.55,,,,,40.1509163346614,66693.376,66858.752,,,0.5450236966824644,,,,,,,7.587079365079365,107.45
EV181,01/11/2022,4,144.372000000003,7.3,4.666666666666667,11.966666666666665,,,,,38.0270803949224,66858.752,67003.124,,,0.6100278551532035,,,,,,,12.150433566433566,105.07
EV181,01/12/2022,3,146.124000000011,9.433333333333334,4.65,14.083333333333334,,,,,49.6085872576177,67003.124,67149.248,,,0.6698224852071005,,,,,,,12.00556786703601,74.5
EV181,01/13/2022,6,131.751999999993,10.95,4.283333333333335,15.233333333333334,,,,,48.3370149253731,67149.248,67281,,,0.7188183807439824,,,,,,,11.179910447761195,87.9
EV181,01/14/2022,5,143.872000000003,6.15,4.916666666666666,11.066666666666666,,,,,46.2797607178465,67281,67424.872,,,0.5557228915662651,,,,,,,8.38223645320197,103.57
EV181,01/15/2022,3,147.255999999994,11.25,9.116666666666667,20.366666666666667,,,,,34.3222535211268,67424.872,67572.128,,,0.5523731587561375,,,,,,,12.27574647887324,69.22
EV181,01/16/2022,2,123.12000000001,5.9,4.566666666666667,10.466666666666667,,,,,49.7824401368301,67572.128,67695.248,,,0.5636942675159236,,,,,,,8.372155074116305,98.51
EV181,01/17/2022,4,138.623999999996,9.5,4.766666666666667,14.266666666666667,,,,,42.0450704225352,67695.624,67833.872,,,0.6658878504672897,,,,,,,12.777359375,72.51
EV181,01/18/2022,1,175.504000000001,10.466666666666667,4.533333333333333,15,,,,,53.8435294117647,67833.872,68009.376,,,0.6977777777777778,,,,,,,8.8512790697674415,100.99
EV181,01/19/2022,7,19.2479999999923,2.7333333333333334,0.75,3.4833333333333334,,,,,65.735,68009.376,68028.624,,,0.784688995215311,,,,,,,3.501546961325967,107.27
EV181,01/20/2022,7,1.75200000000768,0.2,0.25,0.45,,,,,56.0882352941177,68028.624,68030.376,,,0.4444444444444445,,,,,,,3.435882352941176,26.58
EV181,01/21/2022,3,0.751999999993131,0.6166666666666667,0.08333333333333331,0.7,,,,,60.2130434782609,68030.376,68031.128,,,0.880952380952381,,,,,,,1.08,18.03
EV181,01/23/2022,4,0,1.4666666666666668,0.016666666666666663,1.4833333333333334,,,,,68.9310344827586,68031.128,68031.128,,,0.9887640449438203,,,,,,,0,0
EV181,01/24/2022,5,92.872000000003,5.85,4.683333333333334,10.533333333333333,,,,,37.4185950413223,68031.128,68124,,,0.555379746835443,,,,,,,10.755619834710744,73.03
EV181,01/25/2022,3,154,15.083333333333332,4.5666666666666655,19.65,,,,,36.9677631578947,68124.128,68278,,,0.7675996607294318,,,,,,,10.012857142857143,106.3
EV181,01/26/2022,4,189.248000000007,9.8,4.616666666666667,14.416666666666666,,,,,31.0087221095335,68278,68467.248,,,0.6797687861271677,,,,,,,11.511702127659575,106.45
EV181,01/27/2022,3,101.247999999992,10.35,4.550000000000001,14.9,,,,,46.5502276176024,68467.248,68568.496,,,0.6946308724832214,,,,,,,8.76871794871795,71.52
EV181,01/28/2022,5,186.504000000001,3,7.033333333333333,10.033333333333333,,,,,38.7974121996303,68568.496,68755,,,0.29900332225913623,,,,,,,10.384031365313653,99.64
EV181,01/29/2022,5,120.751999999993,3.833333333333333,11.983333333333333,15.816666666666666,,,,,29.6105494505494,68755.248,68875.752,,,0.2423603793466807,,,,,,,16.149254385964912,63.23
EV181,01/30/2022,1,144,3.066666666666667,13.483333333333333,16.55,,,,,50.7588952071487,68875.872,69019.752,,,0.18529707955689828,,,,,,,6.960137987012987,100.53
EV181,01/31/2022,6,30.6240000000107,2.5,1.0666666666666667,3.5666666666666664,,,,,60.8926174496644,69019.752,69050.376,,,0.7009345794392524,,,,,,,4.268769574944072,100.69
EV181,02/02/2022,1,146.127999999997,0,0.016666666666666666,0.016666666666666666,,,,,39.3096363636364,69196.496,69342.624,,,0,,,,,,,7.682454545454545,72.64
EV181,02/04/2022,3,145.376000000004,0.26666666666666666,0.15,0.4166666666666667,,,,,40.1795677799607,69488.752,69634.128,,,0.64,,,,,,,8.265628042843232,107.17
EV181,02/07/2022,3,144.12000000001,0.08333333333333334,11.049999999999999,11.133333333333333,,,,,43.4704324801412,69924.128,70068.248,,,0.007485029940119761,,,,,,,7.495736981465137,98.82
EV181,02/08/2022,2,144.375999999989,9.033333333333333,4.5,13.533333333333333,,,,,47.7236768802228,70068.248,70212.624,,,0.6674876847290641,,,,,,,12.507087378640776,99.03
EV181,02/09/2022,6,146.127999999997,6.333333333333333,4.583333333333334,10.916666666666668,,,,,47.140826446281,70212.624,70358.752,,,0.580152671755725,,,,,,,13.534380165289257,69.07
EV181,02/10/2022,2,111.744000000006,4.133333333333333,5.333333333333332,9.466666666666665,,,,,41.9,70358.752,70470.496,,,0.4366197183098592,,,,,,,12.613624772313297,66.82
EV181,02/11/2022,4,35.3760000000038,1.75,5.733333333333333,7.483333333333333,,,,,59.5545454545455,70470.872,70505.872,,,0.23385300668151449,,,,,,,3.552112211221122,59.37
EV181,02/12/2022,2,73.2559999999939,7.566666666666666,4.483333333333334,12.050000000000002,,,,,23.2988929889299,70506,70579.128,,,0.6279391424619639,,,,,,,16.532463235294117,68.69
EV181,02/13/2022,5,191.623999999996,7.466666666666666,4.583333333333333,12.05,,,,,28.8302021403092,70579.128,70770.752,,,0.619640387275242,,,,,,,13.888503562945369,99.46
EV181,02/14/2022,5,24.7520000000077,0.18333333333333335,0.2,0.38333333333333336,,,,,53.0664819944598,70770.872,70795.504,,,0.4782608695652174,,,,,,,4.026454293628809,45.31
EV181,02/16/2022,3,146.751999999993,0.03333333333333333,0.38333333333333336,0.4166666666666667,,,,,47.8173076923077,70940.248,71087,,,0.08,,,,,,,8.80676627534685,70.42
EV181,02/17/2022,6,145.248000000007,12.383333333333333,4.550000000000001,16.933333333333334,,,,,34.4293059125964,71087,71232.248,,,0.7312992125984251,,,,,,,10.420691421254801,105.69
EV181,02/18/2022,2,153.751999999993,11.899999999999999,6.6,18.5,,,,,41.6543451652387,71232.248,71386,,,0.6432432432432431,,,,,,,10.74015892420538,71.26
EV181,02/19/2022,1,200.872000000003,0,19,19,,,,,39.7547638773819,71386.376,71586.872,,,0,,,,,,,9.822657284768212,105.61
EV181,02/20/2022,1,147.376000000004,12.883333333333333,9.366666666666667,22.25,,,,,55.2770959377701,71586.872,71734.248,,,0.5790262172284644,,,,,,,7.691132238547969,68.76
EV181,02/21/2022,4,288.375999999989,10.083333333333334,4.95,15.033333333333333,,,,,39.5626754748142,71734.248,72022.624,,,0.6707317073170732,,,,,,,13.549226337448559,104.69
EV181,02/23/2022,2,36.127999999997,0.2833333333333333,0.25,0.5333333333333333,,,,,53.3323076923077,72138.624,72174.752,,,0.53125,,,,,,,1.834236348122867,59.25
EV181,02/24/2022,5,2.1200000000099,2.35,0.35000000000000003,2.6999999999999997,,,,,58.8308724832215,72174.752,72176.872,,,0.8703703703703705,,,,,,,0.6010126582278481,16.25
EV181,03/08/2022,3,11.5040000000008,0.4166666666666667,7.583333333333333,7.999999999999999,,,,,66.6582677165354,72177,72188.376,,,0.05208333333333334,,,,,,,1.5711548556430446,49.32
EV181,03/10/2022,3,0.495999999999185,0.19999999999999998,0.2,0.4,,,,,64.67,72188.376,72188.872,,,0.49999999999999994,,,,,,,1.513,7.5
EV181,03/22/2022,5,,14.066666666666666,6.150000000000001,20.21666666666667,,,,,,,,,,0.695795548227535,,,,,,,0.7321428571428571,11.58
EV181,03/28/2022,1,,4.45,0.033333333333333215,4.483333333333333,,,,,44.2232558139535,,,,,0.9925650557620818,,,,,,,13.829245283018867,68.05
EV181,03/29/2022,4,199.87999999999,15.85,4.666666666666668,20.516666666666666,62,89,109,345.55,50.9814776274714,73219.624,73419.128,91,35,0.7725426482534525,,13.05,32.6,0,479.6,179.7,12.082729166666667,106.22
EV181,03/30/2022,2,115.368000000002,3.4499999999999997,9.633333333333333,13.083333333333332,89,71,46,206.5,58.7536121673004,73419.128,73534.496,94,69,0.26369426751592356,,10.15,33.15,0,266.4,103.2,6.4363212927756654,77.01
EV181,03/31/2022,3,177.752000000008,9.066666666666666,7.433333333333333,16.5,71,90,92,310.4,50.4432075471698,73534.496,73712.248,92,44,0.5494949494949495,,12.25,43.35,0,411.6,156.8,9.997089898053753,82.9
EV181,04/01/2022,4,146.503999999986,6.866666666666667,4.566666666666666,11.433333333333335,89,90,72,258.2,54.1908536585366,73712.496,73858.752,91,54,0.6005830903790087,,10.75,31.35,0,351.8,135.7,8.53525406504065,78.64
EV181,04/03/2022,1,143.872000000003,0,0.016666666666666666,0.016666666666666666,,,,,59.9558089807555,74002.624,74146.496,,,0,,,,,,,6.286350677120456,90.76
EV181,04/04/2022,3,146.504000000001,11.066666666666666,4.566666666666666,15.633333333333335,91,91,75,266.3,56.6620493358634,74146.496,74293,94,61,0.7078891257995735,,9.95,29.45,0,359.9,133,8.403965844402277,81.29
EV181,04/05/2022,2,146.127999999997,11.75,4.549999999999999,16.3,91,83,103,260.45,54.2032119914347,74293,74439.128,91,24,0.7208588957055214,,10.55,31.9,0,344.1,126.1,9.435547290116897,105.33
EV181,04/06/2022,6,134,3.2833333333333337,6.6499999999999995,9.933333333333334,83,46,62,216.95,51.2114285714286,74439.128,74573.128,90,46,0.3305369127516779,,10.45,24.3,0,309.2,127,13.026111111111112,82.57
EV181,04/07/2022,1,110.744000000006,15.916666666666666,3.849999999999999,19.766666666666666,46,82,59,177.7,56.6674858223062,74573.128,74683.872,82,18,0.8052276559865092,,9.35,26.05,0,237.9,95.6,6.884510150044131,67.08
EV181,04/08/2022,4,35.127999999997,7.616666666666667,1.3166666666666662,8.933333333333334,82,92,15,68.45,63.2497191011236,74683.872,74719,92,80,0.8526119402985075,,3.85,12.7,0,83.2,31.3,3.189009762900976,65.85
EV181,04/09/2022,1,143.623999999996,11.966666666666667,8.6,20.566666666666666,92,90,66,217.4,58.0453271028037,74719,74862.624,92,58,0.5818476499189628,,10.15,26.55,0,308.2,127.5,10.54636259977195,90.07
EV181,04/10/2022,4,219.127999999997,13.066666666666666,4.3999999999999995,17.466666666666665,90,78,81,302.65,59.6515923566879,74862.624,75081.752,91,63,0.7480916030534351,,13.3,33.65,0,426.4,170.7,13.65173544973545,99.18
EV181,04/11/2022,4,207.376000000004,9.566666666666666,4.266666666666666,13.833333333333334,78,90,91,314.7,61.7457627118644,75082,75289.128,92,58,0.6915662650602409,,14.25,34.25,0,434,167.8,12.06645343367827,99.18
EV181,04/13/2022,2,144.504000000001,0.11666666666666667,0.11666666666666667,0.23333333333333334,,,,,59.0368474923234,75433.624,75578.128,,,0.5,,,,,,,8.33976506639428,75.14
EV181,04/14/2022,2,143.872000000003,3.533333333333333,4.1000000000000005,7.633333333333334,89,40,74,258.95,37.7661670235546,75578.128,75722,89,40,0.46288209606986896,,9.35,23.1,0,366.7,140.2,17.90405857740586,107.27
EV181,04/15/2022,3,91.2480000000069,7.666666666666667,13.349999999999998,21.016666666666666,33,62,45,169.55,53.6738461538462,75722,75813.248,84,32,0.36478984932593184,,7.55,21.7,0,229.1,88.8,9.600597269624574,71.88
EV181,04/16/2022,2,53,0,0.03333333333333333,0.03333333333333333,,,,,60.3991031390135,75813.504,75866.248,,,0,,,,,,,4.825014925373134,107.4
EV181,04/17/2022,3,0.127999999996973,0,0.06666666666666667,0.06666666666666667,,,,,69.8,75866.376,75866.376,,,0,,,,,,,6.58,6.58
EV181,04/18/2022,6,38.1199999999953,4.55,1.5166666666666666,6.066666666666666,93,88,23,89.9,54.8033994334278,75866.376,75904.496,93,72,0.75,,3.3,11.9,12.3,90.9,28.5,6.602840909090909,81.98
EV181,04/19/2022,4,26.8800000000047,3.516666666666667,0.9166666666666666,4.433333333333334,90,90,10,46.85,62.8362934362934,75904.496,75931.376,90,80,0.793233082706767,,1.85,6.55,8.05,41.1,10.7,6.538494208494209,96.63
EV181,04/20/2022,3,146,7,4.666666666666667,11.666666666666668,91,91,65,298.9,52.7376623376623,75931.376,76077.376,91,59,0.6,,9.8,22.3,53.5,352.6,139.3,11.918585858585859,78.05
EV181,04/21/2022,4,114.751999999993,3.683333333333333,9.3,12.983333333333334,90,64,40,181.05,59.5538461538462,76077.376,76192.128,90,64,0.2836970474967907,,8.45,15.3,0,266.2,108.9,15.901858190709046,74.25
EV181,04/22/2022,4,122.623999999996,3.2666666666666666,3.0333333333333328,6.3,64,90,54,263.5,58.1716599190283,76192.248,76314.752,91,50,0.5185185185185185,,9.25,23.8,62.45,281.8,113.8,10.513545331529093,76.98
EV181,04/23/2022,3,145.12000000001,16.95,4.166666666666668,21.116666666666667,89,91,81,293.4,63.43797856049,76314.752,76459.872,91,68,0.8026835043409628,,9.1,24.55,58.65,319.5,118.4,14.411544342507645,105.28
EV181,04/24/2022,3,146.623999999996,6.6,4.683333333333334,11.283333333333333,91,61,89,332.5,62.5214484679666,76459.872,76606.496,96,61,0.5849335302806499,,8.5,33.15,120.15,275.6,104.9,8.305935185185184,64.48
EV181,04/25/2022,4,144.127999999997,7.366666666666666,4.2,11.566666666666666,56,90,76,359.1,53.9904109589041,76606.752,76750.624,91,43,0.6368876080691642,,10.95,30.1,87.35,374,143.3,9.557230419977298,106.94
EV181,04/26/2022,4,149.248000000007,6.633333333333334,4.633333333333334,11.266666666666667,90,90,73,351.8,46.9926493108729,76750.624,76899.872,90,45,0.5887573964497042,,10.95,27.85,96.9,339.7,123.6,13.887381316998468,71.62
EV181,04/27/2022,7,3.12799999999697,3.5166666666666666,0.40000000000000013,3.9166666666666665,90,92,9,11.65,70.8390243902439,76900.128,76903,92,88,0.8978723404255319,,1.25,7.3,0,3.8,0.7,0.6723983739837398,18.21
EV181,04/28/2022,5,1.37600000000384,2.033333333333333,0.3333333333333332,2.3666666666666667,91,87,6,17.2,69.6941176470588,76903,76904.376,91,87,0.8591549295774648,,1.35,3.55,10.5,2.1,0.3,0.5854014598540146,17.47
EV181,04/29/2022,8,2,3.45,0.3999999999999999,3.85,86,84,2,8.85,56.5647058823529,76904.624,76906.376,86,84,0.8961038961038962,,0.7,1.05,5.4,2.7,1,2.1616666666666666,17.75
EV181,04/30/2022,2,74.3759999999893,3.9166666666666665,4.5166666666666675,8.433333333333334,84,70,33,168.1,58.097995545657,76906.376,76980.752,91,63,0.4644268774703557,,5.65,14.7,39.95,177.6,69.8,9.532,68.66
EV181,05/01/2022,3,157.872000000003,4.616666666666667,8.500000000000002,13.116666666666667,71,91,71,352.15,57.1980519480519,76980.872,77138.624,91,59,0.35196950444726816,,11.35,25.95,76.95,390.3,152.4,9.846299892125135,81.26
EV181,05/02/2022,5,102.752000000008,3.8666666666666667,4.750000000000001,8.616666666666667,91,67,42,195.5,58.3331905781585,77138.624,77241.376,92,66,0.448742746615087,,9.75,19.6,2.45,274,110.3,12.467644539614561,76.42
EV181,05/03/2022,4,46.3759999999893,9.4,0.3000000000000009,9.700000000000001,68,90,18,90.8,63.7889674681754,77241.376,77287.752,90,57,0.9690721649484535,,4.7,12.65,11.15,107.2,44.9,3.72,67.08
EV181,05/04/2022,3,103.872000000003,7.133333333333333,8.416666666666666,15.55,93,66,45,195.7,69.6475409836066,77287.752,77391.624,93,66,0.45873526259378344,,10.4,30,2.5,254.9,102.1,16.86653005464481,72.41
EV181,05/05/2022,10,47.2480000000069,0.2,0.23333333333333334,0.43333333333333335,66,91,17,,66.0338461538462,77391.624,77438.872,92,52,0.46153846153846156,,,,,,,4.712017094017094,71.32
EV181,05/06/2022,4,147,9.9,4.5166666666666675,14.416666666666668,92,91,62,305.95,66.1229219143577,77438.872,77585.872,92,56,0.6867052023121387,,8.9,30.95,77.4,309.5,120.8,11.694571788413098,75.25
EV181,05/07/2022,4,0.504000000000815,2.3333333333333335,4.5,6.833333333333334,91,90,1,7.75,76.1219512195122,77585.872,77586.376,92,90,0.3414634146341463,,0.45,4.1,2.6,0.6,0,0.36378048780487804,14.79
EV181,05/08/2022,3,142.375999999989,7.05,4.416666666666666,11.466666666666667,90,89,53,184.15,66.5114808652246,77586.376,77728.752,91,69,0.6148255813953488,,8.2,17.95,4.1,251.5,97.6,14.609833610648918,96.96
EV181,05/09/2022,4,242.248000000007,11.766666666666666,4.533333333333333,16.3,89,56,94,447.45,65.391724137931,77729.128,77971,90,56,0.7218813905930469,,30.15,48.15,40.75,553.4,225,10.56127300613497,98.46
EV181,05/10/2022,6,47.127999999997,10.666666666666668,0.2833333333333332,10.950000000000001,56,90,22,86.8000000000001,72.6164705882353,77971.128,78018.128,91,40,0.9741248097412482,,11.1,12.5,0,108.3,45.1,5.3222309197651665,68.89
EV181,05/11/2022,3,143.872000000003,9.149999999999999,4.533333333333333,13.683333333333332,90,90,56,249.05,71.3370328425821,78018.248,78162,92,59,0.6686967113276492,,15.2,27.05,0,345.4,138.6,9.514897959183674,107.91
EV181,05/12/2022,3,90.6239999999962,9.766666666666666,4.616666666666667,14.383333333333333,89,64,45,183.55,77.2498327759197,78162,78252.624,91,64,0.6790266512166859,,22.25,19.2,0,228.7,86.6,8.968779264214048,76.6
EV181,05/13/2022,3,143.872000000003,5.1,7.666666666666666,12.766666666666666,64,62,87,290.65,79.1994955863808,78252.624,78396.496,91,39,0.39947780678851175,,37.3,26.05,0,364.7,137.4,10.533606557377048,107.17
EV181,05/14/2022,3,197.127999999997,12.9,4.033333333333334,16.933333333333334,62,65,97,326.3,71.9669309173273,78396.624,78593.624,92,41,0.7618110236220472,,22.95,29.75,0,445.8,172.2,12.938233970753656,107.25
EV181,05/15/2022,2,143.752000000008,12.766666666666667,4.199999999999998,16.96666666666667,62,90,47,241.25,70.6124137931035,78593.624,78737.376,93,61,0.7524557956777995,,12.8,46,8.65,282.7,108.9,6.536768525592055,107.55
EV181,05/16/2022,4,145.872000000003,10.466666666666667,4.4833333333333325,14.95,90,90,64,265.65,66.8027713625866,78737.376,78883.248,92,67,0.7001114827201784,,13.65,23.4,0,371.9,143.3,10.193321799307958,83.21
EV181,05/17/2022,4,116.255999999994,7.366666666666667,4.866666666666667,12.233333333333334,89,66,43,193.95,71.364192139738,78883.248,78999.504,92,66,0.6021798365122616,,20.55,20.1,0,268.3,115,9.849461426491994,69.71
EV181,05/18/2022,5,175.368000000002,12.05,4.416666666666667,16.46666666666667,66,90,86,322.6,68.2370449678801,78999.504,79174.872,91,50,0.7317813765182186,,17.6,30,25.4,426.1,176.5,11.442566844919787,106.3
EV181,05/19/2022,6,91.7519999999931,6.266666666666667,3.3666666666666663,9.633333333333333,89,66,36,162.1,69.6484490398818,79175.128,79266.624,92,66,0.6505190311418685,,13.7,18.65,7.45,212.8,90.5,8.065007385524373,67.21
EV181,05/20/2022,3,148.127999999997,9.483333333333333,4.6499999999999995,14.133333333333333,66,90,65,308.15,61.0065909090909,79266.752,79414.752,92,62,0.6709905660377358,,12.05,26.15,62.45,350,142.5,9.997872582480092,91.68
EV181,05/21/2022,4,147.624000000011,9.533333333333333,4.883333333333333,14.416666666666668,89,90,54,257.7,57.2294759825328,79414.752,79562.376,92,66,0.6612716763005779,,9.4,23.55,39.35,328.1,142.7,8.934609460946094,105.48
EV181,05/22/2022,2,145,13.983333333333334,4.133333333333333,18.116666666666667,88,91,53,277.3,57.8567788898999,79562.376,79707.376,92,73,0.7718491260349586,,10.25,29.25,60.2,283.5,105.9,7.696675774134791,101.58
EV181,05/23/2022,4,144.375999999989,6.283333333333333,4.383333333333334,10.666666666666666,91,89,59,282.2,61.2710467706013,79707.376,79851.752,93,64,0.5890625,,12.05,24.95,24.6,361.3,140.7,9.568327759197324,107.09
EV181,05/24/2022,4,92.1200000000099,10.233333333333333,0.20000000000000046,10.433333333333334,,,,,71.0884210526316,79851.752,79943.872,,,0.9808306709265174,,,,,,,8.335593984962406,65.75
EV181,05/25/2022,4,197.751999999993,5.75,4.366666666666666,10.116666666666665,70,90,109,413.7,57.1490234375,79944.128,80141.624,91,44,0.5683690280065898,,16.4,31.15,51.45,508.4,193.7,11.65447572815534,107.01
EV181,05/26/2022,3,145.376000000004,5.716666666666667,4.499999999999999,10.216666666666667,90,90,66,321,54.8118226600985,80141.624,80287,90,61,0.5595432300163132,,10,22.4,73.2,359,143.6,14.244754098360655,86.78
EV181,05/27/2022,4,145.495999999999,4.45,5.3,9.75,90,90,55,259.05,63.5140381282496,80287,80432.496,90,68,0.45641025641025645,,14.05,18.9,21.9,347.5,143.3,13.971388888888889,83.28
EV181,05/28/2022,3,147.376000000004,7.183333333333334,4.966666666666666,12.15,90,90,50,235.35,73.7874809160305,80432.496,80579.872,90,75,0.5912208504801097,,22.45,21.7,0,315,123.8,12.729451219512194,65.65
EV181,05/29/2022,3,144.376000000004,9.533333333333333,4.233333333333333,13.766666666666667,90,89,46,210,70.9668341708543,80579.872,80724.248,91,76,0.6924939467312348,,11.15,22.7,6.75,274.4,105,10.521896984924624,106.4
EV181,05/30/2022,4,147.255999999994,8.333333333333332,4.183333333333333,12.516666666666666,89,78,55,255.1,70.7567567567568,80724.248,80871.504,90,74,0.6657789613848202,,16.5,17.5,0,346.5,125.4,15.66436036036036,76.01
EV181,05/31/2022,4,144.368000000002,12.033333333333333,4.333333333333334,16.366666666666667,77,90,60,282.25,68.8745652173913,80871.624,81015.872,91,53,0.7352342158859471,,14.9,24,9.75,386,152.4,9.422960954446854,108.34
EV181,06/01/2022,4,1.25599999999395,0.06666666666666667,0.18333333333333335,0.25,,,,,66.8123167155425,81016,81017.128,,,0.26666666666666666,,,,,,,0.21085043988269794,17.85
EV181,06/02/2022,4,115.368000000002,13.65,9.25,22.9,91,71,47,207.05,78.0347826086957,81017.128,81132.496,91,68,0.5960698689956332,,30.25,18.15,7.15,261.6,110.1,16.735855421686747,69.76
EV181,06/03/2022,3,174.255999999994,1.5333333333333334,0.1333333333333333,1.6666666666666667,,,,,67.046138996139,81132.496,81306.752,,,0.92,,,,,,,9.9598649951784,106.48
EV181,06/04/2022,3,147.624000000011,7.083333333333333,4.499999999999999,11.583333333333332,89,74,53,238.4,70.8131958762887,81306.752,81454.376,89,74,0.6115107913669066,,19.35,18.25,0,337.7,136.9,18.205360824742268,65.14
EV181,06/05/2022,2,144.495999999999,14.566666666666666,4.083333333333333,18.650000000000002,73,91,45,201.55,66.1982938388626,81454.496,81598.872,92,73,0.7810545129579981,,9.3,21.85,0,278.8,108.4,8.38686964795433,105.48
EV181,06/06/2022,4,143.751999999993,5.283333333333333,4.35,9.633333333333333,91,90,56,256.05,69.3940968122786,81598.872,81742.624,92,63,0.5484429065743944,,14.6,23.95,12.2,348.3,143,10.635941176470588,107.19
EV181,06/07/2022,3,114.880000000005,4.666666666666667,4.766666666666667,9.433333333333334,89,54,47,209.65,70.9735294117647,81742.624,81857.504,89,54,0.49469964664310956,,12.25,13.85,0.45,309,125.9,16.767487804878048,79.02
EV181,06/08/2022,5,93.3680000000022,11.916666666666666,2.25,14.166666666666666,54,75,37,158.3,71.1055793991416,81857.504,81950.872,85,40,0.8411764705882353,,17.8,17.9,0,210.3,87.7,6.902011412268188,85.04
EV181,06/09/2022,2,144.127999999997,5.266666666666667,4.25,9.516666666666667,80,90,60,268.8,70.4952158693116,81950.872,82095,91,56,0.553415061295972,,21.55,24.3,10.05,360.5,147.6,9.842365967365968,106.99
EV181,06/10/2022,5,144.376000000004,4.916666666666667,4.166666666666666,9.083333333333334,89,90,57,264.7,75.5914498141264,82095,82239.376,90,62,0.5412844036697247,,22.75,19.05,0,369.1,146.2,16.657193308550188,107.37
EV181,06/11/2022,2,147.623999999996,8.283333333333333,4.516666666666667,12.799999999999999,89,90,56,254,76.0625538020086,82239.376,82387,90,68,0.6471354166666667,,25.9,21.3,0,345,138.2,13.32206008583691,76.34
EV181,06/12/2022,2,141.872000000003,12.966666666666667,3.9666666666666672,16.933333333333334,90,91,47,229.8,71.7921472392638,82387,82528.872,91,70,0.765748031496063,,12.25,36.95,9.1,282.5,111,10.489914110429448,105.58
EV181,06/13/2022,4,147.376000000004,13.066666666666666,5.716666666666668,18.783333333333335,91,77,58,273.9,74.2323590814196,82528.872,82676.248,92,71,0.6956521739130435,,25.8,27.5,17.5,342.7,139.6,9.432798353909465,106.15
EV181,06/14/2022,4,174.751999999993,4.916666666666667,4.416666666666666,9.333333333333332,77,90,84,318.5,80.864322647363,82676.248,82851,92,62,0.5267857142857144,,53.3,31.5,0.4,394.5,161.2,11.208628865979382,107.01
EV181,06/15/2022,2,143.248000000007,4.5,4.383333333333333,8.883333333333335,89,90,48,229.7,73.5981024667932,82851,82994.248,90,66,0.5065666041275797,,21.9,19,0,320.2,131.4,15.80686679174484,108.03
EV181,06/16/2022,6,115.87999999999,3.833333333333333,4.999999999999999,8.833333333333334,90,63,48,219.2,80.6755555555556,82994.248,83110.128,90,62,0.43396226415094336,,37.6,19.5,0,289.4,127.3,17.525812807881774,66.47
EV181,06/17/2022,6,61.3760000000038,4.55,1.3333333333333333,5.883333333333334,,,,,80.0643326039387,83110.128,83171.504,,,0.7733711048158639,,,,,,,7.636271551724138,69.55
EV181,06/18/2022,6,0.99199999999837,0.03333333333333333,0.11666666666666667,0.15,90,89,1,1.9,74.4,83171.504,83172.496,90,89,0.22222222222222224,,0.35,0.25,0,1.5,0.2,6.677777777777778,16.48
EV181,06/19/2022,2,118.631999999998,12.1,4.7666666666666675,16.866666666666667,89,51,53,246.6,92.4631868131868,83172.624,83291.128,90,51,0.717391304347826,,65.2,31.7,0,238.4,88.7,18.53994520547945,107.09
EV181,06/20/2022,3,127.744000000006,14.833333333333332,5.016666666666667,19.849999999999998,50,55,102,325.8,89.8355644355644,83291.624,83418.872,91,32,0.7472712006717045,,92.1,49.7,0,309.7,125.7,7.358008008008008,69.55
EV181,06/21/2022,2,145.87999999999,5.3,4.833333333333333,10.133333333333335,56,63,173,1111,86.8324232081911,83418.872,83564.752,94,42,0.5230263157894736,,244.55,86.75,0,1086.5,306.8,7.177911338448423,72.05
EV181,06/22/2022,4,161.376000000004,11.983333333333333,4.816666666666667,16.8,63,60,139,246.25,82.2858851674641,83564.872,83726.128,93,40,0.7132936507936507,,64.85,54,0,401.6,274.2,12.01814201183432,69.53
EV181,06/24/2022,2,144.623999999996,5.85,0.08333333333333327,5.933333333333333,,,,,83.1592079207921,83901.248,84045.872,,,0.9859550561797753,,,,,,,8.945732673267326,106.86
EV181,06/25/2022,3,143.751999999993,13.433333333333332,4.233333333333333,17.666666666666664,89,75,49,234.65,78.9498136645963,84045.872,84189.624,93,74,0.7603773584905661,,26.45,25.1,0,303.5,120.4,10.888906832298137,100.15
EV181,06/26/2022,2,121.127999999997,13.783333333333331,4.416666666666668,18.200000000000003,72,60,45,217.4,72.4202294056309,84189.624,84310.752,95,60,0.7573260073260071,,25.5,25.3,0,271.9,105.3,7.4780813347236705,107.4
EV181,06/27/2022,2,127,14.433333333333334,4.949999999999999,19.383333333333333,60,59,63,247.7,78.4859287054409,84311.504,84437.752,93,42,0.7446259673258814,,44.4,28.5,0,295.2,120.4,7.051802816901408,71.47
EV181,06/28/2022,2,141.624000000011,14.683333333333334,4.266666666666666,18.950000000000003,60,61,66,306.15,78.5122398001665,84437.752,84579.376,94,44,0.7748460861917326,,61.4,35.35,0,342.8,133.4,7.579824561403509,70.12
EV181,06/29/2022,3,124.127999999997,8.9,5.516666666666667,14.416666666666668,61,66,69,283.5,78.5630340017437,84579.376,84703.504,92,50,0.6173410404624278,,68.35,47.55,0,285.9,118.3,6.252325783972125,67.51
EV181,06/30/2022,3,144,10.116666666666667,4.35,14.466666666666667,66,65,72,299.4,87.0921086675291,84703.752,84847.504,92,46,0.6993087557603687,,62.1,31.9,0,335.2,129.8,11.084819587628866,106.66
EV181,07/02/2022,1,31.872000000003,0,0.016666666666666666,0.016666666666666666,44,96,48,,76.6309623430962,85015.504,85047.376,96,23,0,,,,,,,1.5768284518828453,63.74
EV181,07/03/2022,2,142.127999999997,4.266666666666667,4.0166666666666675,8.283333333333335,95,82,51,238.75,71.6929752066116,85047.376,85189.504,95,72,0.5150905432595573,,20.3,18.65,0,311.7,111.9,17.177530864197532,101.63
EV181,07/04/2022,5,0.623999999996158,3.716666666666667,0.15000000000000002,3.866666666666667,80,91,2,9.45,77.0391304347826,85189.504,85190.128,92,80,0.9612068965517241,,0.35,8.4,0,0.7,0,0.1852608695652174,12.29
EV181,07/05/2022,6,1,0.45,0.15,0.6,91,90,1,1.8,78.575,85190.128,85191.128,91,90,0.75,,0.35,0.35,0,1.1,0,8.895,16.48
EV181,07/06/2022,5,1.1200000000099,0.2,0.23333333333333334,0.4333333333333333,90,88,3,8,78.575,85191.248,85192.248,90,88,0.4615384615384616,,3.85,3.25,0,1.1,0.2,1.8815,19.03
EV181,07/07/2022,4,1,11.916666666666668,0.18333333333333243,12.1,88,88,1,2.7,73.8909090909091,85192.376,85193.248,88,87,0.984848484848485,,0.4,1.6,0,1.2,0.5,1.5327272727272727,15.38
EV181,07/08/2022,3,116.503999999986,8.8,5.033333333333334,13.833333333333334,87,60,89,228.4,83.2051329055912,85193.376,85309.752,95,60,0.636144578313253,,44.3,35.5,0,260.8,112.2,6.280778388278388,64.76
EV181,07/09/2022,3,32,0.11666666666666667,0.09999999999999998,0.21666666666666665,59,90,13,,83.7953161592506,85309.752,85341.752,90,43,0.5384615384615385,,,,,,,4.509063231850117,58.2
EV181,07/10/2022,2,143.248000000007,4.283333333333333,4.283333333333333,8.566666666666666,90,90,47,227,76.649710982659,85341.872,85485,90,76,0.5,,27.4,18.85,0.35,300.5,120.1,16.39028790786948,108.03
EV181,07/11/2022,4,146.376000000004,11.466666666666667,4.6000000000000005,16.066666666666666,90,90,58,262.65,81.7027027027027,85485,85631.376,90,59,0.7136929460580913,,45.95,25.6,0,337.3,146.2,13.657811094452773,71.6
EV181,07/12/2022,3,145.375999999989,10.983333333333334,4.199999999999999,15.183333333333334,89,90,67,279.55,76.5373831775701,85631.376,85776.752,92,64,0.7233809001097695,,31.15,28.25,5.45,357.2,142.5,10.017242990654205,107.09
EV181,07/13/2022,3,101.872000000003,9.483333333333333,4.833333333333333,14.316666666666666,89,58,46,230.55,78.9911047345768,85776.752,85878.624,92,58,0.6623981373690337,,43.4,34.85,0,245.5,93.2,8.767822349570201,69.02
EV181,07/14/2022,3,160.752000000008,3.4833333333333334,5.033333333333334,8.516666666666667,58,58,98,300.85,79.6248306997743,85878.752,86039.376,92,54,0.4090019569471624,,59.6,35.95,0,357.5,152.2,10.2504396843292,62.03
EV181,07/16/2022,2,174.376000000004,8.316666666666666,0.06666666666666687,8.383333333333333,,,,,83.6497502497503,86187,86361.376,,,0.9920477137176938,,,,,,,10.67847,106.45
EV181,07/17/2022,1,142.751999999993,19.933333333333334,3.8833333333333333,23.81666666666667,86,91,66,307,82.5458693941778,86361.376,86504.128,93,73,0.8369489153254023,,57.9,39.4,0,326.8,117.1,6.49794466403162,106.89
EV181,07/18/2022,4,34.872000000003,10.966666666666667,1.0833333333333335,12.05,91,90,22,144,84.9181632653061,86504.128,86539,94,72,0.9100968188105117,,42,29.6,0,101.9,29.5,1.9114651639344262,69.76
EV181,07/19/2022,4,148,5.783333333333333,4.233333333333333,10.016666666666667,90,90,80,310.7,87.0967532467533,86539,86687,91,55,0.5773710482529117,,55.1,31.1,0,362.6,138.1,9.206684723726978,106.6
EV181,07/20/2022,5,72.2480000000069,2.0666666666666664,2.6499999999999995,4.716666666666667,90,57,37,174.65,86.5744680851064,86687,86759.248,90,57,0.43816254416961126,,43.8,19.85,0,183.2,72.2,14.225664335664336,69.3
EV181,07/21/2022,5,1.8799999999901,5.766666666666667,0.28333333333333327,6.05,54,90,3,11.65,82.7864406779661,86759.376,86761.128,91,53,0.953168044077135,,2.4,6.8,0.25,3.2,1,0.24146892655367233,19.8
EV181,07/22/2022,4,102.872000000003,6.05,4.883333333333333,10.933333333333334,90,46,51,234.2,87.8551724137931,86761.376,86864,90,46,0.5533536585365854,,64.85,30.85,4,238.9,104.4,11.92206500956023,69.5
EV181,07/23/2022,3,164,16.233333333333334,4.066666666666666,20.3,46,73,69,301.95,79.6762114537445,86864,87028,92,23,0.7996715927750411,,40.95,32.8,0,385.8,157.6,9.663184296619411,107.01
EV181,07/24/2022,2,167.872000000003,17.866666666666667,4.25,22.116666666666667,73,91,61,274.1,75.8805816937553,87028.376,87195.872,93,68,0.8078372268274303,,36.65,37.25,0,331.4,131.2,8.354414029084689,107.8
EV181,07/26/2022,1,146.751999999993,0.06666666666666667,0.08333333333333333,0.15,,,,,74.2110749185668,87341.248,87488,,,0.4444444444444445,,,,,,,9.300401301518438,85.48
EV181,07/27/2022,5,1.75199999999313,7.316666666666667,0.24999999999999994,7.566666666666667,89,91,1,6.4,77.9391304347826,87488,87489.752,91,87,0.9669603524229075,,2.05,2.75,0,2.7,1.1,1.0635652173913044,34.26
EV181,07/28/2022,5,144.376000000004,10.816666666666666,4.699999999999999,15.516666666666667,90,90,57,248,72.4249187432286,87489.752,87634.128,93,62,0.6970998925886144,,20.45,25.1,0.65,352,150.2,9.22860238353196,107.93
EV181,07/29/2022,4,146.248000000007,11.05,4.566666666666666,15.616666666666667,89,90,61,249.45,69.7217391304348,87634.128,87780.376,92,73,0.7075773745997865,,21,25.65,0,344.3,141.5,9.171442205726406,80.6
EV181,07/30/2022,5,144.375999999989,6.833333333333333,4.416666666666666,11.25,88,91,50,225.55,75.4361251261352,87780.496,87924.752,92,62,0.6074074074074074,,25.8,41.35,0,270.6,112.2,8.537617617617618,104.44
EV181,07/31/2022,2,1,2.2333333333333334,0.03333333333333327,2.2666666666666666,90,87,3,15.2,79.708256880734,87924.872,87925.752,90,87,0.9852941176470589,,8.1,6.3,0,0.9,0.1,0.40214285714285714,15.97
EV181,08/01/2022,3,0,0.06666666666666667,0.06666666666666667,0.13333333333333333,87,86,1,3.55,77.1125,87925.752,87925.752,87,86,0.5,,2.3,1.25,0,0,0,0,0
EV181,08/02/2022,4,0.120000000009895,18.583333333333332,0.10000000000000264,18.683333333333334,,,,,77.6,87925.752,87925.872,,,0.9946476360392505,,,,,,,4.218571428571429,20.87
EV181,08/03/2022,2,0.623999999996158,2.85,0.03333333333333327,2.8833333333333333,,,,,83.4306451612903,87926,87926.496,,,0.9884393063583815,,,,,,,0.01268421052631579,9.59
EV181,08/04/2022,2,0.504000000000815,0.016666666666666666,0.08333333333333333,0.09999999999999999,,,,,76.9275862068965,87926.496,87927,,,0.16666666666666669,,,,,,,0.16127551020408162,13.87
EV181,08/07/2022,3,0.127999999996973,0.016666666666666666,0.03333333333333333,0.05,,,,,75.2,87927.128,87927.128,,,0.3333333333333333,,,,,,,0,0
EV181,08/08/2022,2,0.623999999996158,0.11666666666666667,0.09999999999999998,0.21666666666666665,,,,,64.4,87927.128,87927.752,,,0.5384615384615385,,,,,,,2.010625,13.95
EV181,08/09/2022,1,0,0,0.03333333333333333,0.03333333333333333,98,98,0,0.1,75.2,87927.752,87927.752,98,98,0,,0.05,0.05,0,0,0,4.36,4.36
EV181,08/10/2022,1,0,0.016666666666666666,0,0.016666666666666666,98,98,0,0.05,78.8,87927.752,87927.752,98,98,1,,0,0.05,0,0,0,0,0
EV181,08/11/2022,3,0.496000000013737,0.06666666666666667,0.13333333333333333,0.2,,,,,73.76,87927.752,87928.248,,,0.3333333333333333,,,,,,,1.63,10.43
EV181,08/12/2022,5,32.2479999999923,5.5,1.1333333333333333,6.633333333333333,98,85,11,50.25,67.5881355932203,87928.496,87960.496,98,85,0.8291457286432161,,2,6.15,0,44.7,2.6,15.020236220472441,90.43
EV181,08/13/2022,1,0.631999999997788,7.183333333333334,0.1333333333333333,7.316666666666666,85,93,5,10.15,72.5127358490566,87960.496,87961.128,94,85,0.9817767653758542,,0.3,9.25,0,0.6,0,0.08804245283018867,15.07
EV181,08/14/2022,2,144,15.283333333333333,4.083333333333333,19.366666666666667,94,57,68,256.2,65.0894088669951,87961.128,88105.128,95,30,0.789156626506024,,13.2,22.55,14.55,318.5,112.6,10.521151960784314,106.5
EV181,08/15/2022,3,0.495999999999185,0.23333333333333334,0.11666666666666665,0.35,58,92,4,,73.5172093023256,88105.128,88105.624,93,58,0.6666666666666667,,,,,,,0.0356437125748503,5.78
EV181,08/16/2022,4,0.127999999996973,2.1333333333333333,0.1833333333333335,2.316666666666667,,,,,71.4883720930233,88105.624,88105.752,,,0.9208633093525179,,,,,,,0.10066176470588235,10.05
EV181,08/17/2022,2,0,0,0.05,0.05,91,91,0,0.05,78.8,88105.752,88105.752,91,91,0,,0,0.05,0,0,0,3.44,3.44
EV181,08/18/2022,2,0.744000000006054,0.3333333333333333,0.06666666666666668,0.4,,,,,77.1384615384615,88105.752,88106.496,,,0.8333333333333333,,,,,,,3.1369230769230767,13.92
EV181,08/19/2022,1,0,0.016666666666666666,0.016666666666666666,0.03333333333333333,91,91,0,,75.2,88106.496,88106.496,91,91,0.5,,,,,,,0.5836363636363636,6.42
EV181,08/22/2022,2,0.376000000003842,0.18333333333333335,0.08333333333333333,0.26666666666666666,,,,,71.8571428571428,88106.496,88106.872,,,0.6875000000000001,,,,,,,5.835714285714286,12.88
EV181,08/23/2022,3,0.255999999993946,0.08333333333333333,0.05000000000000001,0.13333333333333333,,,,,77.3,88107.128,88107.128,,,0.625,,,,,,,0.3925,4.71
EV181,08/24/2022,3,0,0.016666666666666666,0.05,0.06666666666666667,90,90,0,0,78.8,88107.128,88107.128,90,90,0.25,,0,0,0,0,0,0,0
EV181,08/25/2022,3,0.495999999999185,0.15,0.1,0.25,90,89,1,1.1,69.125,88107.128,88107.624,90,89,0.6,,0.25,0.65,0,0.3,0.1,4.9225,10.56
EV181,08/26/2022,1,0,0,0.016666666666666666,0.016666666666666666,89,89,0,,76.7428571428571,88107.624,88107.624,89,89,0,,,,,,,0,0
EV181,08/27/2022,1,0,0.016666666666666666,0,0.016666666666666666,89,89,0,0.05,73.4,88107.624,88107.624,89,89,1,,0,0.05,0,0,0,0,0
EV181,08/29/2022,1,0,0.03333333333333333,0.01666666666666667,0.05,89,89,0,0.85,75.2,88107.624,88107.624,89,89,0.6666666666666666,,0.15,0.7,0,0,0,1.332857142857143,9.33
EV181,08/30/2022,3,0.127999999996973,0.9,0.05000000000000006,0.9500000000000001,89,88,1,3.55,68.5294117647059,88107.752,88107.752,89,88,0.9473684210526315,,0.15,3.5,0,0,0.1,0,0
EV181,08/31/2022,3,0.248000000006869,0.16666666666666666,0.06666666666666667,0.23333333333333334,,,,,76.775,88107.752,88108,,,0.7142857142857142,,,,,,,0.7416666666666667,9.74
EV181,09/01/2022,3,21,0.3333333333333333,0.45,0.7833333333333333,87,80,7,,80.2478260869565,88108,88129,88,80,0.425531914893617,,,,,,,26.12,95.96
EV181,09/02/2022,3,0.248000000006869,0.8166666666666667,0.0833333333333334,0.9,80,79,1,3.05,84.8923076923077,88129,88129.248,80,79,0.9074074074074073,,0.25,2.6,0,0.3,0.1,0.11097560975609756,9.1
EV181,09/06/2022,1,0.37599999998929,0.15,0.08333333333333334,0.23333333333333334,79,78,1,1.45,96.4142857142857,88129.248,88129.624,79,78,0.6428571428571428,,0.5,0.45,0,0.6,0.1,1.6735714285714285,12.62
EV181,09/08/2022,4,22.872000000003,1.5333333333333334,0.7333333333333334,2.2666666666666666,79,70,8,36.85,78.7314285714286,88129.624,88152.496,79,70,0.6764705882352942,,9.15,6,0,27.2,5.5,13.319245283018867,102.27
EV181,09/09/2022,1,60.3760000000038,13.466666666666667,4.85,18.316666666666666,,,,,67.6021390374332,88152.496,88212.872,,,0.7352138307552321,,,,,,,5.968484848484849,70.47
EV181,09/10/2022,3,235.87999999999,7.633333333333333,5.316666666666666,12.95,69,63,84,386.55,68.3476861167002,88213.128,88448.752,91,48,0.5894465894465895,,29.75,33.3,21.3,542,239.8,14.587223340040241,106.78
EV181,09/11/2022,2,146.872000000003,8.783333333333333,5.383333333333334,14.166666666666666,63,57,63,257.55,72.69826435247,88449.128,88595.624,92,56,0.62,,28.05,25.7,0,345.1,141.3,11.785499334221038,71.52
EV181,09/12/2022,2,175,10.066666666666666,9.45,19.516666666666666,57,90,70,308.35,67.4313231323132,88596.376,88770.624,92,48,0.515798462852263,,21.7,30.75,12.9,399.6,156.6,9.275179856115107,70.91
EV181,09/14/2022,1,193.751999999993,3.566666666666667,4.583333333333334,8.15,64,91,87,396.85,71.3325622775801,89035.872,89228.752,91,42,0.4376278118609407,,26.1,31.3,16.15,534.1,210.8,10.20635231316726,105.64
EV181,09/15/2022,5,214.12000000001,11.833333333333334,4.950000000000002,16.783333333333335,90,67,94,427.9,74.0236842105263,89228.752,89442.872,91,60,0.7050645481628599,,44.2,39.6,40.7,536.7,233.3,13.329847161572053,107.32
EV181,09/16/2022,5,205.376000000004,8.116666666666667,5.300000000000001,13.416666666666668,67,58,96,381.95,75.7509032943677,89443.128,89648.248,91,35,0.6049689440993788,,43.35,36.6,0,529.3,227.3,12.90425238600212,107.52
EV181,09/17/2022,2,189.375999999989,10.3,4.866666666666667,15.166666666666668,58,67,73,330.9,76.5824,89648.496,89837.624,90,38,0.6791208791208792,,46.1,35.65,5.65,451.8,208.3,12.773382857142858,104.51
EV181,09/18/2022,4,156.248000000007,9.333333333333334,8.533333333333333,17.866666666666667,67,90,58,259.35,69.6599369085174,89838.248,89993.872,93,61,0.5223880597014926,,12.9,26,17.15,341.1,137.8,9.437794117647059,106.48
EV181,09/19/2022,2,,10.683333333333334,9.216666666666665,19.9,,,,,67.5131375579598,,,,,0.5368509212730319,,,,,,,14.111495759444873,107.35
EV181,09/20/2022,5,261.12000000001,11.616666666666667,5.1,16.71666666666667,90,56,116,546.4,79.4244897959184,90299.752,90560.872,91,47,0.6949152542372881,,88.4,49.95,23.75,668.3,284,15.569427740058195,107.35
EV181,09/21/2022,3,156.87999999999,7.883333333333333,5.116666666666667,13,56,74,66,282.8,73.610447761194,90561.128,90717.752,91,30,0.6064102564102564,,29.15,28.65,0,386.5,161.5,12.322412935323383,73.76
EV181,09/22/2022,4,85.7520000000077,3.9833333333333334,1.7833333333333334,5.766666666666667,74,90,36,126.9,64.4,90718.128,90803.504,91,62,0.6907514450867053,,7.45,18.8,7.75,161.5,68.6,7.145245901639345,59.09
EV181,09/23/2022,4,112.247999999992,11.533333333333335,5.383333333333335,16.916666666666668,91,64,50,232,57.2629032258065,90803.504,90915.752,91,60,0.6817733990147784,,9.05,15.8,32.65,305.5,131,17.724408602150536,83.44
EV181,09/24/2022,2,194,14.666666666666666,5.033333333333334,19.7,64,64,74,335.35,65.0384401114206,90916.376,91109.752,92,38,0.7445008460236887,,20.2,42,11.15,474.4,212.4,10.88058495821727,75.55
EV181,09/25/2022,1,9,0.016666666666666666,0.016666666666666666,0.03333333333333333,64,94,7,,67.0347469220246,91110.624,91118.752,94,57,0.5,,,,,,,0.6411354309165527,39.06
EV181,09/26/2022,4,156.624000000011,11.966666666666667,4.966666666666666,16.933333333333334,93,90,92,309.85,59.781612446959,91118.752,91275.376,93,38,0.7066929133858267,,12,24.85,70,346.4,143.4,12.77855728429986,70.04
EV181,09/27/2022,3,133.751999999993,8.566666666666666,4.466666666666667,13.033333333333333,89,72,59,259.95,61.5317280453258,91275.376,91409.128,92,66,0.6572890025575447,,12.45,21.8,19.6,341.6,135.5,12.179631728045326,105.74
EV181,09/28/2022,2,172.495999999999,7.166666666666667,5.033333333333332,12.2,73,90,70,325.75,58.9636363636364,91409.128,91581.624,90,44,0.5874316939890711,,13.6,31.15,67.3,357.5,143.8,9.39196510560147,106.5
EV181,09/29/2022,4,159.248000000007,5.666666666666667,4.9,10.566666666666666,89,86,67,307.35,58.3766990291262,91581.624,91740.872,89,51,0.5362776025236593,,12.6,23.15,50.9,367.6,146.9,15.101375404530744,108.06
EV181,09/30/2022,3,157,10.25,4.116666666666666,14.366666666666667,90,84,78,359.15,62.1158054711246,91740.872,91897.872,90,37,0.7134570765661252,,12.2,22.75,58.6,422.6,157,14.464103343465046,107.45
EV181,10/01/2022,2,152.751999999993,11.850000000000001,9.149999999999999,21,84,92,61,264.7,65.6829220138203,91897.872,92050.624,93,74,0.5642857142857144,,11.45,25.25,24.9,335.6,132.5,9.23197433366239,107.4
EV181,10/02/2022,3,153.376000000004,16.383333333333333,4.799999999999999,21.183333333333334,92,92,82,253.25,63.8007566204287,92050.624,92204,92,59,0.7734067663257277,,12.55,21.85,22.05,337.7,140.9,11.604282115869017,94.87
EV181,10/03/2022,2,261.504000000001,8.333333333333332,5.316666666666666,13.649999999999999,92,52,102,418.6,68.8034214618974,92204,92465.504,92,48,0.6105006105006104,,40,40.5,0,567.8,229.7,12.428321678321678,105.41
EV181,10/04/2022,4,204.119999999995,10.15,4.7333333333333325,14.883333333333333,52,90,74,336.75,68.6528756957328,92466,92669.624,91,26,0.6819708846584547,,27.5,36.65,0,460.3,187.7,11.149138090824838,73.94
EV181,10/05/2022,3,151.127999999997,9.433333333333334,8.683333333333334,18.116666666666667,89,90,72,330.55,68.3801369863014,92669.624,92820.752,92,38,0.5206991720331187,,16.75,21.4,14.8,445,167.4,10.148264840182648,106.73
EV181,10/06/2022,4,151.872000000003,8.883333333333333,4.699999999999999,13.583333333333332,90,92,59,284.35,63.0738007380074,92820.872,92972.624,92,64,0.6539877300613497,,13.4,24.75,51.3,348.9,154,11.427908979089791,105.64
EV181,10/07/2022,2,152.127999999997,15.066666666666666,4.816666666666666,19.883333333333333,92,92,77,370.85,58.3173496076722,92972.624,93124.752,92,52,0.757753562447611,,11.85,37.45,120.05,351.3,149.8,7.9808282476024415,106.58
EV181,10/08/2022,1,152.248000000007,17.266666666666666,4.283333333333333,21.549999999999997,91,95,72,356,60.108734939759,93124.752,93277,95,50,0.8012374323279197,,12.2,35.6,108.5,349.7,150,6.617447289156626,107.04
EV181,10/09/2022,4,144,5.45,4.733333333333333,10.183333333333334,95,90,55,264.7,59.6887755102041,93277.128,93421,95,70,0.5351882160392799,,11.6,19.9,38.7,315.3,120.8,14.495925297113752,106.17
EV181,10/10/2022,4,144.504000000001,9.566666666666666,4.266666666666667,13.833333333333334,88,90,48,244.55,59.9728873239437,93421,93565.504,90,67,0.6915662650602409,,12.55,20.2,54.7,272,114.9,14.702302284710017,105.89
EV181,10/11/2022,3,271.368000000002,6.116666666666667,6.35,12.466666666666667,90,77,95,526.3,68.323903312444,93565.504,93836.872,92,66,0.49064171122994654,,42.85,44.65,65.5,644.9,271.6,14.403163538873995,107.37
EV181,10/12/2022,6,126.255999999994,15.966666666666667,4.800000000000001,20.766666666666666,,,,,59.5167115902965,93836.872,93963.128,,,0.7688603531300161,,,,,,,10.176064690026955,65.88
EV181,10/13/2022,1,101.623999999996,8.55,4.499999999999999,13.05,,,,,61.7677788369876,93963.752,94064.752,,,0.6551724137931034,,,,,,,5.47556720686368,81.93
EV181,10/14/2022,3,212.496000000014,7.133333333333334,4.683333333333334,11.816666666666666,,,,,51.4056074766355,94064.752,94277.248,,,0.6036671368124119,,,,,,,13.585077881619938,106.3
EV181,10/15/2022,1,144.127999999997,10.75,4.133333333333333,14.883333333333333,,,,,58.7631578947368,94277.248,94421.376,,,0.7222844344904815,,,,,,,12.893099415204679,108.21
EV181,10/16/2022,2,161.375999999989,14.816666666666666,3.833333333333334,18.65,,,,,61.4518407212622,94421.376,94582.752,,,0.7944593386952636,,,,,,,7.350225225225225,107.93
EV181,10/17/2022,5,1.1200000000099,0.03333333333333333,0.2833333333333333,0.31666666666666665,,,,,79.0336842105263,94582.752,94583.872,,,0.10526315789473685,,,,,,,0.2581754385964912,25.18
EV181,10/18/2022,13,2.25599999999395,0.36666666666666664,0.5,0.8666666666666667,,,,,64.58,94583.872,94586.128,,,0.423076923076923,,,,,,,2.7004878048780485,18.29
EV181,10/19/2022,5,59.6239999999962,9.75,5.499999999999999,15.25,,,,,57.4745098039216,94586.128,94645.752,,,0.639344262295082,,,,,,,7.535272331154684,107.19
EV181,10/20/2022,2,144.624000000011,6.183333333333334,0.1999999999999998,6.383333333333333,,,,,55.0692971639951,94645.752,94790.376,,,0.968668407310705,,,,,,,9.822342786683107,106.5
EV181,10/21/2022,3,147.247999999992,8.683333333333334,8.633333333333335,17.316666666666666,,,,,59.7935810810811,94790.376,94937.624,,,0.5014436958614052,,,,,,,14.755675675675676,69.42
EV181,10/22/2022,3,270.504000000001,13.566666666666666,4.066666666666666,17.633333333333333,,,,,65.26203125,94937.624,95208.128,,,0.7693761814744802,,,,,,,12.018453125,107.25
EV181,10/23/2022,5,144.368000000002,8.299999999999999,4.083333333333334,12.383333333333333,,,,,74.2941558441559,95208.128,95352.496,,,0.6702557200538357,,,,,,,13.75672077922078,108.24
EV181,10/24/2022,3,163.504000000001,9.616666666666667,8.583333333333332,18.2,,,,,70.0196037539103,95352.496,95516,,,0.5283882783882784,,,,,,,10.73045881126173,70.27
EV181,10/25/2022,6,271.872000000003,11.833333333333334,4.316666666666666,16.15,,,,,52.9965317919075,95516,95787.872,,,0.7327141382868938,,,,,,,15.225403846153846,107.01
EV181,10/26/2022,2,16.8799999999901,1.2666666666666666,0.04999999999999993,1.3166666666666664,,,,,67.0199152542373,95787.872,95804.752,,,0.9620253164556963,,,,,,,1.7463729508196721,72.39
EV181,10/27/2022,5,64,9.233333333333334,4.616666666666666,13.85,,,,,60.9095057034221,95804.752,95868.752,,,0.6666666666666667,,,,,,,15.463420074349443,77.26
EV181,10/28/2022,2,213.248000000007,3.3333333333333335,4.533333333333333,7.866666666666666,,,,,63.7831775700935,95869.128,96082,,,0.42372881355932207,,,,,,,13.24043613707165,106.99
EV181,10/29/2022,3,18.872000000003,0.05,0.1,0.15,,,,,60.7205882352941,96082.128,96100.872,,,0.33333333333333337,,,,,,,17.097058823529412,63.79
EV181,10/31/2022,1,203.751999999993,13.333333333333332,9.516666666666666,22.85,,,,,61.8706199460916,96100.872,96304.624,,,0.5835156819839532,,,,,,,10.709200359389039,106.73
EV181,11/01/2022,4,150.504000000001,3.6999999999999997,1.7000000000000004,5.400000000000001,,,,,65.1685643564357,96304.752,96455.128,,,0.685185185185185,,,,,,,10.611373762376237,107.27
EV181,11/02/2022,3,20.2480000000069,0.18333333333333335,0.5333333333333334,0.7166666666666667,,,,,65.9573033707865,96455.248,96475.376,,,0.2558139534883721,,,,,,,12.62191011235955,104.62
EV181,11/03/2022,2,0.623999999996158,0.03333333333333333,0.1,0.13333333333333333,,,,,66.7142857142857,96475.504,96476,,,0.25,,,,,,,5.7457142857142856,13.52
EV181,11/04/2022,1,107.504000000001,6.25,4.816666666666667,11.066666666666668,,,,,58.0067857142857,96476,96583.504,,,0.5647590361445782,,,,,,,11.331413427561838,82.41
EV181,11/05/2022,2,180.872000000003,2.75,11.500000000000002,14.25,,,,,54.5155709342561,96583.872,96764.376,,,0.19298245614035087,,,,,,,11.910945790080739,84.07
EV181,11/06/2022,2,151.872000000003,14.05,8.283333333333333,22.333333333333336,,,,,62.0555371900826,96772.248,96916.248,,,0.6291044776119402,,,,,,,7.247407407407407,106.83
EV181,11/07/2022,3,272.87999999999,9.883333333333333,4.866666666666666,14.75,,,,,44.907100591716,96916.248,97189.128,,,0.6700564971751413,,,,,,,15.743444881889763,106.25
EV181,11/08/2022,2,20.1200000000099,1.1666666666666667,0.14999999999999997,1.3166666666666667,,,,,63.0450184501845,97189.376,97209.248,,,0.8860759493670887,,,,,,,2.576311926605505,60.32
EV181,11/09/2022,2,147.375999999989,5.816666666666667,4.666666666666667,10.483333333333334,,,,,63.4225165562914,97209.248,97356.624,,,0.5548489666136726,,,,,,,9.971854304635762,67.72
EV181,11/10/2022,2,144.504000000001,6.433333333333334,3.933333333333333,10.366666666666667,,,,,61.0215736040609,97356.624,97501.128,,,0.6205787781350482,,,,,,,11.102126582278482,105.56
EV181,11/11/2022,1,202.623999999996,10.183333333333334,8.016666666666666,18.2,,,,,43.5462365591398,97501.128,97703.752,,,0.5595238095238095,,,,,,,14.874217443249702,106.81
EV181,11/12/2022,2,213.248000000007,3.1166666666666667,4.066666666666666,7.183333333333333,,,,,44.0061224489796,97703.872,97917,,,0.43387470997679817,,,,,,,14.888548752834467,105.35
EV181,11/14/2022,1,163,0.1,0.08333333333333331,0.18333333333333332,,,,,50.4831758034026,98069.624,98232.128,,,0.5454545454545455,,,,,,,8.665667293233083,105.12
EV181,11/15/2022,1,204.368000000002,9.783333333333333,8.283333333333333,18.066666666666666,,,,,44.8992822966507,98232.128,98436.496,,,0.5415129151291513,,,,,,,14.137464114832536,98.13
EV181,11/16/2022,2,233.008000000002,7.749999999999999,4.566666666666666,12.316666666666666,,,,,49.8961538461539,98436.624,98669.504,,,0.6292286874154261,,,,,,,11.131192307692308,106.27
EV181,11/17/2022,1,106.872000000003,3.3833333333333333,5.4,8.783333333333333,,,,,50.1308641975309,98669.504,98776.376,,,0.38519924098671726,,,,,,,8.175972602739726,67.54
EV181,11/18/2022,2,168.872000000003,13.033333333333333,8.75,21.78333333333333,,,,,36.9859504132231,98776.872,98945.248,,,0.5983167559296099,,,,,,,13.7150826446281,105.28
EV181,11/19/2022,1,163.127999999997,13.833333333333334,0.08333333333333398,13.916666666666668,,,,,46.9401617250674,98945.376,99108.376,,,0.9940119760479041,,,,,,,9.26884995507637,93.98
EV181,11/20/2022,2,63.3759999999893,6.499999999999999,2.0166666666666666,8.516666666666666,,,,,58.070652173913,99108.376,99171.752,,,0.7632093933463796,,,,,,,3.376289592760181,67.21
EV181,11/21/2022,1,147.248000000007,7.1499999999999995,4.566666666666666,11.716666666666667,,,,,50.9913300492611,99171.752,99319,,,0.6102418207681365,,,,,,,8.787396856581532,68.56
EV181,11/22/2022,2,1.12799999999697,3.783333333333333,0.21666666666666673,4,,,,,70.8263829787234,99319,99320.128,,,0.9458333333333333,,,,,,,0.3677872340425532,16.96
EV181,11/23/2022,1,147.495999999999,6.15,4.433333333333334,10.583333333333334,,,,,54.4069640914037,99320.128,99467.624,,,0.5811023622047244,,,,,,,9.906844396082699,64.19
EV181,11/24/2022,1,145,11.366666666666665,8.866666666666667,20.233333333333334,,,,,53.3587385019711,99467.624,99612.624,,,0.5617792421746293,,,,,,,11.231038107752957,107.78
EV181,11/25/2022,2,283.504000000001,11.483333333333334,4.366666666666668,15.850000000000001,,,,,52.9797653958944,99612.624,99896.128,,,0.7245005257623555,,,,,,,12.110439560439561,102.19
EV181,11/26/2022,2,153.872000000003,13.916666666666668,8.616666666666665,22.53333333333333,,,,,61.1394285714286,99896.496,100050,,,0.6176035502958581,,,,,,,7.382416326530612,107.19
EV181,11/27/2022,2,274.248000000007,3.5,4.683333333333333,8.183333333333334,,,,,48.0285714285714,100050,100324.248,,,0.4276985743380855,,,,,,,16.197661050545094,99.26
EV181,11/29/2022,1,116.751999999993,10.866666666666667,0.11666666666666548,10.983333333333333,,,,,60.4073463268366,100487,100603.752,,,0.9893778452200305,,,,,,,5.292938988095238,107.01
EV181,12/01/2022,1,190.504000000001,0.016666666666666666,0.1,0.11666666666666667,,,,,48.8131728045326,100807,100997.504,,,0.14285714285714285,,,,,,,7.867053824362606,108.16
EV181,12/03/2022,1,45,7,4.533333333333333,11.533333333333333,,,,,58.8652482269504,101147.624,101192,,,0.6069364161849711,,,,,,,2.117639653815893,58.51
EV181,12/04/2022,1,145,13.183333333333334,4.449999999999998,17.633333333333333,,,,,44.1985130111524,101192.128,101337,,,0.7476370510396976,,,,,,,7.776747211895911,107.37
EV181,12/05/2022,1,202,9.916666666666666,4.616666666666668,14.533333333333335,,,,,42.9671574178935,101337,101539,,,0.6823394495412843,,,,,,,13.82515288788222,101.91
EV181,12/06/2022,5,86.6239999999962,7.016666666666667,0.28333333333333327,7.3,,,,,49.3967168262654,101539.128,101625.624,,,0.9611872146118722,,,,,,,7.23645945945946,107.45
EV181,12/07/2022,2,84.6240000000107,5.75,3.783333333333333,9.533333333333333,,,,,50.1871186440678,101625.624,101710.248,,,0.6031468531468531,,,,,,,5.746873589164785,63.66
EV181,12/10/2022,1,156.247999999992,7.3999999999999995,6.266666666666667,13.666666666666666,,,,,50.3274809160305,101978.624,102134.624,,,0.5414634146341464,,,,,,,11.417162849872774,105.15
EV181,12/11/2022,3,82.3760000000038,11.933333333333334,3.983333333333333,15.916666666666666,,,,,56.0830892143808,102134.624,102217,,,0.749738219895288,,,,,,,6.934760638297872,106.15
EV181,12/12/2022,2,200.504000000001,10.383333333333333,4.516666666666666,14.9,,,,,46.7251859723698,102217,102417.504,,,0.6968680089485458,,,,,,,12.153789808917198,107.09
EV181,12/13/2022,1,144.872000000003,3.4000000000000004,5.049999999999999,8.45,,,,,47.7080882352941,102417.752,102562.376,,,0.4023668639053255,,,,,,,10.02468137254902,108.14
EV181,12/14/2022,2,138.375999999989,2.3,2.3333333333333335,4.633333333333333,,,,,53.0537313432836,102562.496,102700.752,,,0.49640287769784175,,,,,,,8.011572139303482,97.39
EV181,12/15/2022,1,123.248000000007,11.016666666666667,4.216666666666667,15.233333333333334,,,,,55.3311475409836,102701.376,102824,,,0.7231947483588621,,,,,,,7.676579234972678,103.03
EV181,12/16/2022,2,82.2480000000069,8.566666666666666,2.4833333333333343,11.05,,,,,50.3984375,102824,102906.248,,,0.7752639517345399,,,,,,,4.118480902777778,95.96
EV181,12/17/2022,1,131.503999999986,2.55,13.55,16.1,,,,,43.2430769230769,102906.752,103037.752,,,0.15838509316770183,,,,,,,11.678882681564247,99.84
EV181,12/18/2022,3,145.376000000004,12.766666666666666,4.700000000000001,17.46666666666667,,,,,44.888,103037.872,103183.128,,,0.7309160305343511,,,,,,,7.938936363636364,107.65
EV181,12/19/2022,1,129.368000000002,3.216666666666667,5.4,8.616666666666667,,,,,41.7870292887029,103183.128,103312.496,,,0.3733075435203095,,,,,,,7.813389121338912,62.97
EV181,12/20/2022,1,146.880000000005,0.06666666666666667,0.06666666666666667,0.13333333333333333,,,,,38.5205689277899,103312.624,103459.376,,,0.5,,,,,,,9.095103825136611,80.48
EV181,12/21/2022,3,36.3759999999893,2.6666666666666665,2.4166666666666665,5.083333333333333,92,86,6,103.75,47.1298181818182,103459.872,103495.752,92,86,0.5245901639344263,,4.45,14.65,41.45,59.7,16.5,3.967168784029038,94.84
EV181,12/26/2022,2,49.872000000003,5.699999999999999,5.216666666666667,10.916666666666666,67,74,28,132.35,43.0912621359223,103548.752,103598.624,90,67,0.5221374045801527,,4.25,14.75,50.25,88.2,25.1,9.409258064516129,105.05
EV181,12/27/2022,1,155.248000000007,10.183333333333334,5.433333333333333,15.616666666666667,74,78,78,386.3,33.6807228915663,103599,103753.872,91,65,0.6520811099252934,,12.5,37.25,141.55,296,101,11.037713598074609,90.58
EV181,12/28/2022,2,132.87999999999,2.4000000000000004,1.9833333333333334,4.383333333333334,78,82,88,338.25,47.8523605150215,103753.872,103886.752,92,59,0.5475285171102662,,11.15,34.35,120.75,266.9,94.9,8.197170418006431,103.82
EV181,12/29/2022,2,19.7440000000061,9.966666666666665,5.1499999999999995,15.116666666666667,82,84,32,63.4,62.3234939759036,103887,103906.496,92,76,0.6593164277839029,,2.2,15.3,22.4,32,8.5,1.8149548192771083,106.58
EV181,12/30/2022,1,144.255999999994,3.95,4.116666666666666,8.066666666666666,84,86,73,372.2,44.5669345579793,103906.624,104050.752,92,58,0.48966942148760334,,10.35,41.75,151.2,274.9,106,10.060332950631459,71.67
EV181,01/01/2023,1,198.247999999992,10.933333333333334,4.3,15.233333333333333,90,76,98,498.35,48.7443902439024,104192.496,104390.624,91,52,0.7177242888402626,,14.65,39.15,174.65,428.3,158.4,11.574107317073171,104.16
EV181,01/02/2023,1,156.752000000008,14.166666666666666,4.383333333333333,18.55,76,48,88,492,47.5051961823966,104390.872,104547.376,90,48,0.7637017070979335,,12.75,42.55,207.3,363.2,133.8,10.180318133616119,69.73
EV181,01/03/2023,1,78.6239999999962,0.11666666666666667,0.033333333333333326,0.15,,,,,54.6084090909091,104548.128,104626,,,0.7777777777777778,,,,,,,5.046238636363636,102.6
EV181,01/06/2023,1,139.008000000002,0.016666666666666666,0.06666666666666667,0.08333333333333333,,,,,52.1514345696291,104806.624,104945.504,,,0.2,,,,,,,5.69223233030091,104.31
EV181,01/07/2023,1,141.495999999999,2.75,4.666666666666666,7.416666666666666,67,70,68,341.8,49.649464459591,104945.504,105087,93,58,0.3707865168539326,,10.8,37.05,112.45,283.5,102,8.030389105058365,93.67
EV181,01/08/2023,2,160.872000000003,2.9833333333333334,4.583333333333333,7.566666666666666,70,61,77,383.95,48.9680628272251,105087,105247.872,94,61,0.394273127753304,,12.45,39.85,102.65,383.7,154.7,8.245640802092415,105.92
EV181,01/09/2023,1,113.255999999994,4.216666666666666,4.5166666666666675,8.733333333333334,58,68,63,306.45,55.7140939597315,105247.872,105361.128,94,56,0.48282442748091586,,11.75,31.95,107.05,253.8,98.1,6.3987727708533075,104.95
EV181,01/10/2023,3,142.623999999996,14.916666666666666,4.133333333333333,19.05,67,78,87,405.8,55.3385542168675,105361.128,105503.752,92,45,0.7830271216097987,,12.2,36.6,144.2,334.2,121.4,8.735943775100402,106.83
EV181,01/12/2023,1,122.87999999999,0.05,0.06666666666666667,0.11666666666666667,,,,,53.7618811881188,105587.872,105710.752,,,0.4285714285714286,,,,,,,5.934774034511093,61.54
EV181,01/13/2023,2,142.376000000004,3.1666666666666665,4.2,7.366666666666667,76,76,87,342.45,50.483409715857,105711,105853.128,91,60,0.42986425339366513,,10.15,32.5,101,315.8,117,7.827094408799267,106.15
EV181,01/14/2023,1,96.872000000003,2.6666666666666665,4.683333333333334,7.35,76,74,48,207.5,57.0744580584354,105853.128,105950,91,61,0.36281179138321995,,7,25.1,50,195.6,70.2,5.7073659454374415,103.26
EV181,01/16/2023,2,130.623999999996,3.2166666666666663,4.183333333333333,7.3999999999999995,60,77,112,368.1,57.6451313755796,106152.128,106282.752,95,51,0.4346846846846847,,10.6,39.5,127.6,302.9,112.5,6.347862654320988,107.63
EV181,01/17/2023,1,141.376000000004,3.766666666666667,4.366666666666666,8.133333333333333,77,77,96,426.9,57.6171875,106282.872,106424.128,91,60,0.4631147540983607,,10.75,37.7,174.15,323.2,118.9,7.748142361111111,107.65
EV181,01/18/2023,1,88.872000000003,5.733333333333333,5.3999999999999995,11.133333333333333,77,72,82,266.8,58.24,106424.128,106513,95,69,0.5149700598802396,,8.65,25.95,106,204.5,78.3,5.206367149758454,69.81
EV181,01/19/2023,4,86.3760000000038,21.116666666666667,0.41666666666666685,21.533333333333335,,,,,52.4961325966851,106513.504,106599.376,,,0.9806501547987616,,,,,,,5.673520971302429,105.25
EV181,01/20/2023,2,1.49599999999919,3.1833333333333336,4.316666666666666,7.499999999999999,92,91,24,121.15,53.3170792079208,106599.752,106600.872,92,70,0.4244444444444445,,2.3,21.6,97.35,1.4,1.5,0.09111386138613861,14.21
EV181,01/21/2023,1,142.127999999997,2.216666666666667,0.08333333333333354,2.3000000000000003,,,,,39.2157068062827,106600.872,106743,,,0.9637681159420289,,,,,,,15.065408695652174,104.28
EV181,01/22/2023,2,144.376000000004,2.9000000000000004,4.466666666666666,7.366666666666666,90,35,81,380.45,53.0360225140713,106743,106887.376,95,35,0.39366515837104077,,11.1,37.75,114.8,358.3,141.5,7.807476547842401,105.58
EV181,01/23/2023,2,114.375999999989,3.583333333333333,4.633333333333333,8.216666666666667,35,74,65,376.7,56.9057142857143,106887.376,107001.752,92,34,0.43610547667342797,,10.9,47.35,164.45,254.8,100.8,5.259444444444444,74.25
EV181,01/24/2023,1,89.6240000000107,3.533333333333333,4.966666666666667,8.5,74,74,54,260.85,56.6141683778234,107001.872,107091.376,93,57,0.4156862745098039,,8.4,28.4,92.65,207.7,76.3,5.419414784394251,108.08
EV181,01/26/2023,1,146.247999999992,12.066666666666666,4.566666666666666,16.633333333333333,67,76,86,376.35,46.9947826086957,107288.376,107434.496,93,48,0.7254509018036073,,10.3,38.55,124,309.9,106.4,8.032866795366795,108.03
EV181,01/27/2023,2,198.376000000004,3.833333333333333,4.5666666666666655,8.4,76,59,107,623.7,42.5380425531915,107435.128,107632.872,90,58,0.4563492063492063,,12.75,51.05,273,456.6,169.7,10.170621276595744,106.43
EV181,01/28/2023,1,75.8799999999901,10.066666666666666,4.183333333333334,14.25,59,70,44,202.45,50.1931125827815,107633.248,107708.752,91,43,0.7064327485380116,,7,19.6,61.45,176.1,61.7,6.024404761904762,107.22
EV181,02/01/2023,5,27.4959999999992,12.033333333333335,5.466666666666667,17.5,58,78,34,110.9,60.0646341463415,107990.376,108017.872,82,33,0.6876190476190477,,6.6,18.2,50.5,51.4,15.8,3.5507723577235772,100.89
EV181,02/02/2023,3,140.127999999997,22.150000000000002,0.3499999999999992,22.500000000000004,,,,,27.2572864321608,108018.248,108158,,,0.9844444444444443,,,,,,,13.714187604690117,106.71
EV181,02/03/2023,1,2.12799999999697,15.85,4.383333333333333,20.233333333333334,56,87,21,104.7,46.1705882352941,108158.248,108160.128,87,35,0.7833607907742998,,4.45,29,69.05,3.3,1.1,0.12282051282051282,29.31
EV181,02/04/2023,1,193.376000000004,3.7,4.25,7.95,92,81,92,470.8,42.627802690583,108160.376,108353.504,94,67,0.46540880503144655,,12.55,45.4,147.05,403.6,137.8,8.56653961136024,108.32
EV181,02/05/2023,1,96,3.8833333333333333,3.983333333333333,7.866666666666666,81,88,72,257.55,48.0293956043956,108353.752,108449.504,92,71,0.4936440677966102,,6.25,25.3,92.4,216.4,82.8,7.898082191780822,63.66
EV181,02/06/2023,2,139.495999999999,15.283333333333333,0.18333333333333307,15.466666666666667,,,,,51.9956204379562,108449.624,108589,,,0.9881465517241379,,,,,,,7.1937145174371455,100.33
EV181,02/07/2023,2,1,0.05,0.08333333333333334,0.13333333333333333,92,95,3,7.25,67.3235668789809,108589,108590,96,92,0.375,,0.9,2.75,2.7,0.9,0,0.2641095890410959,16.12
EV181,02/08/2023,5,109,1.0666666666666667,1.8166666666666667,2.8833333333333333,95,57,39,160.35,47.8,108590,108699,95,57,0.3699421965317919,,1.7,8,21.25,147.7,18.3,54.357372881355936,97.01
EV181,02/09/2023,1,0.751999999993131,0.03333333333333333,0.08333333333333334,0.11666666666666667,57,56,1,4.4,53.6305084745763,108699,108699.752,57,56,0.2857142857142857,,1.5,1.8,0,1.4,0.3,0.6796610169491526,17.35
EV181,02/10/2023,3,117,11.266666666666666,5.65,16.916666666666664,55,80,57,273.35,43.5409638554217,108699.752,108816.752,83,40,0.6660098522167488,,4.8,17.9,85.35,194.2,28.9,13.711903807615231,107.83
EV181,02/11/2023,1,140.376000000004,9.766666666666667,4.433333333333332,14.2,80,87,75,365.2,49.3833702882483,108816.752,108957.128,91,58,0.687793427230047,,9.35,31.25,105.9,343.6,124.9,8.879733924611973,105.48
EV181,02/12/2023,1,140.744000000006,18.78333333333333,4.6000000000000005,23.383333333333333,87,87,74,359.75,47.5185520361991,108957.248,109097.872,87,62,0.8032786885245901,,9.55,27.4,134.7,302.3,114.2,13.475927601809955,105.89
EV181,02/13/2023,2,196.255999999994,9.016666666666666,2.466666666666667,11.483333333333334,88,82,100,408.35,52.4093883357041,109097.872,109294.128,95,68,0.7851959361393323,,13.05,42.8,107.4,393.3,148.2,8.348470839260314,106.32
EV181,02/14/2023,2,67.872000000003,7.300000000000001,3.466666666666667,10.766666666666666,82,54,86,308.8,51.20962888666,109294.624,109362,91,43,0.6780185758513934,,8.9,33,175.3,154.1,62.5,4.02839518555667,62.38
EV181,02/15/2023,2,147.127999999997,3.4499999999999997,3.9333333333333336,7.383333333333333,53,78,86,369.65,53.6046956521739,109362.624,109509.128,91,28,0.4672686230248307,,12.15,38.1,96,348.7,125.3,7.549435273675065,105.74
EV181,02/16/2023,2,117.744000000006,5.516666666666667,3.8166666666666664,9.333333333333334,77,64,65,305.45,50.0455482661668,109509.128,109626.872,93,60,0.5910714285714286,,10.25,35.95,107.45,237.9,86.1,6.459251637043966,99.94
EV181,02/17/2023,3,121.376000000004,13.6,5.35,18.95,64,78,72,350.6,50.525328659071,109627.248,109748.248,94,54,0.7176781002638523,,10.85,33.6,125.75,290.7,110.3,5.881091703056769,107.73
EV181,02/18/2023,2,67.6239999999962,10.783333333333333,4.516666666666666,15.3,78,86,41,248.6,61.4552462526767,109748.248,109815.872,89,62,0.7047930283224401,,4.65,30.35,131.5,128.1,46,4.352044967880086,101.17
EV181,02/19/2023,2,142.87999999999,4.033333333333333,3.9,7.933333333333333,86,89,68,334.65,48.3900912646675,109816.128,109958.752,92,64,0.5084033613445379,,9.25,27.6,113,294.5,109.7,10.982737940026075,106.96
EV181,02/20/2023,1,197.12000000001,13.516666666666667,2.4833333333333334,16,89,76,108,506.75,42.3622727272727,109958.752,110155.872,91,62,0.8447916666666667,,13.25,39.6,158.1,461.6,165.8,12.93736251402918,106.91
EV181,02/21/2023,1,68.127999999997,3.5833333333333335,5.766666666666666,9.35,76,65,60,285.85,36.7559960356789,110156.496,110224,90,48,0.3832442067736186,,7.75,38.4,160.4,130.2,50.9,3.8153320118929632,68.3
EV181,02/22/2023,1,145.127999999997,2.583333333333333,6.083333333333334,8.666666666666668,65,76,75,337.55,40.1514285714286,110224.248,110369.128,88,47,0.298076923076923,,12.05,36.1,119.3,251.3,81.2,9.554395604395605,80.78
EV181,02/23/2023,1,144.495999999999,3.2666666666666666,5.55,8.816666666666666,76,76,76,367.35,37.4859138533178,110369.128,110513.624,92,56,0.3705103969754253,,11.95,34.7,136.1,262.3,77.7,10.326627906976745,59.68
EV181,02/24/2023,4,91.127999999997,15.9,4.716666666666666,20.616666666666667,76,89,52,223.65,44.3214564369311,110513.872,110604.752,92,49,0.7712206952303962,,9.05,25.2,73.4,165.8,49.8,6.766853055916775,96.5
EV181,02/25/2023,1,189.248000000007,9.966666666666667,4.533333333333333,14.5,89,76,92,447.45,34.745939675174,110605,110794,91,66,0.6873563218390805,,13.45,38.15,115.75,424.1,144,12.969455388180764,106.83
EV181,02/26/2023,1,153,12.533333333333333,5.083333333333334,17.616666666666667,76,74,80,379.2,43.8963983050847,110794.376,110947,92,66,0.7114474929044465,,12.55,34.5,101.85,362.4,132.1,9.883103813559321,74.66
EV181,02/27/2023,2,96,3.95,4.199999999999999,8.15,74,89,57,239.9,50.0443946188341,110947,111043,93,61,0.48466257668711654,,9.55,25.55,65.9,216.6,77.7,6.72609865470852,65.34
EV181,02/28/2023,1,198.751999999993,9.366666666666667,5.2,14.566666666666666,88,78,101,485.25,46.2467650397276,111043.248,111241.752,90,63,0.6430205949656751,,14.85,34.6,155.7,453.8,173.7,13.260839002267574,100.69
EV181,03/01/2023,2,198.12000000001,3.316666666666667,4.1499999999999995,7.466666666666667,78,60,115,491.2,48.9614,111241.872,111439.872,92,50,0.4441964285714286,,15.9,42.1,159.1,452.7,178.6,11.902597402597403,107.78
EV181,03/02/2023,1,142,3.45,4.249999999999999,7.7,60,54,81,349.1,51.2900596421471,111439.872,111581.872,90,40,0.4480519480519481,,11.95,32.5,103.95,325.5,124.8,8.65523856858847,107.27
EV181,03/03/2023,1,142.623999999996,8.566666666666666,4.566666666666666,13.133333333333333,54,74,84,402.5,57.7461346633416,111582.248,111724.496,85,33,0.6522842639593909,,12.7,39.35,143.35,340.4,133.3,7.397896924355777,106.1
EV181,03/05/2023,2,161.623999999996,2.933333333333333,4.416666666666667,7.35,61,63,79,393.65,56.2139931740614,111882.376,112044,93,52,0.39909297052154197,,16.9,36.8,114.15,379.9,154.1,8.000869565217391,107.52
EV181,03/06/2023,1,63.3760000000038,8.416666666666666,6.316666666666666,14.733333333333333,59,90,41,233.35,60.8261627906977,112044.128,112107.376,92,58,0.5712669683257918,,7.4,35.95,114.3,115.8,40.1,3.7171996124031006,97.26
EV181,03/07/2023,2,195.375999999989,8.983333333333333,2.5666666666666673,11.55,90,78,96,446.75,45.5288941736029,112107.376,112302.752,90,53,0.7777777777777777,,13,33.85,143.9,412.6,156.6,14.174251781472684,102.91
EV181,03/08/2023,1,17.4960000000137,3.9833333333333334,4.1000000000000005,8.083333333333334,78,86,16,62.4,62.2085436893204,112303.128,112320.248,92,70,0.49278350515463915,,2.2,10,27,37,13.8,1.9608543689320388,66.21
EV181,03/09/2023,1,190.623999999996,6.816666666666666,7.316666666666667,14.133333333333333,86,83,102,492.15,42.7332535885167,112320.752,112510.872,88,53,0.482311320754717,,15,37.3,203.15,382,145.3,13.498100358422938,71.98
EV181,03/10/2023,1,190.504000000001,6.783333333333334,2.583333333333333,9.366666666666667,83,73,91,464.7,46.4800808897877,112511,112701.376,89,64,0.7241992882562278,,13.7,37.5,174.1,381.4,142,11.110960566228513,100.74
EV181,03/11/2023,2,84.6239999999962,12.016666666666667,9.1,21.116666666666667,73,88,50,230.75,51.8821052631579,112701.752,112786,92,58,0.569060773480663,,5.3,25.6,105.95,142.3,48.4,5.847672514619883,82.03
EV181,03/12/2023,1,213.872000000003,3.3833333333333333,4.633333333333335,8.016666666666667,88,68,106,490.3,43.0591836734694,112786.248,112999.872,91,39,0.422037422037422,,15.5,40.5,176.5,399.9,142.1,13.277630385487528,91.04
EV181,03/13/2023,1,185.127999999997,9.15,4.616666666666666,13.766666666666666,69,73,129,466.1,48.8268965517241,112999.872,113185,94,64,0.6646489104116223,,15.75,43.05,134.5,455.4,182.6,9.354186046511629,99.69
EV181,03/14/2023,4,32.3760000000038,3.683333333333333,0.29999999999999993,3.9833333333333334,73,88,38,146.5,47.8181818181818,113185.128,113217.376,90,40,0.9246861924686192,,4.25,16.9,83.55,67.8,26,2.833549848942598,106.48
EV181,03/15/2023,2,56.4959999999992,14.183333333333335,4.85,19.033333333333335,,,,,60.5239263803681,113217.376,113273.872,,,0.745183887915937,,,,,,,5.781012269938651,63.33
EV181,03/16/2023,1,151.751999999993,3.6333333333333333,5.133333333333335,8.766666666666667,81,73,124,403.25,55.0278615794144,113274.128,113425.624,94,52,0.41444866920152085,,13.4,38.5,132.75,355.9,137.3,8.2424578527063,106.15
EV181,03/17/2023,1,197.504000000001,11.516666666666667,4,15.516666666666667,73,78,99,470.05,44.6084440969507,113425.872,113623.128,94,55,0.7422126745435016,,16.4,46.25,142,418.4,153,9.194933541829554,106.05
EV181,03/18/2023,3,212.744000000006,13.6,6.616666666666667,20.21666666666667,78,84,106,518.15,42.1099085365854,113623.128,113835.872,91,64,0.672712283594394,,14.9,46.85,171.7,432.4,147.7,9.58686737804878,107.45
EV181,03/19/2023,2,181.504000000001,7.65,4.116666666666667,11.766666666666666,84,66,88,423.6,39.9204058624577,113837.128,114017.376,92,62,0.6501416430594902,,11.2,35.35,135.35,358,116.3,12.394081172491545,107.04
EV181,03/20/2023,3,103.247999999992,9.516666666666666,3.900000000000001,13.416666666666666,62,67,66,299.65,55.1663983903421,114017.376,114120.624,93,61,0.7093167701863353,,13.25,29.4,82.7,280,105.7,6.297864271457086,77.64
EV181,03/21/2023,3,136,4,4.033333333333333,8.033333333333333,67,75,76,350.3,49.7685714285714,114120.624,114256.624,91,58,0.4979253112033195,,13.65,26.95,91.4,346.5,128.2,10.432493506493506,108.03
EV181,03/22/2023,2,136.624000000011,3.4833333333333334,4.199999999999999,7.683333333333333,75,78,76,339.15,53.9851851851852,114257.376,114393.248,91,62,0.4533622559652929,,10.8,28.8,104.95,306.7,112.1,8.610954825462013,107.52
EV181,03/23/2023,1,147,3.8,3.8833333333333337,7.683333333333334,78,73,75,334.35,52.0707233065442,114393.248,114540.248,92,61,0.4945770065075922,,13.55,24.75,67.45,354.1,125.5,10.073432835820896,107.07
EV181,03/25/2023,1,269.751999999993,9.333333333333334,0.0833333333333324,9.416666666666666,,,,,51.7970684039088,114671.248,114941,,,0.9911504424778762,,,,,,,12.612099267697316,106.68
EV181,03/26/2023,1,173.248000000007,13.433333333333334,4.1499999999999995,17.583333333333332,82,82,90,429.6,56.480987202925,114941.624,115114.248,94,59,0.7639810426540286,,14.65,33.55,92.9,439.8,151.3,9.547486288848264,106.76
EV181,03/27/2023,2,114.623999999996,4.083333333333333,3.7166666666666672,7.800000000000001,82,78,80,294.5,56.6471299093656,115114.248,115228.872,93,70,0.5235042735042734,,10.2,24.55,78.05,297.1,115.4,7.286404833836858,80.86
EV181,03/28/2023,3,131.376000000004,4.6,4.166666666666667,8.766666666666667,78,75,76,355.45,44.8224719101124,115228.872,115360.248,85,67,0.5247148288973383,,10.85,22.55,126.15,308.9,113,14.709101123595506,107.07
EV181,03/29/2023,2,141.87999999999,12.75,4.183333333333333,16.933333333333334,75,77,78,359.25,47.5083969465649,115360.248,115502.128,91,60,0.7529527559055118,,11.2,28.4,110.35,332.8,123.5,11.033142493638676,106.43
EV181,03/30/2023,1,131.623999999996,11.45,4.05,15.5,77,76,104,402.15,44,115502.128,115633.752,91,40,0.7387096774193548,,12.15,34.8,165.3,312.2,122.3,7.519174041297935,106.53
EV181,03/31/2023,1,47.6240000000107,13.8,5.833333333333332,19.633333333333333,77,86,66,233.7,50.7912751677852,115633.752,115681.376,87,57,0.702886247877759,,3.75,32.25,136.6,86.7,25.6,2.401508333333333,107.63
EV181,04/03/2023,2,113,14.233333333333333,3.766666666666667,18,93,57,79,289.05,58.395818815331,115947.872,116060.872,94,50,0.7907407407407407,,10.4,25.85,77.9,282.6,107.7,7.6102439024390245,106.37
EV181,04/04/2023,1,18.3760000000038,0.11666666666666667,0.2833333333333333,0.4,57,86,31,,57.8600846262341,116061.128,116079.248,91,37,0.29166666666666663,,,,,,,1.370296191819464,96.09
EV181,04/10/2023,2,112.255999999994,3.1833333333333336,4.416666666666666,7.6,85,74,43,179,73.9326530612245,116074.872,116187.128,86,74,0.41885964912280704,,17.35,16.95,0,241.4,96.7,17.662908163265307,91.68
EV181,04/11/2023,2,132.248000000007,10.316666666666666,4.6,14.916666666666666,74,79,61,237.8,73.6378181818182,116187.128,116319.376,92,67,0.6916201117318436,,32,32,0,284.6,110.8,9.454830508474576,106.3
EV181,04/12/2023,3,141.247999999992,4.033333333333333,4.316666666666667,8.35,79,80,65,273.85,76.9353645266594,116319.376,116460.624,91,67,0.48303393213572854,,39.75,31.6,0,330.3,127.8,8.928881650380022,107.98
EV181,04/13/2023,4,143.872000000003,5.366666666666666,4.3500000000000005,9.716666666666667,80,78,68,298.35,82.1115789473684,116460.624,116604.496,92,66,0.5523156089193825,,49.7,37.35,0,339.6,128.3,10.420479532163743,107.88
EV181,04/14/2023,3,115.880000000005,16.4,4.166666666666667,20.566666666666666,78,73,74,238.35,78.0514018691589,116604.872,116720.376,92,60,0.7974068071312803,,35.65,30.4,5.7,261.3,94.7,7.867517482517482,105.48
EV181,04/15/2023,1,175,3.7333333333333334,4.55,8.283333333333333,73,90,89,359.7,59.3384116693679,116720.376,116895.376,92,68,0.4507042253521127,,19.1,34.95,86.15,355.6,136.1,8.06586569579288,95.05
EV181,04/16/2023,1,141.119999999995,11.700000000000001,3.899999999999999,15.6,90,92,78,342.65,57.1406430338005,116895.376,117036.496,92,66,0.7500000000000001,,12.6,32.95,111.2,286.2,100.3,6.898226600985222,107.47
EV181,04/17/2023,3,103.127999999997,4.016666666666667,3.7833333333333337,7.800000000000001,92,76,74,273.15,60.6128279883382,117036.496,117139.624,95,71,0.5149572649572649,,14.05,24.85,60.55,276.7,103,5.529086491739553,76.8
EV181,04/18/2023,3,134.248000000007,4.533333333333333,3.983333333333334,8.516666666666667,77,78,86,297.35,63.3305524239008,117139.624,117273.872,93,72,0.5322896281800391,,19.05,31.35,36.85,338.4,128.3,8.770337837837838,107.17
EV181,04/19/2023,3,138.127999999997,7.8999999999999995,4.116666666666668,12.016666666666667,78,78,82,319.2,57.2689361702128,117273.872,117412,92,65,0.6574202496532593,,16.05,28.95,68.5,328.8,123.1,11.42,107.78
EV181,04/20/2023,2,146.751999999993,4.266666666666667,3.900000000000001,8.166666666666668,78,75,84,387.3,53.9330210772834,117412.376,117558.752,92,62,0.5224489795918367,,18.45,28.7,113.55,355.6,129,10.463859649122806,106.83
EV181,04/23/2023,2,144.495999999999,4.066666666666666,4.216666666666666,8.283333333333333,90,68,70,351.7,57.8100492610837,117849.504,117994,95,68,0.4909456740442656,,13.4,32.35,104.15,312.7,110.9,8.893753694581282,103.11
EV181,04/24/2023,2,121.248000000007,3.7166666666666663,4.366666666666666,8.083333333333334,64,77,74,268,62.5329305135952,117994,118115.248,94,64,0.4597938144329896,,12.1,28.75,55.75,285.5,114.1,7.243766364551863,105.25
EV181,04/25/2023,3,127.127999999997,8.366666666666667,4.233333333333333,12.600000000000001,77,80,80,252.4,60.9440914866582,118115.504,118242.376,92,63,0.664021164021164,,12.85,22.5,44.65,277.1,104.7,9.787623888182972,107.04
EV181,04/26/2023,2,119.751999999993,3.9,4.1,8,81,80,50,221.7,63.5914438502674,118242.376,118362.128,92,75,0.4875,,14.1,22.2,10.3,296.8,121.7,9.415588235294118,75.96
EV181,04/27/2023,2,119.872000000003,3.7333333333333334,4.116666666666666,7.85,81,80,54,255.4,66.5805496828753,118362.128,118482,94,73,0.47558386411889597,,13.8,25.25,44.75,291,119.4,7.668953488372093,77.54
EV181,04/28/2023,2,119.872000000003,3.8666666666666667,4.05,7.916666666666666,81,71,74,334.75,61.3953578336557,118482,118601.872,94,70,0.488421052631579,,15.35,32.25,105.85,304,122.7,6.538743961352657,72.44
EV181,04/29/2023,1,161.631999999998,17.816666666666666,4.350000000000001,22.166666666666668,72,91,98,391.9,59.0974672489083,118601.872,118763.504,92,64,0.8037593984962406,,15.4,33.7,120.9,361,139.1,8.77498254799302,106.27
EV181,04/30/2023,1,145.495999999999,19.75,3.6666666666666656,23.416666666666664,91,90,86,396.15,63.4569506726457,118763.504,118909,92,61,0.8434163701067616,,12.75,32.1,126.3,328.5,103.5,6.337324364723468,107.42
EV181,05/01/2023,2,112.751999999993,3.6666666666666665,4.333333333333334,8,90,71,45,210.05,68.7526627218935,118909,119021.752,90,65,0.4583333333333333,,12.7,43.05,0,254.1,99.8,6.745009861932939,107.35
EV181,05/02/2023,2,145,3.6166666666666667,4.216666666666667,7.833333333333333,71,80,86,261.65,66.670802919708,119021.872,119166.752,91,56,0.46170212765957447,,13.95,22.35,16.85,327.4,118.9,10.795863746958638,105.33
EV181,05/03/2023,2,141.496000000014,3.433333333333333,3.9999999999999996,7.433333333333333,80,80,70,272.35,70.8212435233161,119166.752,119308.248,91,70,0.4618834080717489,,18.2,36.65,0,351.3,133.8,11.065569948186528,106.86
EV181,05/04/2023,3,149.623999999996,8.383333333333333,4.633333333333333,13.016666666666666,80,78,96,278.3,75.8316513761468,119308.496,119457.872,93,68,0.6440460947503202,,32.4,30.2,0,351.6,135.9,10.31269495412844,107.14
EV181,05/05/2023,2,140.751999999993,9.066666666666666,5.716666666666667,14.783333333333335,78,79,62,245.9,68.5574193548387,119458.496,119598.624,92,68,0.613303269447576,,18.1,22.45,17.45,307.3,119.4,10.26236129032258,104.92
EV181,05/06/2023,2,227.504000000001,17.45,4.65,22.1,79,90,73,313.55,62.1991596638656,119598.752,119826.128,92,68,0.7895927601809954,,16.7,25.25,0,441,169.4,11.647323825503356,106.66
EV181,05/08/2023,3,112.744000000006,9.533333333333333,4.2,13.733333333333333,88,80,50,221.6,73.192159657876,119971.504,120084.248,92,74,0.6941747572815534,,24,30,0,268.4,100.8,4.674697077690663,108.08
EV181,05/09/2023,3,150,10.183333333333334,3.983333333333334,14.166666666666668,80,78,79,258.3,68.6778415614237,120084.248,120234.248,92,68,0.7188235294117646,,16.85,24.15,0,344.1,126.8,10.242537313432836,107.55
EV181,05/10/2023,4,146.127999999997,10.333333333333334,4.033333333333332,14.366666666666667,78,76,78,292.9,73.6938775510204,120234.624,120380.376,92,65,0.7192575406032483,,30.6,30.5,0,362.9,131.1,10.536306954436451,108.03
EV181,05/11/2023,3,144.872000000003,10.016666666666667,4,14.016666666666667,76,77,77,279.25,75.4297872340425,120380.872,120525.248,91,64,0.7146254458977408,,30.95,27.8,0,351.5,131,10.747635933806146,107.25
EV181,05/13/2023,1,288.248000000007,6.133333333333334,0.016666666666666607,6.15,,,,,65.8283513097072,120667,120954.872,,,0.997289972899729,,,,,,,13.294009216589862,106.22
EV181,05/14/2023,2,172.751999999993,17.733333333333334,4.199999999999998,21.933333333333334,78,90,71,359.25,62.1828715365239,120955.504,121127.624,91,66,0.8085106382978724,,12.75,36.3,88.6,354.8,133.2,8.334312080536913,98.87
EV181,05/15/2023,3,113,3.6999999999999997,4.216666666666667,7.916666666666667,90,69,51,212.15,73.5660103626943,121127.624,121240.624,90,62,0.46736842105263154,,24.9,25.75,0,273.1,111.6,6.646777202072538,105.71
EV181,05/16/2023,4,142.752000000008,13.283333333333333,4.2,17.483333333333334,69,80,77,263.7,76.1413793103448,121240.624,121383.376,91,55,0.7597712106768351,,31.55,25.15,0,326.9,119.9,12.131606886657101,105.94
EV181,05/17/2023,2,141.375999999989,11.950000000000001,4.083333333333333,16.03333333333333,80,80,59,249.7,70.7522867737948,121383.376,121524.752,91,70,0.7453222453222454,,19.45,26.05,0,328.9,124.7,10.984833127317676,107.58
EV181,05/18/2023,5,149.248000000007,11.066666666666666,4.083333333333333,15.15,80,76,66,295.15,66.8371373307544,121525.248,121674,92,68,0.7304730473047304,,17.95,26.3,15.2,377.5,141.8,8.842316602316602,106.91
EV181,05/20/2023,1,271.87999999999,6.233333333333333,0.11666666666666659,6.35,,,,,64.0899848254932,121820.128,122091.128,,,0.9816272965879266,,,,,,,12.135591805766312,107.37
EV181,05/21/2023,2,182.495999999999,12.116666666666667,4.300000000000001,16.416666666666668,84,77,79,282.5,70.0080593849417,122091.752,122273.624,93,72,0.7380710659898477,,21.9,25.9,0,369.2,134.5,12.108579003181337,107.04
EV181,05/22/2023,2,102,12.466666666666669,3.733333333333334,16.200000000000003,76,80,82,244.8,77.6915477497256,122273.752,122375.624,93,72,0.7695473251028806,,36.95,29.45,0,285,106.6,6.099055982436883,83.56
EV181,05/23/2023,3,119.752000000008,11.316666666666666,4.133333333333333,15.45,80,73,61,265.5,76.7559322033898,122375.624,122495.376,93,72,0.732470334412082,,43.15,32.65,0,315.3,125.6,7.969608050847458,76.65
EV181,05/24/2023,3,119.623999999996,8.816666666666666,4.133333333333333,12.95,73,72,89,235.15,74.7746170678337,122495.376,122615,94,72,0.6808236808236808,,26.45,29.55,3.35,298.9,123.1,7.981870897155361,75.37
EV181,05/25/2023,2,119.495999999999,15.183333333333334,4.083333333333332,19.266666666666666,72,69,65,242.7,72.3891525423729,122615,122734.496,93,60,0.7880622837370242,,25.05,28.65,0,318.1,129.1,8.58335593220339,80.5
EV181,05/26/2023,2,119.504000000001,10.783333333333333,4.1,14.883333333333333,70,77,53,251.9,74.6797687861272,122734.496,122854,94,70,0.7245240761478163,,34.25,40.45,0,299.2,122,6.919335260115607,68.2
EV181,05/27/2023,2,161.623999999996,17.316666666666666,4.300000000000001,21.616666666666667,78,90,103,296.7,74.7949634443542,122854,123015.624,93,59,0.8010794140323824,,24.55,37.2,0.25,386.8,152.1,7.749151172190784,106.05
EV181,05/28/2023,1,146,14.466666666666667,4.233333333333332,18.7,90,91,58,279.2,75.4179791976226,123015.624,123161.624,91,68,0.7736185383244207,,17.1,39.25,34.35,297.5,109,6.260052005943536,100.12
EV181,05/29/2023,3,145.504000000001,9.516666666666667,4.650000000000001,14.166666666666668,91,89,45,207.45,78.0462633451957,123161.624,123307.128,92,63,0.6717647058823529,,19.15,26.25,11.55,239.1,88.6,10.55407100591716,88.59
EV181,05/30/2023,4,115.495999999999,3.8166666666666664,4.533333333333333,8.35,89,79,51,230.75,81.3230125523013,123307.128,123422.624,92,73,0.45708582834331335,,35.35,28.3,0,266.8,99.7,9.971059972105998,100.74
EV181,05/31/2023,5,132.880000000005,14.866666666666667,4.3166666666666655,19.183333333333334,79,61,65,277.15,83.0069464544139,123422.624,123555.504,91,61,0.7749782797567333,,49.1,35.85,0,320.4,128.2,11.59544540229885,100.12
EV181,06/01/2023,2,120,3.8166666666666664,4.066666666666666,7.883333333333333,61,70,68,267.05,83.7013903743316,123555.624,123675.504,92,58,0.48414376321353064,,47.5,42.25,0,301.9,124.6,8.230245989304812,77.62
EV181,06/02/2023,3,18.4959999999992,6.800000000000001,4.3999999999999995,11.2,69,90,13,37.1,79.0989399293286,123675.504,123694,92,69,0.6071428571428572,,5.3,7.9,0,41.7,17.8,3.7197887323943664,64.73
EV181,06/03/2023,2,142.495999999999,5.65,0.14999999999999994,5.800000000000001,,,,,77.0928301886792,123694,123836.496,,,0.9741379310344827,,,,,,,10.627268170426065,92.95
EV181,06/05/2023,1,0.504000000000815,0.08333333333333333,0.09999999999999999,0.18333333333333332,92,90,3,2.55,79.2153846153846,123836.496,123837,92,90,0.45454545454545453,,1.2,0.95,0,0.5,0.1,2.876923076923077,14.79
EV181,06/06/2023,4,29.7519999999931,3.783333333333333,4.8999999999999995,8.683333333333334,90,80,13,48.55,83.8785714285714,123837,123866.752,91,80,0.43570057581573896,,6.15,6.3,0,47.6,11.5,22.373571428571427,102.47
EV181,06/07/2023,3,169.12000000001,0.9166666666666667,1.133333333333333,2.05,80,81,63,280.6,77.7167272727273,123866.752,124035.872,86,64,0.44715447154471555,,21.95,24.35,0,368.4,134.1,17.77634719710669,106.83
EV181,06/08/2023,4,87.2559999999939,11.983333333333334,3.9499999999999993,15.933333333333334,82,79,41,194.9,81.7056034482759,124035.872,124123.128,91,72,0.7520920502092051,,29.1,23.9,0,228.7,86.8,10.188836206896552,67.62
EV181,06/09/2023,2,139.623999999996,9.7,4.266666666666667,13.966666666666665,79,64,75,292.8,79.6969628796401,124123.376,124262.752,91,59,0.6945107398568019,,40.9,36.5,0,346.7,131.3,9.172550561797753,105.53
EV181,06/12/2023,1,114.376000000004,13.716666666666667,4.066666666666666,17.78333333333333,93,78,74,246.35,73.7958993476235,124643.752,124758.128,94,72,0.7713214620431116,,26.4,29.25,0,308.3,117.6,6.023383038210625,102.78
EV181,06/13/2023,2,134.744000000006,5.283333333333333,3.4166666666666665,8.700000000000001,78,70,64,315.25,75.7330404217926,124758.496,124892.872,92,68,0.6072796934865899,,40.7,37.05,0,364.3,126.8,6.924679543459175,107.78
EV181,06/14/2023,5,10.6319999999978,0.5499999999999999,0.6666666666666667,1.2166666666666666,67,62,8,,78.5391304347826,124892.872,124903.504,67,62,0.4520547945205479,,,,,,,10.091857142857142,43.93
EV181,06/15/2023,5,100,14.649999999999999,4.8,19.45,62,74,44,189.25,76.5526162790698,124903.504,125003.504,91,61,0.7532133676092545,,21.7,26.65,0,233.4,92.5,9.164595375722543,66.24
EV181,06/16/2023,3,18.1199999999953,4.75,0.03333333333333333,4.783333333333333,74,93,16,35.3,67.2683870967742,125003.504,125021.624,93,63,0.9930313588850175,,4.1,10.6,0,35.6,15,2.063784946236559,59.12
