Vehicle ID,Date,Number of Trips,Total Distance,Idling Time,Driving Time,Total Run Time,Initial SOC,Final SOC,SOC Used,Total Energy Consumption,Average Ambient Temperature,Initial Odometer,Final Odometer,Percent Idling Time,Drive Cycle,Energy Consumed While Driving,Energy Consumed While Idling,Average Speed
EV139,10/04/2021,,0,0.48320888888888885,0.0391672222222222,0.524045,,,,1.036844,63.5129270186335,,,0.925021031036599,,0.401926,0.634918,2.37246460189887
EV139,10/05/2021,,9.301926747792889,1.1442141666666668,0.716411388888889,6.310305277777777,,,23.2,49.175431,69.5869890922768,,,0.614962082644845,,46.583075,2.592356,16.030525687123
EV139,10/06/2021,,189.28519943529784,0.6283322222222223,3.99628,9.590096944444445,,,154.4,287.118802,69.0748731549815,,,0.135867007227753,,285.375592,1.74321,45.7621287210209
EV139,10/07/2021,,189.35355026644396,1.233086111111111,3.9432075,7.597542499999999,,,90.8,299.455486,61.8294926099495,,,0.238217961296524,,293.389897,6.065589,46.5784727775738
EV139,10/08/2021,,374.5718752485485,2.5976005555555552,7.20890222222222,13.738661944444443,,,175.6,594.471171,60.8089378771256,,,0.264885516724872,,588.510082,5.961089,50.6176513810167
EV139,10/09/2021,,106.3756412550704,1.0406491666666666,2.17991083333333,5.1525630555555555,,,63.6,191.067904,58.3542067307692,,,0.323126775053614,,187.474284,3.59362,46.7451908806942
EV139,10/11/2021,,0.10252624671916012,3.6243844444444444,0.0141666666666667,3.63744,,,2,4.393667,56.2378969013007,,,0.996106508817918,,0.224313,4.169354,1.21869045140503
EV139,10/12/2021,,6.695274596357273,6.248416111111111,0.483921944444444,8.429670277777777,,,11.6,38.610145,63.6075456730769,,,0.928119779421191,,12.775961,25.834184,10.4849398091955
EV139,10/13/2021,,7.580728545295474,0.965945,0.381106944444444,1.3398297222222222,,,6.4,,54.0626008064516,,,0.717080736183769,,,,18.4816888442774
EV139,10/14/2021,,109.62230573451046,0.9061597222222223,2.41901361111111,5.221086388888889,,,48.8,158.113101,71.6846440397351,,,0.272515033468598,,154.773419,3.339682,43.9919078803981
EV139,10/15/2021,,202.07612542750337,1.4371058333333333,4.70869055555556,10.297098333333333,,,93.2,308.076291,65.5938265210021,,,0.233835575147186,,298.415396,9.660895,41.521669932816
EV139,10/19/2021,,0.42563926668257374,4.307429444444444,0.0511125,4.351041944444445,,,3.6,12.534484,55.4568197513812,,,0.988273027849336,,1.350638,11.183846,3.1226655510268
EV139,10/20/2021,,0.310685596118667,1.2292072222222221,0.0702797222222222,1.3003205555555557,,,1.2,4.213182,59.5049528301887,,,0.945917331049241,,0.803623,3.409559,3.37463335118164
EV139,10/22/2021,,0.11184681460272013,0.33262222222222226,0.0455708333333333,0.3770836111111111,,,,0.658535,59.4868255395683,,,0.879503780770403,,0.341618,0.316917,2.29475646887909
EV139,10/25/2021,,0.00621371192237333,0.01055638888888889,0.00555555555555556,0.5316847222222222,,,,0.107325,55.8055443548387,,,0.655190248780235,,0.045278,0.062047,0.391113077049386
EV139,10/26/2021,,0.22369362920544025,0.6702994444444444,0.120281111111111,0.7905808333333333,,,1.2,1.901814,62.9262103873239,,,0.847857235716369,,0.980021,0.921793,1.67453357250314
EV139,10/30/2021,,0.11495367056390678,1.3982663888888889,0.0813908333333333,1.4779900000000001,,,,2.288086,68.763135026738,,,0.94499345381419,,0.641406,1.64668,1.73346858632964
EV139,11/01/2021,,0,0.26221555555555554,0,0.2605486111111111,,,,,73.805703125,,,,,,,0
EV139,11/02/2021,,0.02485484768949335,0.385295,0.0358097222222222,0.4205480555555555,,,2,4.498652,83.3845475460123,,,0.914962430168795,,0.4274,4.071252,1.193835186123
EV139,11/03/2021,,7.378782907818341,1.8572894444444445,0.363073333333333,2.2170305555555556,,,6.8,19.864667,70.5144791666667,,,0.836480174786252,,13.83363,6.031037,18.2220906944824
EV139,11/10/2021,,8.326373975980275,0.7041552777777778,0.499496388888889,1.2022669444444445,,,7.2,,70.5370192307692,,,0.585015829145845,,,,15.9772014953047
EV139,11/11/2021,,0,0.003611111111111111,,0.0027780555555555553,,,,,68,,,,,,,0
EV139,11/13/2021,,0.04970969537898671,0.4147808333333333,0.0655555555555556,0.47839111111111116,,,1.2,1.4266,74.8644396551724,,,0.863521571398748,,0.510886,0.915714,0.744485548799807
EV139,11/18/2021,,0.09631253479678677,0.4933430555555556,0.0577788888888889,0.5491763888888889,,,2,6.317859,34.492578125,,,0.895161335034241,,0.941897,5.375962,1.62143832125972
EV139,11/19/2021,,0.05281655134017338,0.19547222222222224,0.0622461111111111,0.25216194444444445,,,1.2,3.048339,42.0104357798165,,,0.758472320125546,,1.619601,1.428738,1.54270779789356
EV139,11/22/2021,,0.0310685596118667,1.1383069444444445,0.0236125,1.2855266666666665,,,1.2,1.798869,47.4892622180451,,,0.979678023194379,,0.727998,1.070871,0.915408352167936
EV139,11/23/2021,,3.0447188419629363,6.0813991666666665,0.261888888888889,7.585532777777778,,,5.6,18.699425,38.9391308543489,,,0.958714016044168,,8.28476,10.414665,7.63196450896119
EV139,11/30/2021,,0.029515131631273363,0.10050111111111111,0.0265277777777778,0.12383416666666666,,,,2.549176,51.2739285714286,,,0.791167363504365,,0.4325415,0.8420465,2.37501445177641
EV139,12/01/2021,,0.0310685596118667,0.02638972222222222,0.0238888888888889,0.049167499999999996,,,,,54.8241071428571,,,0.524869753539997,,,,2.12653837789427
EV139,12/02/2021,,0.02485484768949335,0.008612777777777778,0.0305455555555556,0.03915805555555556,,,,0.223217,51.8690340909091,,,0.21994750656168,,0.203009,0.020208,1.16628664074494
EV139,12/03/2021,,0.02485484768949335,0.05166138888888889,0.0441602777777778,0.09554305555555555,,,0.8,2.134822,40.83875,,,0.539140996874982,,1.269917,0.864905,1.71548326742057
EV139,12/14/2021,,0.03417541557305337,0.05972305555555555,0.0591638888888889,0.11888694444444445,,,1.2,3.210881,43.0158163265306,,,0.502351673975976,,1.729139,1.481742,1.74381442491343
EV139,12/17/2021,,2.727819533921896,1.4383619444444444,0.242780555555556,1.68031,,,9.2,,25.0677691605839,,,0.855585974683553,,,,9.9202008280889
EV139,12/21/2021,,20.067182653304695,2.3801594444444447,1.03838111111111,3.4160416666666666,,,17.2,54.666199,34.5254662298387,,,0.696250170434979,,38.164345,16.501854,18.094241658289
EV139,12/27/2021,,0.01242742384474667,1.9111480555555556,0.0213894444444444,1.9333708333333335,,,8,,21.0949468085106,,,0.988931938218821,,,,0.789201411592503
EV139,12/29/2021,,0.04349598345661337,4.376914722222223,0.0475013888888889,4.421916111111111,,,,,23.2810545517721,,,0.989263806184595,,,,0.617820989956838
EV139,12/30/2021,,0.05592340730136005,0.5398538888888889,0.0764313888888889,5.902285833333333,,,6.4,9.202316,48.9788783482143,,,0.875980505060111,,2.014946,7.18737,0.642200149320261
EV139,01/04/2022,,0.01553427980593335,0.843905,0.0180513888888889,0.8633455555555555,,,9.2,,26.4570564516129,,,0.979057654051201,,,,1.27107806152808
EV139,01/06/2022,,0.03728227153424004,0.12995527777777777,0.0391666666666667,0.17051083333333336,,,1.6,4.200721,16.4380208333333,,,0.768411681906054,,1.281787,2.918934,1.92089553293424
EV139,01/10/2022,,0.04349598345661337,0.1574488888888889,0.0500030555555556,0.20745249999999998,,,5.2,5.205039,19.6106818181818,,,0.758965597119547,,1.486887,3.718152,1.25790332006858
EV139,01/14/2022,,33.653463771574,2.3929875,2.18475583333333,7.6644175,,,34.4,108.021264,41.9341978849876,,,0.522743921131445,,87.308303,20.712961,14.4239054300302
EV139,01/15/2022,,95.21581464248789,1.9677830555555555,5.98432805555556,1.9967316666666668,,,82,,34.1198181100449,,,0.24745417010158,,,,15.0869814682943
EV139,01/18/2022,,26.1038037858904,1.2334238888888889,1.71643777777778,3.8412761111111107,,,12,45.662763,41.5787325905292,,,0.418129400041546,,42.276647,3.386116,14.7233449530375
EV139,01/19/2022,,34.501635448977964,1.4826891666666666,1.88334833333333,1.8875694444444444,,,19.2,,46.1390004628677,,,0.440485041140114,,,,16.4841306025004
EV139,01/20/2022,,124.63774059492565,0.9423275,7.50717722222222,1.096722777777778,,,66.4,,38.746143847487,,,0.111524584100376,,,,15.8231012755454
EV139,01/21/2022,,84.54997812773404,4.582020833333334,4.96598833333333,13.27350388888889,,,46,166.485498,42.1212203225325,,,0.479892797896525,,148.224505,18.260993,16.2813026518042
EV139,01/22/2022,,0,0.016944166666666666,0.00305583333333333,0.018333611111111113,,,0,0.397725,43.064375,,,0.847208333333333,,0.1031,0.294625,1.51453834260695
EV139,01/24/2022,,109.39861210530502,3.2547258333333335,7.093265,14.967416666666665,,,62.8,221.156702,33.3551692722087,,,0.314527320883305,,200.915957,20.240745,14.9445119670774
EV139,01/25/2022,,89.27861290066014,3.0351705555555553,6.07270027777778,12.762095,,,49.2,166.298479,32.7690507273405,,,0.333246991651147,,152.467496,13.830983,14.2188617761924
EV139,01/26/2022,,88.8685079137835,3.6470780555555553,5.62988694444444,12.787078333333334,,,,163.008471,30.4987697963801,,,0.393132673838433,,146.777277,16.231194,15.1884875774757
EV139,01/27/2022,,119.4927871232005,4.763919722222222,7.298,12.7242775,,,72.8,242.801645,24.2936626969914,,,0.394955349723099,,214.839478,27.962167,15.8827080119894
EV139,01/28/2022,,41.01049868766404,1.9942394444444445,2.43421333333333,6.960191666666666,,,43.6,131.752765,23.0097406396256,,,0.450324197754044,,104.868034,26.884731,16.0723403824219
EV139,02/03/2022,,71.2743826055834,1.8401083333333335,3.75314027777778,1.9686744444444444,,,108,,28.5453439597315,,,0.3289874027194,,,,18.0510939233513
EV139,02/04/2022,,120.8194146186272,7.1998427777777785,6.42629833333333,17.189275555555554,,,95.2,322.806496,32.5685088601232,,,0.528384574845393,,268.90952,53.896976,18.0230438897689
EV139,02/07/2022,,70.86738447466794,3.3337105555555557,4.14676888888889,9.868344444444444,,,66,230.225716,32.1515765383963,,,0.445654664291794,,173.724836,56.50088,16.4336353018751
EV139,02/08/2022,,79.57900858983535,3.1458511111111114,5.42487611111111,10.310522500000001,,,94.4,199.26366,37.4247207554833,,,0.367045996161741,,174.720268,24.543392,14.2538645404963
EV139,02/09/2022,,98.60850135210372,2.5914377777777777,5.74988611111111,8.807449166666666,,,72.8,235.12205,43.1640118760946,,,0.310674637778988,,202.619348,32.502702,16.749054202767
EV139,02/10/2022,,71.97963890877277,0.03277833333333333,4.42959111111111,0.03166722222222222,,,45.6,,48.8929528650647,,,0.00734549968159666,,,,15.5857385925004
EV139,02/11/2022,,120.72620893979162,0.023334166666666666,7.37965916666667,0.1502825,,,80,,40.4302967506631,,,0.00315199077130062,,,,15.8764895622127
EV139,02/12/2022,,0.22058677324425355,0.6372413888888889,0.0694458333333333,2.272572222222222,,,1.2,11.369108,50.4259393063584,,,0.901730452809156,,2.290648,9.07846,2.05298964351669
EV139,02/14/2022,,122.97246579972958,4.094795555555556,7.34161694444444,13.802610277777777,,,84,284.159411,37.7089031313277,,,0.358048955960233,,245.571727,38.587684,16.2015635811428
EV139,02/15/2022,,71.23088662212677,0.015555555555555555,4.71098138888889,0.025000277777777778,,,51.6,,37.8148151909017,,,0.00329111053999895,,,,14.555354151768
EV139,02/16/2022,,110.3120277578939,5.438781944444445,6.67572527777778,14.576785277777779,,,97.2,301.268482,34.0198826269638,,,0.448947847789287,,255.403776,45.864706,15.9214630777607
EV139,02/17/2022,,122.22682036904476,0.0241675,6.42906722222222,0.34612166666666666,,,90.4,,34.2451068348973,,,0.00374502106932161,,,,18.2453136887921
EV139,02/18/2022,,93.02237433389008,0.02055611111111111,5.45990583333333,0.03055638888888889,,,63.2,,43.5366123328812,,,0.00375079898729137,,,,16.3637850022034
EV139,02/19/2022,,93.68102779766166,0.0166675,5.54715055555555,0.029723333333333334,,,43.6,,46.8707540104368,,,0.00299569465312714,,,,16.327217856293
EV139,02/22/2022,,32.80218523820886,0.6194611111111111,2.3425425,0.6300163888888889,,,38.4,,22.2157673267327,,,0.209135839263457,,,,13.3722552266758
EV139,02/23/2022,,55.27407440547204,11.355975,2.3303325,18.57589527777778,,,79.2,260.129352,23.6036916776969,,,0.829732563001379,,140.270732,119.85862,20.6059371737098
EV139,02/24/2022,,125.6474687823113,0.016667222222222222,6.87269416666667,0.047501388888888885,,,103.2,,24.1381694538527,,,0.00241926954929422,,,,17.5327563438159
EV139,02/25/2022,,93.75869919669132,3.5203244444444444,5.77099722222222,11.538621944444444,,,85.6,290.347568,28.91201546776,,,0.378883066450479,,240.54998,49.797588,15.7660154458548
EV139,02/26/2022,,0.18330450171001353,0.2266161111111111,0.0941691666666667,2.925929722222222,,,,0.972079,58.7586570945946,,,0.706441744088075,,0.670551,0.301528,1.38108416222282
EV139,02/28/2022,,46.57643114212996,0.033472777777777775,2.76271611111111,0.04389013888888889,,,77.6,,40.8725542946586,,,0.0059966345448965,,,,16.2503860322953
EV139,03/01/2022,,120.86291060208384,0.02555611111111111,6.98520777777778,0.03194555555555555,,,64,,46.7350705390921,,,0.00364526769352682,,,,16.7464786024457
EV139,03/02/2022,,94.78396166388292,0.0075002777777777785,5.91243027777778,0.009167777777777776,,,66,,41.9613823387873,,,0.00126695367578918,,,,15.5458832185872
EV139,03/03/2022,,86.3270997375328,3.973326666666667,5.69407138888889,11.201615277777778,,,37.6,135.295687,42.6119941772788,,,0.411002696261516,,128.021481,7.274206,14.6694137860146
EV139,03/04/2022,,86.28981746599857,3.771506666666667,5.42712527777778,10.782308888888888,,,39.2,136.857951,41.9217030417944,,,0.410007345597134,,127.694927,9.163024,15.390590013711
EV139,03/05/2022,,113.11130497892307,0.041945,5.46571333333333,0.04722305555555555,,,60,,41.7038082362729,,,0.00761575926853366,,,,20.1211119684531
EV139,03/07/2022,,94.93930446194226,5.188479999999999,5.26880666666667,12.649589166666667,,,74.8,257.23543,38.3071899626018,,,0.496159296898558,,188.550542,68.684888,17.3268733012038
EV139,03/08/2022,,92.30158375089478,3.0951925,5.57490472222222,11.955391944444445,,,83.2,286.995047,31.0303712095545,,,0.356996285124318,,234.978027,52.01702,16.0049187757133
EV139,03/09/2022,,83.96899606299212,3.6662222222222223,4.54013444444444,11.422296111111113,,,78.8,267.507281,25.7844120879121,,,0.446753945890997,,208.257754,59.249527,17.7021531431352
EV139,03/10/2022,,91.7827388053766,3.195645,5.33404638888889,10.935059444444445,,,80,275.031894,24.3227229263537,,,0.37464954525351,,218.926909,56.104985,16.6097924149081
EV139,03/11/2022,,92.23944663167104,3.299269722222222,5.55684638888889,11.192029166666666,,,70.4,246.089127,33.3187711343375,,,0.372541380536201,,199.353919,46.735208,16.026704884911
EV139,03/14/2022,,65.38378370317346,1.6319952777777778,3.34538194444444,6.226311666666667,,,40,134.551635,50.3294781931464,,,0.327882578497667,,118.417706,16.133929,18.9684143073865
EV139,03/15/2022,,92.21769863994272,0.05666916666666666,5.43132055555556,0.09889166666666667,,,58.8,,45.021969474303,,,0.0103260336726214,,,,16.3846421295448
EV139,03/16/2022,,91.98157758689254,3.422896388888889,5.46324027777778,11.398161388888889,,,66.8,234.623644,39.1190333958571,,,0.385195109785867,,191.258339,43.365305,16.2501112048704
EV139,03/17/2022,,92.00332557862085,3.2451033333333332,5.45463638888889,10.383131666666666,,,57.2,196.151756,39.4106605284227,,,0.37301154252284,,168.512208,27.639548,16.3334588651644
EV139,03/18/2022,,133.49228008430765,0.04000083333333333,7.71415444444444,0.04972388888888889,,,64,,47.0797450008402,,,0.00515863197219813,,,,16.8112880634333
EV139,03/21/2022,,137.52808597788913,0.033613333333333335,6.70493472222222,0.07472527777777778,,,84,,42.7336655405405,,,0.00498821601570698,,,,19.8994290955484
EV139,03/22/2022,,136.98438618468143,4.141588611111111,7.4563825,13.635228333333334,,,69.2,242.660655,49.359855281984,,,0.357095958546006,,224.583662,18.076993,17.8430569495858
EV139,03/23/2022,,172.8903205281158,0.007499722222222222,7.87751305555556,0.8978077777777779,,,80.8,,52.8200311018957,,,0.000951136343540062,,,,21.409484756406
EV139,03/24/2022,,95.24377634613856,0.024168055555555554,5.64909777777778,0.038889999999999994,,,38.8,,57.7842769483806,,,0.00425998997148272,,,,16.3768995661269
EV139,03/25/2022,,95.24688320209974,3.0062197222222222,5.51577666666667,10.199006944444445,,,41.2,149.077904,55.3369964298307,,,0.352760032395904,,137.527587,11.550317,16.7912384293171
EV139,03/28/2022,,92.0375009941939,3.0926169444444445,5.36575305555556,9.801477222222221,,,42.4,155.179747,53.1195704510897,,,0.365628004502575,,140.587665,14.592082,16.6657174536972
EV139,03/29/2022,,111.95866141732284,0.04972361111111111,6.13883194444444,0.5183477777777777,,,48.4,,47.4732843693285,,,0.00803476847945132,,,,17.6649168436601
EV139,03/30/2022,,95.20028036268194,0.41529000000000005,5.82021027777778,2.7200966666666666,,,49.6,163.697826,50.3774853019776,,,0.0666009111538364,,157.840959,5.856867,15.7915533868063
EV139,03/31/2022,,0,0.01805611111111111,0,0.03055666666666667,,,,,,,,,,,,
EV139,04/01/2022,,95.23445577825498,2.750379166666667,5.80910111111111,10.071760555555556,,,50.8,180.316101,49.7171784766661,,,0.321325486759661,,160.528917,19.787184,15.9469326224469
EV139,04/04/2022,,95.07289926827328,0.025833055555555554,5.60574166666667,0.05277944444444444,,,55.2,,43.8320052404439,,,0.00458718153088126,,,,16.4783135552952
EV139,04/05/2022,,95.36183687266364,0.02555611111111111,5.61825111111111,0.04222333333333333,,,59.6,,41.6133372061236,,,0.00452816868203526,,,,16.4980952560342
EV139,04/06/2022,,95.28727232959515,0.03999972222222222,5.30713722222222,0.3625061111111111,,,54.8,,48.085380511257,,,0.00748058683325495,,,,17.4564964013564
EV139,04/07/2022,,89.2195826373976,0.024722777777777778,5.53938722222222,0.033056666666666665,,,43.6,,52.4020869006849,,,0.00444325827091445,,,,15.5903442842843
EV139,04/08/2022,,95.28105861767278,0.015278055555555555,5.75105194444444,0.02861138888888889,,,40.8,,60.4900807672892,,,0.00264952847921565,,,,16.171353202515
EV139,04/11/2022,,95.2779517617116,0.0075,5.26014555555556,0.025000833333333333,,,77.2,,35.8458597956648,,,0.00142378600095636,,,,17.5876374689606
EV139,04/12/2022,,44.20434661576394,0.5313963888888888,2.64841416666667,1.0141822222222223,,,44.4,,33.5791488172844,,,0.167115738376448,,,,15.7967805995175
EV139,04/13/2022,,146.2707786526684,0.36167555555555553,6.57631666666667,0.6686291666666667,,,100.8,,33.2930752871119,,,0.0521297147605783,,,,21.4581804098172
EV139,04/14/2022,,91.90390618786287,0.39972888888888886,5.46489027777778,1.0150172222222222,,,63.6,,29.3850502444324,,,0.068159394076408,,,,16.0523710866974
EV139,04/15/2022,,95.25309691402212,0.01916777777777778,5.63882027777778,0.05194694444444444,,,,,36.5258069164265,,,0.00338773740587116,,,,16.3753452573815
EV139,04/18/2022,,95.4208671359262,7.796066111111111,5.63185527777778,10.207042777777778,,,60,207.860882,47.9274763676589,,,0.58058621921648,,181.523734,26.337148,16.1753549723883
EV139,04/19/2022,,95.05425813250616,0.008333888888888889,5.29270111111111,0.4097336111111111,,,47.2,,50.0842245554431,,,0.00157212485654007,,,,17.4829590588532
EV139,04/20/2022,,95.22513521037143,2.8601275000000004,5.79714166666667,10.689013611111111,,,56,198.46216,50.0254775502166,,,0.330372943816098,,176.963974,21.498186,15.9051632153087
EV139,04/21/2022,,95.33698202497416,0.016389444444444446,5.76158138888889,0.014166944444444444,,,60.8,,50.7437272727273,,,0.00283653983676988,,,,16.1167420538877
EV139,04/22/2022,,95.44882883957686,0.026945,5.73746166666667,0.05916833333333334,,,51.2,,51.3750861559669,,,0.00467437527539695,,,,16.1039139542691
EV139,04/25/2022,,90.76369005010736,0.018333333333333333,5.32271361111111,0.022500555555555555,,,50.8,,59.6679808899702,,,0.00343253551673104,,,,16.5185266586156
EV139,04/26/2022,,96.39020619581645,0.017778333333333333,5.81743138888889,0.029723055555555555,,,,,50.2645161290323,,,0.00304673425286295,,,,16.1617200719513
EV139,04/27/2022,,96.22864968583472,3.465681111111111,5.99327277777778,9.47617638888889,,,43.2,148.534623,53.0454058823529,,,0.366391585350905,,135.034365,13.500258,15.701364584183
EV139,04/28/2022,,96.83448659826612,3.0781211111111113,6.01801777777778,11.924055555555555,,,46.8,169.796907,53.2218446333922,,,0.338398648999423,,152.875385,16.921522,15.6198104087301
EV139,04/29/2022,,90.6145609639704,0.02583388888888889,6.11273,0.03138916666666667,,,51.6,,51.4973970334101,,,0.00420845809484032,,,,14.3052988348746
EV139,04/30/2022,,0,0.3538955555555555,0.00277805555555556,0.3880647222222222,,,,0.929069,53.0611842105263,,,0.99221121084091,,0.023806,0.905263,0.598895726055948
EV139,05/02/2022,,91.85730334844509,3.2040283333333335,5.35212833333333,10.215667222222223,,,42,147.62487,53.7514448775056,,,0.374470507981193,,136.897222,10.727648,16.7097968545642
EV139,05/03/2022,,96.31253479678676,2.9267866666666666,5.88495416666667,10.005400555555557,,,38.8,140.970692,64.5222402963743,,,0.332146249194611,,135.650639,5.320053,15.9502357798922
EV139,05/04/2022,,89.67007675176966,3.445692222222222,5.43300472222222,10.793499444444445,,,,171.442066,64.2821361355082,,,0.388085351238196,,155.982826,15.45924,15.9788413912738
EV139,05/05/2022,,83.91928636761314,3.3104288888888886,5.38077805555556,9.824866666666665,,,36.8,126.966556,65.6067350888931,,,0.380894035782334,,120.735794,6.230762,15.1571517371598
EV139,05/06/2022,,83.97831663087568,3.0548402777777777,5.38298166666667,9.828983888888889,,,47.2,159.195856,54.0110609965636,,,0.362041329846871,,145.250055,13.945801,15.1650077736598
EV139,05/07/2022,,94.13152191203372,0.024723333333333333,5.45743444444444,0.028334166666666667,,,58,,51.2709403833917,,,0.00450978142831837,,,,16.7687599551807
EV139,05/09/2022,,0.5188449455181738,5.538808055555555,0.174168055555556,6.115765833333334,,,8.4,37.835328,46.8741762807978,,,0.969513603388465,,1.568711,36.266617,1.86567434100401
EV139,05/10/2022,,95.40533285612024,3.464575,5.36714222222222,10.168431111111111,,,44,151.004251,55.0786905060907,,,0.392287809134388,,138.71308,12.291171,17.3309404683183
EV139,05/11/2022,,89.71046587926509,3.7601380555555552,5.56715777777778,10.792353055555555,,,50,169.308338,57.8569701613912,,,0.403132710996235,,151.191534,18.116804,15.6371669451648
EV139,05/12/2022,,92.05614212996105,3.1620630555555556,5.46853916666667,9.975377777777778,,,44,154.063498,52.1987915491913,,,0.366378031814955,,141.332515,12.730983,16.3405524437079
EV139,05/13/2022,,95.46125626342162,2.750101388888889,5.84162277777778,10.031226944444445,,,46,161.42831,50.8984863847045,,,0.320087253214956,,145.818365,15.609945,15.9483721661994
EV139,05/14/2022,,82.30682812375726,0.02777888888888889,4.99823722222222,0.030834444444444446,,,,,53.0351232394366,,,0.00552701946726306,,,,15.9571542053179
EV139,05/16/2022,,95.45814940746044,6.2705077777777785,5.17299277777778,12.777446666666666,,,42.8,151.867319,67.3726758225174,,,0.547953639477353,,141.419482,10.447837,17.806865240383
EV139,05/17/2022,,83.28238089556987,3.674602222222222,4.71881111111111,9.904589444444444,,,54.8,185.022175,62.7694146001039,,,0.437795933107336,,164.368884,20.653291,17.1046684334413
EV139,05/18/2022,,90.35979877515312,3.057891111111111,5.36521722222222,9.851775833333333,,,48,158.04953,60.3176894993046,,,0.363035947075489,,144.056602,13.992928,16.4054993145596
EV139,05/19/2022,,142.6575051698083,3.977631388888889,7.67861527777778,13.997442222222222,,,80.8,286.594145,47.9949900283067,,,0.341244613522439,,257.234541,29.359604,18.0810430271791
EV139,05/20/2022,,158.2073192555476,0.0191675,9.06561805555556,0.026111666666666665,,,72,,50.467046628937,,,0.00210984616893666,,,,17.0316059762112
EV139,05/21/2022,,0.21437306132188025,1.6249269444444445,0.0952744444444444,1.7338133333333334,,,1.2,4.194995,56.0086834945586,,,0.944614366050487,,0.817145,3.37785,1.83198354040394
EV139,05/23/2022,,90.37222619899784,3.1826072222222224,5.55800111111111,10.12455138888889,,,45.6,155.157654,56.7496987714601,,,0.364117358981179,,146.092579,9.065075,15.8341708080036
EV139,05/24/2022,,95.1816392269148,2.677088888888889,5.79773694444444,9.611538333333334,,,40,133.075362,61.1889141119627,,,0.315887186537724,,127.286528,5.788834,16.0793178335562
EV139,05/25/2022,,102.75304720432672,4.337544444444444,5.81720833333333,11.562038333333334,,,46.8,162.889764,58.5655705858422,,,0.427144268242211,,153.912464,8.9773,17.1524330518593
EV139,05/26/2022,,95.63834705320926,2.6823433333333333,5.95719777777778,9.996824444444444,,,44,154.928559,75.9002155172414,,,0.310472894200785,,141.255914,13.672645,15.6664542021335
EV139,05/27/2022,,95.34630259285773,3.0623380555555553,5.35600888888889,9.788414444444445,,,44,154.554412,67.1018297968956,,,0.36376952337139,,146.248142,8.30627,17.2997395686431
EV139,05/31/2022,,48.45763242662848,1.5663168055555554,2.79969847222222,5.053406388888889,,,44,154.531819,65.0398465794769,,,0.358752021214361,,72.0812925,5.184617,16.89732048697
EV139,06/01/2022,,93.320632506164,3.5162533333333337,5.65523416666667,10.62710472222222,,,49.2,168.008875,65.226147517321,,,0.383389644627803,,154.356537,13.652338,15.9941687811563
EV139,06/02/2022,,120.00541835679633,2.740654722222222,5.46688611111111,9.8981675,,,61.2,206.762727,63.1091860465116,,,0.333919109009069,,193.629896,13.132831,21.3922411067646
EV139,06/03/2022,,48.320930764336275,1.8321708333333333,3.11232222222222,5.712305,,,24,79.026082,65.5043581185967,,,0.370547761468637,,74.009199,5.016883,15.0458690144061
EV139,06/04/2022,,70.34853952914976,3.2018180555555555,4.35087166666667,9.616095277777777,,,35.2,115.143792,59.2295594262295,,,0.423930834353604,,109.474349,5.669443,15.5929590892993
EV139,06/06/2022,,53.52491449932395,0.9942302777777777,1.85142861111111,4.266531944444444,,,100.8,79.243738,57.3351986592544,,,0.349384911051649,,77.829067,1.414671,27.950095122894
EV139,06/07/2022,,95.38047800843076,3.603197777777778,5.24300277777778,10.417107777777778,,,52,184.70389,67.5226680327869,,,0.407315858955392,,162.990531,21.713359,17.6840315780286
EV139,06/08/2022,,112.45886522707389,3.2456919444444443,6.17301611111111,11.071553611111112,,,56,192.313919,58.4642252820173,,,0.344600546624863,,178.475559,13.83836,17.7510864867162
EV139,06/09/2022,,95.55446194225722,2.795116111111111,5.73165055555556,9.931829444444444,,,46,160.654002,75.5926889572963,,,0.327804925404836,,147.890929,12.763073,16.2136765000387
EV139,06/10/2022,,68.33219001033962,6.406638333333333,4.42462527777778,11.820745555555556,,,30.8,106.805283,62.413605520294,,,0.5914950058792,,98.450036,8.355247,14.7531517372889
EV139,06/11/2022,,145.27969160104988,0.026945555555555556,5.72854916666667,0.033890555555555556,,,63.6,,59.8178606563828,,,0.00468170971498203,,,,24.7835210220236
EV139,06/13/2022,,128.18266324663963,0.3833488888888889,7.12805305555556,0.4555736111111111,,,58.8,,56.357963036341,,,0.0510355978450095,,,,17.4305071009461
EV139,06/14/2022,,90.69223236300007,3.4998780555555555,6.03853333333333,10.965965277777777,,,46,160.440882,51.254315628192,,,0.366924628521736,,143.233353,17.207529,14.6674084535922
EV139,06/15/2022,,89.8471675415573,3.2184575,5.36355666666667,9.932628055555556,,,46,157.486965,63.5847066740728,,,0.375023559446078,,142.822943,14.664022,16.2892571178634
EV139,06/16/2022,,113.93151495267637,3.1337141666666666,6.53666472222222,11.108500277777779,,,50,174.185112,69.2566070672873,,,0.324052883829325,,162.164952,12.02016,17.0584913860722
EV139,06/17/2022,,95.45814940746044,2.251493611111111,6.16666861111111,9.617103055555557,,,40.4,145.308624,80.2815229754322,,,0.267456667105753,,136.232174,9.07645,15.1397200305325
EV139,06/18/2022,,26.7096406983218,2.367777777777778,1.41005472222222,4.255351666666667,,,11.2,40.827163,66.3405832095097,,,0.626755627142754,,36.669639,4.157524,18.0096061863106
EV139,06/20/2022,,96.04223832816352,3.711489444444444,5.93138222222222,11.030145277777779,,,47.2,158.675341,58.9242604556273,,,0.384894621928265,,141.554563,17.120778,15.7536734937229
EV139,06/21/2022,,83.66452417879583,4.1165408333333335,5.22801361111111,10.662666944444446,,,44.8,151.941902,66.1558678120617,,,0.440528316016256,,137.911565,14.030337,15.5027176984464
EV139,06/22/2022,,83.9037520878072,3.576818888888889,5.60885166666667,10.342945555555556,,,36.4,134.627994,70.715056264066,,,0.389391157374527,,122.991264,11.63673,14.5600052665032
EV139,06/23/2022,,53.41306768472123,3.3522091666666665,3.27986583333333,7.275436111111111,,,,93.17904,76.1089565450644,,,0.505454049700383,,82.669948,10.509092,15.7271354312256
EV139,06/24/2022,,11.041766086057423,0.6282658333333333,0.438071944444444,1.5963622222222222,,,4,,62.4164948453608,,,0.589180882855547,,,,23.4019485732608
EV139,06/27/2022,,48.42656386701662,3.120302222222222,2.75816527777778,7.61865361111111,,,24.8,93.201909,76.9898818238862,,,0.530801985759422,,81.814679,11.38723,16.6712068628902
EV139,07/05/2022,,41.74682355046528,1.9995238888888889,1.38310333333333,9.256454444444444,,,95.6,64.946824,71.6314158407928,,,0.591115649916428,,64.916446,0.030378,26.2235734315997
EV139,07/06/2022,,29.93766404199475,8.566278888888888,0.742250277777778,6.149645277777778,,,16,59.750955,68.119197177194,,,0.920261271733913,,47.912228,11.838727,33.1894021817316
EV139,07/07/2022,,108.53490614809512,5.462622499999999,4.70140333333333,11.985496111111111,,,58,201.876387,79.4519357618255,,,0.537446735139644,,186.304873,15.571514,22.1654890538861
EV139,07/08/2022,,97.71372683528196,2.5365005555555555,5.96639777777778,9.934909444444445,,,47.2,164.796386,82.1783306399483,,,0.298310112166329,,151.999951,12.796435,16.004811489048
EV139,07/09/2022,,44.44357452477531,2.7532475,2.73816472222222,6.3686875,,,98.8,93.633443,80.4183978662191,,,0.501373305915438,,80.046508,13.586935,15.5290445292064
EV139,07/11/2022,,44.90338920703094,0.9370261111111111,1.42697277777778,3.635921944444444,,,23.2,73.072769,60.6691576086957,,,0.396373329748698,,71.277054,1.795715,30.3108117068762
EV139,07/12/2022,,0,0.009115833333333333,0,0.008837777777777778,,,0,0.083735,80.825,,,1,,0,0.083735,0.938599759469913
EV139,07/13/2022,,0.0310685596118667,1.717006388888889,0.0082675,1.8619516666666667,,,,4.954611,75.1187907830343,,,0.995208007231058,,0.12029,4.834321,0.344777294016119
EV139,07/15/2022,,116.10942098146822,0.02639,6.58394527777778,0.04833527777777778,,,63.6,,84.4857146173848,,,0.00399223320619096,,,,17.1161179149325
EV139,07/18/2022,,143.51189055913466,3.9093452777777777,7.52533,13.371984444444445,,,66.8,230.394546,73.3034788226209,,,0.341885115476364,,214.061491,16.333055,18.650612420733
EV139,07/19/2022,,159.35996281714785,4.501306388888889,7.89340222222222,14.577310833333334,,,75.2,251.148202,73.24141963713,,,0.363163550682727,,228.047877,23.100325,19.7033693617522
EV139,07/20/2022,,157.56730692754314,4.869098055555556,8.46623944444444,15.743228055555555,,,83.2,274.136625,76.7206336435592,,,0.36512747094369,,248.277576,25.859049,18.0987703579909
EV139,07/21/2022,,109.4048258172274,3.407653888888889,5.21300305555556,10.209901111111112,,,54,182.579532,71.7328812952352,,,0.395289351014593,,168.707466,13.872066,20.4735365738239
EV139,07/25/2022,,97.40614809512446,2.8381897222222223,5.64582083333333,10.089087777777777,,,54,186.893988,84.3728925130634,,,0.334533968768308,,167.052584,19.841404,16.7850827770714
EV139,07/26/2022,,94.31793326970492,3.541348333333333,5.01718277777778,10.19110361111111,,,46,166.016782,82.9089014826877,,,0.41377992173631,,145.267815,20.748967,18.2103069739718
EV139,07/27/2022,,95.47989739918872,2.8445852777777776,5.53416777777778,10.129667777777776,,,61.6,214.561693,91.8779097365322,,,0.339499834750669,,186.674414,27.887279,16.7674970085593
EV139,07/28/2022,,152.76100075558736,2.587628611111111,6.8875375,11.634439166666667,,,,248.476102,84.386439193655,,,0.273095857187845,,231.102047,17.374055,21.6686070684943
EV139,07/29/2022,,93.61267696651556,3.8293616666666663,5.23554083333333,10.828051944444445,,,60,207.145097,83.9383517632995,,,0.422438263033349,,173.698325,33.446772,17.283217264498
EV139,08/01/2022,,23.139863198918317,1.0117275000000001,1.59896472222222,3.202946111111111,,,14,51.583749,88.8089175977654,,,0.387532276454563,,44.350313,7.233436,13.9979891809267
EV139,08/02/2022,,216.89893521832497,0.028057222222222223,9.40211416666667,0.05194722222222222,,,110.4,,81.6544838682361,,,0.0029752611129932,,,,22.5117738467533
EV139,08/03/2022,,95.18785293883718,2.9873583333333333,5.48333166666667,10.131606666666666,,,,196.68484,89.8249455205811,,,0.352670010746862,,173.160023,23.524817,16.8883482586298
EV139,08/04/2022,,152.45963572735226,2.477611111111111,6.78336277777778,11.17356138888889,,,68,233.509509,77.2054225699686,,,0.267532458339365,,219.001725,14.507784,22.044892960124
EV139,08/05/2022,,109.46074922452875,0.01805611111111111,4.80632388888889,0.033056666666666665,,,49.2,,82.8853660849772,,,0.00374268011871186,,,,22.2934147232131
EV139,08/08/2022,,128.2789757814364,0.028613055555555558,5.01829888888889,0.055003611111111114,,,67.2,,83.105009073038,,,0.00566941842269555,,,,24.884112553366
EV139,08/09/2022,,152.58390996579973,2.8101286111111112,6.70892277777778,11.546655277777779,,,,247.962361,80.2991205440901,,,0.29521099280872,,228.767439,19.194922,22.2628693640957
EV139,08/10/2022,,98.27606776425674,0.02694638888888889,5.92861666666667,0.049445555555555555,,,47.2,,83.1971093403343,,,0.00452457452595559,,,,16.139452315102
EV139,08/11/2022,,95.85272011453114,3.1283024999999998,5.91002,10.684234722222223,,,,191.461054,88.5008875298329,,,0.346115388115438,,170.411635,21.049419,15.8013150437073
EV139,08/12/2022,,169.64365604867572,0.017778333333333333,8.19037694444444,0.030834444444444446,,,73.2,,75.2774611578016,,,0.00216593530844442,,,,20.2335771529998
EV139,08/15/2022,,145.6431937485087,0.02861277777777778,8.17789861111111,0.05416888888888889,,,76.8,,77.2468994522692,,,0.00348659453717663,,,,17.2266558505792
EV139,08/16/2022,,145.7395062833055,0.02000222222222222,7.97678916666667,0.08389305555555555,,,84,,78.8861728060672,,,0.00250128098252184,,,,17.6284641991732
EV139,08/17/2022,,128.188876958562,0.028056944444444443,6.64339861111111,0.05083555555555556,,,,,89.9266783727895,,,0.00420552070096314,,,,18.7844646622569
EV139,08/18/2022,,125.42066829714469,3.7165663888888885,6.91033583333333,13.380645555555557,,,62,222.610796,81.7274008793582,,,0.349731870226214,,201.320105,21.290691,17.6278279115408
EV139,08/19/2022,,32.768009822635804,1.5470388888888889,1.85592972222222,4.298014444444445,,,27.2,95.145551,91.7536559003052,,,0.454614504476361,,76.889466,18.256085,16.8912907217043
EV139,08/22/2022,,128.26654835759166,0.01888916666666667,7.04505527777778,0.03166722222222222,,,57.2,,80.9648563363061,,,0.0026740253714088,,,,17.8420165973327
EV139,08/23/2022,,128.322471764893,0.01916777777777778,6.36698166666667,0.033334444444444444,,,62.4,,85.399841332205,,,0.00300146088727262,,,,19.6606168555361
EV139,08/24/2022,,128.01178616877436,0.008888611111111111,6.39280277777778,0.04333416666666666,,,,,81.7049224934037,,,0.0013884785396776,,,,19.5314884896079
EV139,08/25/2022,,152.97537381690924,0.028611666666666664,8.28620111111111,0.04555694444444444,,,,,75.2487241549065,,,0.00344104761361968,,,,17.9925649267902
EV139,08/26/2022,,92.02818042631034,2.846515277777778,5.41216583333333,9.74180111111111,,,,136.212713,69.0171457272438,,,0.34466947439684,,126.507001,9.705712,16.5868428468451
EV139,08/27/2022,,3.5884186351706036,0.026111666666666665,0.448905,0.02555611111111111,,,,,68.6477620087336,,,0.0549700010525946,,,,6.71116615587251
EV139,08/29/2022,,32.78354410244174,1.7436858333333334,2.00620277777778,4.498258333333333,,,18,67.504333,81.529923172024,,,0.464996701013119,,56.914398,10.589935,15.6914729304188
EV139,08/30/2022,,128.26965521355285,3.165700555555556,6.45866194444444,11.361663333333333,,,61.2,207.578585,85.0384665697674,,,0.328925739814513,,187.070698,20.507887,19.4085683100815
EV139,08/31/2022,,42.918108247832656,0.02861263888888889,2.48025791666667,0.05653013888888889,,,50.8,,84.6395104529617,,,0.00562424278331222,,,,16.7683214228742
EV139,09/01/2022,,146.81758530183723,0.028056388888888888,8.69874833333333,0.05333583333333333,,,,,78.702508628624,,,0.00321496696464918,,,,16.3589874100721
EV139,09/02/2022,,86.53525908693231,3.196251111111111,5.35772916666667,9.999044999999999,,,36,133.620635,72.9514017897599,,,0.373656591121047,,120.157558,13.463077,15.7006752662753
EV139,09/06/2022,,95.19717350672074,2.518246111111111,5.71062972222222,9.876176666666666,,,55.2,189.241786,82.2464839523981,,,0.30602553278423,,171.164403,18.077383,16.2948999948159
EV139,09/07/2022,,125.4362025769506,3.423286666666667,6.82557944444444,12.82251361111111,,,56,201.332388,72.6698732494813,,,0.334016136961276,,188.450833,12.881555,17.8710518375115
EV139,09/08/2022,,95.22513521037143,2.702631111111111,5.62858527777778,9.838224166666668,,,49.6,165.24542,74.0334519298555,,,0.324398141274488,,151.788451,13.456969,16.4561520606092
EV139,09/09/2022,,112.04876024019724,1.9925775000000001,6.39998583333333,1.9995225,,,54.8,,62.5986818948891,,,0.237421800808573,,,,16.768513092689
EV139,09/12/2022,,153.20838801399825,3.300975,6.70497805555556,11.870196666666667,,,62,215.231715,63.7038555090206,,,0.329901108037601,,204.68956,10.542155,22.3261239901807
EV139,09/13/2022,,153.34198282032926,2.7524105555555556,6.558865,11.3119125,,,68,234.807308,58.9610433041112,,,0.295599731651517,,223.788849,11.018459,22.8449246304436
EV139,09/14/2022,,128.5616996739044,0.028056111111111108,6.58195277777778,0.04416833333333333,,,54.8,,65.3246036085293,,,0.00424448916525243,,,,19.0618232075095
EV139,09/15/2022,,132.58197128767995,4.161273333333334,6.81333916666667,13.036090555555555,,,,223.666181,61.2776975254365,,,0.379172689088871,,204.711817,18.954364,18.9272764608835
EV139,09/16/2022,,32.84257436570429,1.741461388888889,1.80896416666667,4.329904166666667,,,20,71.004626,68.8982288760462,,,0.490493706075297,,64.330487,6.674139,17.3848393785239
EV139,09/17/2022,,3.5884186351706036,2.0660641666666666,0.352512777777778,2.5871927777777777,,,0.8,8.349441,57.3843631178707,,,0.854247854885282,,6.709984,1.639457,8.95603319985792
EV139,09/19/2022,,129.17685715421936,3.7423652777777776,5.98971194444444,11.608565,,,65.2,219.507342,67.4543757649939,,,0.384539209084003,,200.693036,18.814306,21.0135657161276
EV139,09/20/2022,,135.6670792571383,4.183233888888889,6.97303861111111,13.098848611111112,,,67.6,226.924735,58.1293274244004,,,0.37496698730592,,205.374422,21.550313,18.9407010995199
EV139,09/21/2022,,95.46125626342162,2.7040005555555555,5.95606527777778,9.858174444444444,,,39.2,134.294511,64.5856685868679,,,0.312237875276609,,128.092848,6.201663,15.6359072104746
EV139,09/22/2022,,128.85063727829476,1.7445088888888889,6.50301527777778,1.8289561111111112,,,80.8,,50.214136977887,,,0.211519099991186,,,,19.1511946678317
EV139,09/23/2022,,126.62923526604628,4.164041388888889,6.36523972222222,12.50187,,,62.4,217.307737,52.132431024216,,,0.395472525137044,,192.532969,24.774768,19.4584793674619
EV139,09/24/2022,,113.81966813807364,2.2809288888888886,6.21664416666667,10.17542638888889,,,55.2,189.424602,64.0675679228747,,,0.268421215560796,,172.639569,16.785033,17.9498480202072
EV139,09/25/2022,,157.2504076195021,4.130719444444445,6.53362222222222,12.844716111111111,,,76,259.98839,67.0821267985611,,,0.387339375796235,,241.754624,18.233766,23.4878179429144
EV139,09/26/2022,,111.71011294042788,2.9912325,5.92496222222222,10.488486388888889,,,53.2,178.514644,56.8757506321112,,,0.335483083668509,,163.639823,14.874821,18.4518980778082
EV139,09/27/2022,,12.896559094885866,2.027581111111111,0.656968333333333,3.013242777777778,,,6,19.283872,73.3641982864137,,,0.755277990989177,,16.028112,3.25576,18.2144877334165
EV139,09/28/2022,,110.54504195498288,2.6634391666666666,5.71800055555556,10.785153055555556,,,49.2,173.83119,59.0876969973457,,,0.31777824036662,,160.287203,13.543987,18.8110602107311
EV139,09/29/2022,,77.67139902966674,2.4803800000000003,4.40406916666667,8.099220833333334,,,,127.99829,64.5368318256579,,,0.360287357775779,,121.084957,6.913333,17.1805593348243
EV139,09/30/2022,,76.1443793247435,2.328562638888889,3.84918083333333,7.217646944444444,,,71.6,245.813845,54.2009319262782,,,0.376927700115601,,110.0432935,12.863629,19.2543059637687
EV139,10/01/2022,,188.58926369999205,4.08105,8.5073025,14.910109722222222,,,82,278.67955,58.4436233792545,,,0.324192542272708,,262.472182,16.207368,21.6891739912924
EV139,10/02/2022,,142.82838224767357,0.856425,8.21368861111111,1.041156111111111,,,55.2,,60.1610135415586,,,0.0944227422852629,,,,16.8798928647621
EV139,10/03/2022,,94.24647558259764,4.610734166666667,5.93968,12.06185888888889,,,43.6,146.842578,60.2505548224568,,,0.437019257616822,,137.284482,9.558096,15.4796500006433
EV139,10/04/2022,,153.0996480553567,2.2789733333333335,7.23722111111111,11.222654722222222,,,57.2,194.553342,57.5166586364731,,,0.239483687164862,,189.267731,5.285611,20.7431639432601
EV139,10/05/2022,,113.7606378748111,3.3567958333333334,5.88497138888889,11.108236944444444,,,54,189.434962,61.4684293122271,,,0.363220123664419,,171.070566,18.364396,18.771115939842
EV139,10/06/2022,,129.04326234788832,4.68241,6.87557583333333,13.400562222222222,,,64,216.197164,60.5378338278932,,,0.40512335518667,,188.537632,27.659532,18.2316009342525
EV139,10/07/2022,,153.07479320766723,3.515693055555556,6.60693555555556,12.185772222222221,,,74,244.842264,58.0019320627549,,,0.347310287734606,,225.987195,18.855069,22.6278041975446
EV139,10/08/2022,,157.48031496062993,4.253157222222222,6.85031888888889,13.267455000000002,,,76.4,250.190251,59.6769377729258,,,0.383047360994107,,231.65441,18.535841,22.3470834171331
EV139,10/09/2022,,173.43712717728465,0.6716955555555555,8.9087075,1.3592180555555557,,,72,,60.1338333406729,,,0.0701114088478822,,,,18.9206678779428
EV139,10/10/2022,,111.16019943529786,5.134105833333333,5.42021333333333,13.12941611111111,,,53.2,187.135392,55.3906863501667,,,0.486445951866625,,169.108503,18.026889,19.8181862785871
EV139,10/11/2022,,129.80754891434026,1.9478580555555556,7.29502472222222,1.9975819444444445,,,60.4,,63.2700250986016,,,0.210741399884319,,,,17.1497584417285
EV139,10/12/2022,,56.97973832816352,9.502937777777777,2.55844222222222,13.185450833333332,,,,102.223553,65.5435162094763,,,0.787881467773818,,88.469062,13.754491,20.691330694481
EV139,10/13/2022,,95.71601845223891,3.0645591666666667,5.73633444444444,10.185395,,,45.2,154.530096,52.8587212757528,,,0.348210000266072,,142.944426,11.58567,16.2890604746143
EV139,10/14/2022,,110.01376958561998,2.6197797222222223,5.60132444444444,9.897314444444445,,,60,199.428274,47.0621203977425,,,0.318665190114534,,177.021309,22.406965,19.1662393670583
EV139,10/15/2022,,188.5302334367295,4.202114166666667,8.45674666666667,14.999512222222222,,,83.2,277.250446,60.6310691117764,,,0.331950419709304,,257.308058,19.942388,21.7751187709941
EV139,10/16/2022,,173.61421796707228,1.096635277777778,8.64757027777778,1.9111905555555555,,,77.2,,56.1262400472178,,,0.112542297217093,,,,19.4794785106423
EV139,10/17/2022,,110.2405700707866,5.323875,5.32742916666667,13.790550277777777,,,74.4,233.155226,47.2380115501876,,,0.499833158146127,,203.417998,29.737228,20.0110127548006
EV139,10/18/2022,,0.01864113576712002,0.035520833333333335,0.0319586111111111,0.06581333333333333,,,1.2,1.78473,53.0367346938775,,,0.526394869219433,,0.914221,0.870509,1.42960027407551
EV139,10/19/2022,,0.02796170365068002,0.038575,0.0419163888888889,0.07908638888888889,,,0.8,2.13661,44.5480769230769,,,0.47924381144981,,1.202351,0.934259,2.90957271256728
EV139,10/21/2022,,0,1.2403158333333333,0.00556083333333333,1.2444902777777778,,,4,,52.9442338709677,,,0.995536610097843,,,,0.287387450920687
EV139,10/24/2022,,65.05445697128768,2.466660833333333,3.32993444444444,7.382756388888889,,,39.6,142.192698,44.4774677679291,,,0.425536149261566,,119.480329,22.712369,18.7183848635039
EV139,10/25/2022,,0.03728227153424004,3.595998055555556,0.0113894444444444,3.590998611111111,,,10,24.887046,49.0487078346028,,,0.996842744383728,,0.222757,24.664289,0.548095566282673
EV139,10/26/2022,,119.0951095601686,3.8019402777777778,6.19964833333333,12.861141944444444,,,48.4,167.692815,42.5186729643924,,,0.380133639325464,,157.898089,9.794726,18.6501091071907
EV139,10/27/2022,,153.37926509186352,3.028855833333333,6.66939611111111,13.756618333333334,,,63.2,216.224951,45.0154142289436,,,0.31230946057948,,206.572216,9.652735,22.3088918035371
EV139,10/28/2022,,147.54148274079375,0.2998725,7.95361277777778,1.7795158333333332,,,88.4,,42.0907442352356,,,0.0363328327255149,,,,17.8945221505712
EV139,10/29/2022,,131.77418873777142,6.096196944444444,7.65476472222222,16.788139722222223,,,72,251.138415,49.3275310268616,,,0.443328771632174,,215.583728,35.554687,16.6890475639184
EV139,10/30/2022,,18.392587290225084,1.2216708333333335,1.03308083333333,3.0198380555555553,,,11.6,41.154653,47.8262386787427,,,0.541820570040603,,32.065102,9.089551,16.9517103909677
EV139,10/31/2022,,46.3325429491768,2.7172268055555553,2.66884722222222,6.639284722222222,,,57.6,192.472508,53.3005566102865,,,0.504491173263106,,87.0778825,9.1583715,16.7054020686986
EV139,11/01/2022,,132.5477958721069,2.4939702777777777,6.09329277777778,12.113236111111112,,,80.4,274.695383,48.1527911235049,,,0.290426677469056,,251.914851,22.780532,21.1589442643171
EV139,11/02/2022,,100.29241728306688,1.4461344444444444,5.15070333333333,1.7000825,,,79.6,,46.5209636020882,,,0.219216311384209,,,,18.5662211973996
EV139,11/03/2022,,100.37630239401892,0.16361944444444443,5.10162222222222,0.23668027777777778,,,,,41.2936066576087,,,0.0310753911791534,,,,18.8424263033585
EV139,11/04/2022,,93.65306609401097,3.818465277777778,5.97187305555556,13.798263333333333,,,62,218.831642,40.1691848602326,,,0.390023832452959,,186.903472,31.92817,15.1327666144489
EV139,11/05/2022,,81.60467867652906,3.8670566666666666,5.24518277777778,12.707121944444445,,,56.8,196.050803,42.679192334685,,,0.424380492879205,,168.030095,28.020708,15.0134982727762
EV139,11/06/2022,,81.56739640499482,3.5540519444444443,4.84740472222222,12.996303055555556,,,66.4,223.620245,42.273623853211,,,0.423028063519673,,182.971332,40.648913,16.1086732755372
EV139,11/07/2022,,109.80871709218164,3.843893611111111,6.0696425,15.951374999999999,,,,326.153074,34.8935080531224,,,0.387741928614439,,279.527284,46.62579,17.3773727673735
EV139,11/08/2022,,147.05370635488745,0.8286425,7.88221305555556,0.29501305555555557,,,118.8,,31.1090463498374,,,0.0951275675179246,,,,17.9920986393581
EV139,11/09/2022,,79.16579674699753,4.018301388888889,5.61183694444444,14.075295555555556,,,81.6,274.026458,25.7801396599584,,,0.417263101505003,,243.897532,30.128926,13.5923591100515
EV139,11/10/2022,,135.12337946393063,0.5792477777777778,8.715005,1.9550641666666666,,,138,,29.0340548425798,,,0.0623232218476711,,,,14.9482378184967
EV139,11/11/2022,,104.78182414698162,0.9536519444444445,6.04935472222222,1.0894902777777777,,,78.8,,31.8526800496689,,,0.13617750058467,,,,16.5963670351077
EV139,11/12/2022,,93.8084088920703,5.0340775,4.30263027777778,11.21649611111111,,,79.2,270.028291,23.3869008908077,,,0.539170510614198,,226.500164,43.528127,21.0037678088394
EV139,11/13/2022,,78.76811918396564,2.5469141666666664,3.86817055555556,10.375613333333334,,,62,214.900432,30.7732655152225,,,0.397019568244206,,181.892873,33.007559,19.5207735595249
EV139,11/14/2022,,108.94811799093294,3.964382222222222,5.89379916666667,16.179984166666667,,,98,335.317684,32.7309401483051,,,0.402141334779096,,276.632532,58.685152,17.931345507599
EV139,11/15/2022,,73.37151037938439,3.005516666666667,4.38239944444444,11.491536388888889,,,67.6,234.271093,33.5545392085013,,,0.406815213040454,,191.310172,42.960921,16.0402939723768
EV139,11/16/2022,,99.00928577109678,0.9336694444444444,6.68299916666667,0.8278091666666666,,,74.4,,33.1498362187473,,,0.122582390296253,,,,14.2437613331084
EV139,11/17/2022,,94.07870536069356,3.828213055555555,6.23160111111111,13.385746944444444,,,51.6,183.902123,27.778287968893,,,0.380545106711851,,175.239821,8.662302,14.5809858853207
EV139,11/18/2022,,113.71092817943212,4.068665277777778,6.459075,12.704474444444445,,,75.2,246.470077,15.0993229942541,,,0.386470901677354,,226.058837,20.41124,17.1281424184715
EV139,11/19/2022,,128.08013699992046,2.850148888888889,6.04573472222222,12.981237777777777,,,61.2,210.754789,19.2217483108108,,,0.320389633395046,,203.00347,7.751319,20.5954408338864
EV139,11/20/2022,,124.19656704843712,3.2116955555555555,5.8643525,12.861242222222222,,,60,209.695944,20.0756199351702,,,0.353864979107249,,200.288728,9.407216,20.5029390862674
EV139,11/21/2022,,93.59403583074842,2.8645341666666666,6.08685111111111,10.445047500000001,,,50,163.397551,21.5910135135135,,,0.320010152370271,,155.011312,8.386239,15.0280438083622
EV139,11/22/2022,,118.22829674699751,0.9064277777777777,5.91548361111111,1.0864383333333334,,,76.8,,33.5267433927032,,,0.132870060325631,,,,19.1669038700494
EV139,11/23/2022,,97.80693251411756,4.994125277777777,5.35351388888889,13.656311666666667,,,53.2,174.1147,38.3566863792446,,,0.482634270227124,,161.694226,12.420474,17.5821927156041
EV139,11/25/2022,,73.92142388451444,2.106731111111111,2.92175944444444,6.354933333333333,,,38.4,135.899578,32.6783520648197,,,0.418958947587872,,129.630113,6.269465,24.5544862159333
EV139,11/26/2022,,81.80351745804501,3.9818938888888886,5.45463361111111,12.122659444444444,,,43.2,145.730841,39.8694038884813,,,0.421966013333707,,136.091375,9.639466,14.4966169776959
EV139,11/27/2022,,94.35210868527795,3.4789986111111113,5.31907805555556,12.947666666666667,,,65.2,223.417738,37.892386000982,,,0.39542717606588,,191.989725,31.428013,17.0835565546791
EV139,11/28/2022,,93.47286844826216,2.986759166666667,5.95214305555556,10.507845833333334,,,50,168.110773,24.5278038887458,,,0.334130421433803,,159.294816,8.815957,15.3599738574149
EV139,11/29/2022,,114.45346675415573,0.32796361111111116,5.95186305555556,0.5130736111111112,,,81.2,,26.1915907992266,,,0.0522249464068718,,,,18.6106725585372
EV139,11/30/2022,,29.658047005487948,1.4446719444444445,1.81810916666667,5.3676747222222225,,,66,218.380322,28.5594163531396,,,0.442773172715982,,87.4949365,21.6952245,15.5804201956424
EV139,12/01/2022,,108.9605454147777,3.685680555555556,6.36049138888889,14.916612222222222,,,98,337.734509,33.1248568371124,,,0.366874126377435,,289.61118,48.123329,16.5249346104926
EV139,12/02/2022,,118.90559134653624,0.3101102777777778,7.77303694444444,1.7408930555555555,,,110.4,,30.4319052191595,,,0.0383650413944239,,,,14.7051622273599
EV139,12/03/2022,,68.45957110474826,6.131423611111111,4.06457694444445,15.985275833333334,,,69.2,244.273877,30.1950189902636,,,0.601355754906295,,191.656902,52.616975,15.8643446831525
EV139,12/04/2022,,91.81380736498846,3.8534916666666668,4.10041527777778,12.457046666666667,,,64.4,257.925292,24.2505319011092,,,0.484477841340376,,217.320224,40.605068,21.3483329623635
EV139,12/06/2022,,85.94495645430685,3.2787402777777777,5.11321583333333,11.03287888888889,,,72,239.012733,33.5605854084006,,,0.390700360484091,,212.406285,26.606448,16.2175815438753
EV139,12/07/2022,,86.74031158037063,2.460666388888889,4.72522777777778,9.368190555555556,,,70.4,241.094392,34.9430958132045,,,0.342430090371109,,203.096726,37.997666,17.8493482426101
EV139,12/08/2022,,95.9272846575996,1.9409005555555556,5.98047638888889,1.9975697222222222,,,82,,29.4523028544808,,,0.245020603004732,,,,15.3756958015623
EV139,12/09/2022,,102.0167223415255,5.398716388888889,6.54632166666667,16.023041666666664,,,75.2,268.791474,29.8596041519167,,,0.45196309662471,,229.167355,39.624119,15.1374764064027
EV139,12/10/2022,,78.21509882287441,4.263708888888889,3.70983888888889,12.042338333333333,,,63.2,214.339688,36.9285686093935,,,0.534731716384997,,182.256725,32.082963,19.9418744506753
EV139,12/12/2022,,87.32129364511253,2.746451111111111,5.44546472222222,11.939580833333334,,,72.4,261.167882,35.1956653710531,,,0.335263589981681,,221.394519,39.773363,15.4862067796105
EV139,12/13/2022,,93.42315875288315,3.4787286111111113,5.79713027777778,11.46287888888889,,,72.8,237.399312,30.1522457694133,,,0.375030350588679,,207.340858,30.058454,15.6710324155699
EV139,12/14/2022,,101.91419609480631,4.201086666666667,5.73658277777778,13.056395277777778,,,88.4,313.862627,31.4617307692308,,,0.422743651331172,,256.927348,56.935279,17.1927700909377
EV139,12/15/2022,,97.64226914817466,5.197401944444445,5.31015305555556,13.801545277777779,,,92,318.460893,30.8735001834638,,,0.494634759888903,,243.987696,74.473197,17.6598832585242
EV139,12/16/2022,,93.29267080251331,3.5692766666666667,6.09713638888889,11.845924444444444,,,73.2,253.767639,23.9982048396173,,,0.369245204622753,,213.289774,40.477865,14.87744554927
EV139,12/17/2022,,86.60671677403961,3.690123333333333,4.455415,10.333938055555556,,,72.8,248.929861,23.1396330104322,,,0.453023874214984,,208.770461,40.1594,18.7769449804361
EV139,12/18/2022,,42.28741648771176,2.3982675,2.7400925,7.572742222222222,,,,130.954408,30.8687662085062,,,0.466737928054866,,104.120052,26.834356,14.7753664843374
EV139,12/19/2022,,99.01860633898036,3.236412777777778,6.22743722222222,12.669861944444444,,,94.8,320.245419,26.8620053531291,,,0.341976339204212,,262.142288,58.103131,15.4302127360047
EV139,12/20/2022,,94.09113278453827,2.6678633333333335,6.11379722222222,10.938398888888887,,,75.6,250.870754,26.7304994590696,,,0.303799414297056,,222.153056,28.717698,15.0062389193947
EV139,12/21/2022,,113.02741986797103,3.005627222222222,6.25323333333333,12.956182222222223,,,113.2,388.747068,9.75188124788207,,,0.324621718211186,,323.49098,65.256088,17.5410818511785
EV139,12/22/2022,,36.82245685198441,7.256904722222222,2.18293361111111,11.82628972222222,,,79.2,264.69403,-0.712748317285225,,,0.768753072454336,,113.554046,151.139984,15.4448929761673
EV139,12/23/2022,,119.30637576552932,0.04981777777777777,6.57573583333333,1.2847655555555555,,,77.2,,12.2211747935911,,,0.00751903624992679,,,,17.5465624498074
EV139,12/26/2022,,44.54920762745566,2.522306111111111,2.4639725,6.093821111111112,,,26,89.047663,35.9008387120985,,,0.505849413526665,,81.213291,7.834372,17.4569421832302
EV139,12/27/2022,,58.52073888491211,2.155903888888889,2.99761527777778,6.215504444444444,,,32,104.785713,39.7712428042763,,,0.418336251242341,,97.813732,6.971981,18.9786819544459
EV139,12/28/2022,,93.54121927940824,3.1115041666666667,5.98491472222222,10.980093055555555,,,62.8,210.63419,36.6539881593111,,,0.342058144493248,,187.440676,23.193514,15.2095285523815
EV139,12/29/2022,,93.62821124632148,3.488737222222222,5.52990083333333,11.117048888888888,,,70.4,234.242152,35.0799691958495,,,0.38683637160415,,193.972695,40.269457,16.4331087056806
EV139,12/30/2022,,100.69941541398234,3.1689241666666668,5.12043972222222,10.697785277777779,,,80,254.108995,37.0629442852718,,,0.382287978805504,,213.081231,41.027764,19.085110472154
EV139,12/31/2022,,71.60681619343036,2.6367849999999997,4.24737222222222,8.776964444444445,,,59.2,200.068292,37.2141994572592,,,0.383022193550199,,170.526588,29.541704,16.3025146832405
EV139,01/02/2023,,136.4624343832021,3.1446466666666666,6.65993527777778,15.134673888888889,,,96.4,315.384093,36.2773745202989,,,0.320732356003054,,284.621603,30.76249,19.8233719957264
EV139,01/03/2023,,110.55125566690526,4.351518055555555,6.37992805555556,14.755473333333333,,,105.6,358.273159,24.7118364498405,,,0.405492233805292,,289.72457,68.548589,16.7622526965875
EV139,01/04/2023,,96.05155889604708,2.943984722222222,6.07550583333333,11.137624444444443,,,77.2,250.591723,33.3942588708568,,,0.326402550575196,,216.577397,34.014326,15.357681156535
EV139,01/05/2023,,86.35816829714467,3.0238797222222225,4.62930083333333,9.761306944444446,,,67.6,227.535134,33.2776546932354,,,0.395114122850159,,189.994496,37.540638,18.0744515215636
EV139,01/06/2023,,93.52257814364113,4.013211111111111,5.91019055555556,11.865691388888889,,,62.4,219.305227,32.6408445009242,,,0.40441889242393,,191.036187,28.26904,15.3681060918592
EV139,01/07/2023,,100.46950807285452,3.3117602777777777,5.36879444444444,10.823679722222224,,,73.2,245.417817,28.9870866935484,,,0.381514820625423,,214.107984,31.309833,18.2156546183608
EV139,01/08/2023,,95.12882267557464,3.254263611111111,4.02958888888889,10.544246944444444,,,80,266.760009,33.0864705983023,,,0.44677780214675,,220.61127,46.148739,22.7008132659458
EV139,01/09/2023,,86.43894655213552,3.115931111111111,4.73654444444445,9.929493611111113,,,76.4,230.402057,32.7710169424117,,,0.396808762926568,,198.61603,31.786027,17.7282661106484
EV139,01/10/2023,,90.20445597709376,3.4814994444444443,5.72797111111111,11.253985555555555,,,68.4,228.689995,32.7751747141042,,,0.378034700631542,,194.179091,34.510904,15.3013549095687
EV139,01/11/2023,,113.40024258331344,4.732139722222223,6.37829305555556,14.050811666666666,,,103.6,346.971794,30.9649205526286,,,0.425918577329146,,282.762996,64.208798,17.1821323479074
EV139,01/12/2023,,89.9621212121212,3.399843333333333,5.25628444444444,10.61702138888889,,,80,257.495688,32.2038087442219,,,0.392767230407746,,211.625537,45.870151,16.5649966561774
EV139,01/13/2023,,86.71545673268113,3.190050277777778,4.83433305555555,10.057834722222223,,,64.8,216.877699,35.056386543229,,,0.397544601904335,,188.736885,28.140814,17.4194381342067
EV139,01/14/2023,,110.02619700946472,3.0853916666666668,5.14544916666667,10.434250833333333,,,74.4,250.465925,36.25565,,,0.374857408756031,,227.476279,22.989646,20.7281482389637
EV139,01/15/2023,,0.14912908613696016,0.1650075,0.0625002777777778,0.22472944444444443,,,0.8,4.305176,41.8583333333333,,,0.725282896311237,,1.352826,2.95235,2.53241059528312
EV139,01/16/2023,,73.59831086455102,3.162364166666667,4.41905416666667,9.393647777777778,,,56,196.333696,35.7493626867287,,,0.417120389302705,,163.103152,33.230544,16.1177238041456
EV139,01/17/2023,,90.13299828998647,3.0323355555555556,5.69184416666667,10.730082777777778,,,68.4,229.145875,35.6215242346939,,,0.347578299863722,,200.477113,28.668762,15.3783052626045
EV139,01/18/2023,,112.99635130835918,4.768768611111111,7.19358555555556,14.902458055555556,,,90.4,317.606402,34.1247899159664,,,0.398648003952214,,260.150537,57.455865,15.2383162668087
EV139,01/19/2023,,89.94658693231527,4.120150833333334,5.29432833333333,11.530918888888888,,,73.6,237.66264,33.4140501785449,,,0.437639805707078,,189.034468,48.628172,16.4222726141379
EV139,01/20/2023,,93.63131810228266,0.04138972222222222,5.75435833333333,0.05389,,,75.2,,38.7447904357459,,,0.00714139431622598,,,,15.7609219633299
EV139,01/21/2023,,114.30123081205758,4.066798055555555,5.51129833333333,11.95929888888889,,,82,273.40091,33.8708836526785,,,0.424593561229271,,235.884894,37.516016,20.1279608766087
EV139,01/22/2023,,0.21126620536069352,0.20104416666666666,0.1211325,0.4149566666666667,,,1.2,1.046053,44.4571883378016,,,0.62401839570422,,0.77331,0.272743,1.66535433275542
EV139,01/23/2023,,90.87553686471009,4.555150833333334,5.34406083333333,12.741796666666668,,,84.4,293.403082,26.6889841137124,,,0.460152887595258,,231.915922,61.48716,16.3552406687164
EV139,01/24/2023,,109.94231189851268,5.343968611111111,4.81432361111111,12.382060833333334,,,58,198.400299,31.0400713692681,,,0.526069588687425,,183.522437,14.877862,21.9613580666617
EV139,01/25/2023,,90.3846536228426,3.5120727777777776,5.1271175,10.322860833333333,,,58,190.876549,36.7481754288437,,,0.406528003765785,,180.258727,10.617822,17.0935393247363
EV139,01/26/2023,,93.46976159230096,4.122765,5.54659027777778,11.955200555555557,,,48.4,172.256374,40.302382923368,,,0.426374342607411,,159.129121,13.127253,16.3601633281729
EV139,01/27/2023,,147.95469458363158,3.957366388888889,6.40550055555556,12.747953611111111,,,82.4,280.779343,36.7976839344056,,,0.381879494362363,,267.079078,13.700265,22.4798435620317
EV139,01/28/2023,,109.05064423765212,2.445077777777778,5.14587777777778,9.35103027777778,,,58.4,199.118924,20.7892839585539,,,0.3221040829291,,192.320213,6.798711,20.6916769535797
EV139,01/29/2023,,125.75931559691402,2.7211991666666666,5.70766833333333,10.657831666666668,,,77.2,257.510499,9.92049988703118,,,0.322842797880815,,248.780921,8.729578,21.5059147520451
EV139,01/30/2023,,90.53999642090191,0.016945000000000002,6.06407361111111,0.03944472222222222,,,50.4,,11.0798410904255,,,0.00278653973678661,,,,14.5881961981555
EV139,01/31/2023,,45.20786109122723,1.1705851388888888,3.12467694444444,5.117652361111111,,,49.2,165.827218,15.1563449182243,,,0.272529386141778,,79.369905,3.543704,14.1523713909247
EV139,02/01/2023,,93.65306609401097,3.2199736111111115,5.77202444444444,10.672333055555555,,,58.4,197.18764,29.8143650341686,,,0.35809322813651,,186.156929,11.030711,15.7685130614648
EV139,02/02/2023,,93.60957011055436,3.6609513888888885,5.75966527777778,10.924834722222222,,,52,180.771248,29.8223751930005,,,0.388610588714704,,169.570827,11.200421,15.7913128602509
EV139,02/03/2023,,101.4730225483178,0.016112500000000002,6.42244555555556,0.032779444444444444,,,54.8,,32.46425,,,0.00250250131488637,,,,15.3449532202536
EV139,02/04/2023,,0.19573192555476016,0.6239155555555556,0.0922252777777778,0.7586377777777777,,,,2.131506,45.6769854972376,,,0.871219076632583,,0.65752,1.473986,2.002061008849
EV139,02/06/2023,,111.39632048834804,3.9688622222222225,5.5710025,12.462506666666666,,,54.4,191.26624,38.5502408024334,,,0.416029193053139,,180.690084,10.576156,19.3253777221126
EV139,02/07/2023,,88.55471546170365,4.144055,4.833515,11.870698055555556,,,51.2,183.552162,39.5227252650177,,,0.461600967745169,,168.22961,15.322552,17.6532319463955
EV139,02/08/2023,,107.91974866778015,3.8796158333333333,6.20773833333333,14.22445,,,88.8,306.603396,37.0723020994409,,,0.384601925265338,,253.393996,53.2094,16.7957062111829
EV139,02/09/2023,,116.37971745009146,3.916516388888889,7.11162138888889,14.238521944444443,,,104.4,352.794751,31.0828863997879,,,0.355138507317242,,288.605899,64.188852,15.878721142491
EV139,02/10/2023,,110.9862155014714,3.120652222222222,5.09878416666667,10.72341138888889,,,90.4,289.449971,29.4669693287797,,,0.379667421776115,,247.844455,41.605516,21.0884837322258
EV139,02/11/2023,,104.23501749781278,0.02472361111111111,6.57272944444444,0.042779444444444446,,,74,,35.1497160311493,,,0.00374744782614133,,,,15.4464304856538
EV139,02/12/2023,,90.69223236300007,3.8334588888888885,5.08435277777778,10.818993611111111,,,61.2,213.186582,35.171897295369,,,0.42986542351166,,173.89447,39.292112,17.2712235677487
EV139,02/13/2023,,86.36748886502824,0.3405958333333333,4.65022416666667,1.9736752777777777,,,60,,41.8166275289017,,,0.0682444635016557,,,,17.9948423481618
EV139,02/14/2023,,138.62169927622682,6.218078888888889,6.8777275,20.60127138888889,,,126,404.973007,33.5034872731855,,,0.474814509640629,,342.658707,62.3143,19.2893234217152
EV139,02/15/2023,,86.7247773005647,0.45612444444444444,4.97459666666667,0.5180736111111112,,,69.6,,33.0324009418642,,,0.0839896645606098,,,,16.6159159835685
EV139,02/16/2023,,79.17822417084228,4.937659166666667,4.54098166666667,11.713163333333332,,,76,242.782524,26.2137325116589,,,0.520924809103696,,189.826304,52.95622,16.7786931702709
EV139,02/17/2023,,116.17155810069195,3.1603805555555557,6.12465083333333,12.449298333333333,,,100,324.988424,28.8392984253667,,,0.340373707227041,,274.946132,50.042292,18.4340225985984
EV139,02/18/2023,,74.39987970253718,2.7551802777777774,3.41814111111111,7.951985555555556,,,56.4,190.142558,35.654308857362,,,0.446304364249805,,166.6891,23.453458,21.0428842653726
EV139,02/19/2023,,90.940780839895,3.7273497222222223,5.25406555555556,11.072600555555557,,,71.2,247.828919,36.3970966453674,,,0.415006945669754,,197.948794,49.880125,16.7900751033618
EV139,02/20/2023,,125.5325151117474,0.8869744444444445,5.69130583333333,0.9619775,,,79.2,,41.420206043956,,,0.134833787401967,,,,21.115777000396
EV139,02/21/2023,,72.87752028155572,0,5.44656,0.6844658333333334,,,76.4,,26.3994078297091,,,0,,,,12.9743580419246
EV139,02/22/2023,,90.13610514594768,2.9820386111111112,5.57208055555556,11.469204444444443,,,74.8,255.220855,13.7566506227148,,,0.348608495276918,,216.650419,38.570436,15.7407258666493
EV139,02/23/2023,,111.68215123677722,4.364142777777778,5.76213083333333,15.184867222222222,,,118.8,402.095242,15.9718033042394,,,0.430972235728373,,314.104638,87.990604,18.6244324615841
EV139,02/24/2023,,68.23587747554282,2.722079722222222,4.09736222222222,9.330556944444444,,,78.4,245.588967,17.3878432513298,,,0.399164586251783,,192.107983,53.480984,16.1223938138107
EV139,02/25/2023,,114.33229937166944,3.6323391666666667,5.51102527777778,11.437056944444445,,,78.8,262.356473,31.3758419296116,,,0.397265053661259,,229.368073,32.9884,20.1270347369675
EV139,02/26/2023,,97.84732164161298,0.4941825,5.44907388888889,0.6114177777777777,,,75.2,,37.9760962723485,,,0.0831501230409461,,,,17.1503863559262
EV139,02/27/2023,,68.90074465123678,3.500418888888889,3.94178916666667,9.033099166666666,,,46.8,158.14721,39.4341895682769,,,0.470346819486705,,134.925453,23.221757,16.9759333605374
EV139,02/28/2023,,45.24514336276148,1.4917141666666667,2.82482194444444,5.191428472222222,,,56,184.556682,34.4593481265356,,,0.345581301364971,,83.635339,8.643002,15.6427059263271
EV139,03/01/2023,,80.14134951881015,4.106235555555556,4.5190425,11.557888333333334,,,65.6,229.21495,31.7908307936929,,,0.47606993410615,,179.791206,49.423744,16.9891476045569
EV139,03/02/2023,,90.20756283305496,3.9959672222222222,5.14629083333333,10.892594166666667,,,62,202.113554,36.3449856600119,,,0.437087555168491,,169.929198,32.184356,16.9858520435866
EV139,03/03/2023,,90.47164558975582,3.4056666666666664,5.49213583333333,11.024544444444444,,,73.6,237.421355,32.1435162195279,,,0.382753681784538,,200.906417,36.514938,15.9766593652014
EV139,03/04/2023,,74.17929292929293,2.5186519444444446,3.38566972222222,7.687995,,,54,188.328953,31.82408070486,,,0.4265776979367,,162.16295,26.166003,21.1356878942448
EV139,03/05/2023,,90.79165175375805,4.292082777777778,4.93599944444444,11.354268333333334,,,71.2,246.127161,35.2036589266897,,,0.465111024633263,,193.991584,52.135577,17.7824316574839
EV139,03/06/2023,,90.26348624035631,3.3090116666666662,5.50019361111111,10.636766388888889,,,62.8,212.627802,37.7614679456047,,,0.375631122482073,,182.582658,30.045144,15.9106892807899
EV139,03/07/2023,,89.96833492404359,3.2050863888888887,5.72660277777778,10.675088611111113,,,56.4,185.905006,32.406296641791,,,0.358844371885485,,166.618229,19.286777,15.3117057548169
EV139,03/08/2023,,107.23624035631909,4.015411666666667,5.55574083333333,11.8009525,,,81.2,256.382721,31.032126659292,,,0.419532722591837,,224.918278,31.464443,18.7212921299705
EV139,03/09/2023,,90.29455479996818,3.9567883333333334,5.16767416666667,11.08453111111111,,,65.2,215.634586,30.4143152487157,,,0.433646182811682,,186.274711,29.359875,16.9351181305092
EV139,03/10/2023,,109.75900739680267,3.08482,5.95102388888889,11.731766111111112,,,93.2,291.788468,35.1199859804048,,,0.341398107131235,,252.765482,39.022986,17.9658870968501
EV139,03/11/2023,,97.2383778732204,0.024167222222222222,5.41658055555556,1.0236458333333334,,,78,,36.1231043693191,,,0.00444189350606014,,,,17.4872878356963
EV139,03/12/2023,,58.78171478565179,1.8147927777777777,3.05871083333333,7.955001111111112,,,37.2,117.420681,37.9288707081545,,,0.372379487652421,,106.102268,11.318413,18.5779513434423
EV139,03/13/2023,,125.42998886502824,2.466204444444444,6.11742972222222,10.703716388888889,,,72.8,244.177496,42.1284524291498,,,0.287314719681508,,227.139018,17.038478,20.0369130954097
EV139,03/14/2023,,107.351194026883,3.365965555555556,5.61825666666667,10.812328333333333,,,62.4,206.31769,41.8414267125588,,,0.374652971876623,,188.861538,17.456152,18.6184853563149
EV139,03/15/2023,,88.90268332935655,3.764012222222222,4.87711944444444,11.098713333333334,,,72.8,258.88903,35.2835189709687,,,0.435592508877277,,208.97045,49.91858,17.6398326904564
EV139,03/16/2023,,152.64294022906228,1.7449627777777779,8.15002722222222,2.777318888888889,,,112,318.110551,41.424947746918,,,0.176348109273256,,316.531459,1.579092,17.9570413584458
EV139,03/17/2023,,89.91241151674222,5.275796944444444,5.08182861111111,12.866148888888889,,,48.4,163.898308,45.3710049104066,,,0.509363552113993,,155.628469,8.269839,17.0462936063527
EV139,03/18/2023,,85.14649447228187,3.8677711111111113,5.44270472222222,12.558645277777778,,,54,183.239771,44.1323450134771,,,0.41542142210001,,161.225529,22.014242,15.1123009659615
EV139,03/19/2023,,94.24958243855882,0.008333611111111111,5.36185138888889,0.011111666666666667,,,50,,50.4619065049153,,,0.00155182942693987,,,,17.1014338125571
EV139,03/20/2023,,85.04396822556271,3.4237361111111113,5.03157472222222,10.067871111111112,,,53.2,177.678885,48.2127923387097,,,0.404921377652224,,152.970347,24.708538,16.4420270078452
EV139,03/21/2023,,90.00561719557783,3.200670277777778,5.52519583333333,10.247309722222223,,,52,173.245779,42.6686471036585,,,0.366802588651021,,156.817133,16.428646,15.8889788456079
EV139,03/22/2023,,79.8244502107691,3.6309569444444443,4.0834775,9.680899166666666,,,66,226.397618,37.2018683996751,,,0.470670529459134,,184.390686,42.006932,18.8500208926031
EV139,03/23/2023,,107.2579883480474,4.795417777777778,5.25211722222222,12.246506111111112,,,83.2,258.156183,39.4100358598526,,,0.47727306028571,,221.67943,36.476753,19.7670243448393
EV139,03/24/2023,,105.2789211007715,4.509331666666666,5.87408805555556,12.468214166666668,,,70,238.578634,39.6451599167298,,,0.434281940564914,,203.663715,34.914919,17.3572265140051
EV139,03/25/2023,,114.56531356875844,3.5059425,5.313255,10.930938333333332,,,73.2,244.908613,39.9777489125181,,,0.397535319965337,,217.799428,27.109185,20.9485143308935
EV139,03/26/2023,,58.74753937007874,2.9478247222222222,3.10065333333333,7.626866388888889,,,48,164.887616,36.8674021131137,,,0.487366358139405,,140.241163,24.646453,18.3242599716845
EV139,03/27/2023,,96.66050266443968,2.6620280555555556,4.78237138888889,9.744203055555555,,,83.2,269.185234,28.6562369683069,,,0.357588019748478,,229.227874,39.95736,19.6054303807976
EV139,03/28/2023,,127.07972938041836,4.581282222222223,7.55971527777778,14.89193388888889,,,97.2,327.4692,41.007979229085,,,0.377339853848271,,269.129771,58.339429,16.3440943055277
EV139,03/29/2023,,90.24795196055038,3.2759555555555555,4.95211638888889,9.809802222222222,,,55.2,182.907748,44.8422832831892,,,0.398143766568238,,172.53394,10.373808,17.640617503597
EV139,03/30/2023,,94.29307842201544,4.6852672222222225,5.30796861111111,12.623328611111111,,,79.6,273.788409,39.8480546357616,,,0.468843856020499,,217.474061,56.314348,17.1346082614441
EV139,03/31/2023,,0,0.01888972222222222,0,0.47918444444444447,,,,,,,,,,,,
EV139,04/01/2023,,116.10631412550704,0.01777888888888889,6.64413111111111,0.03305638888888889,,,73.2,,41.6743031760675,,,0.00266873747752355,,,,17.0273351566315
EV139,04/02/2023,,110.44562256422492,3.3881691666666667,4.61183027777778,10.255082777777778,,,78,261.989659,37.2683627313285,,,0.423521175244526,,234.97924,27.010419,23.2168213661528
EV139,04/03/2023,,147.70614610673664,5.945204444444444,8.44947027777778,0.04694722222222222,,,114.4,,34.5311188811189,,,0.413014156913623,,,,16.8848613402528
EV139,04/04/2023,,89.9403732203929,3.487608611111111,4.87580916666667,10.165979166666666,,,57.2,189.390222,42.7418591622134,,,0.417007580367197,,175.613605,13.776617,17.8412916533512
EV139,04/05/2023,,91.3602063946552,2.847598333333333,5.75750777777778,10.00627,,,53.2,176.441911,39.2902533198614,,,0.330919607098912,,163.124122,13.317789,15.4773887500673
EV139,04/06/2023,,131.74622703412072,3.832928611111111,6.88607,13.112433611111111,,,92.8,286.325202,43.2582107843137,,,0.357582713663007,,256.212391,30.112811,18.613042035331
EV139,04/07/2023,,105.35659249980117,4.612385277777777,6.04327777777778,12.471566944444445,,,63.2,215.702346,47.7484067743099,,,0.432857650784389,,191.062588,24.639758,16.8812928394025
EV139,04/08/2023,,74.10783524218563,2.7108233333333334,2.96511388888889,7.174048888888889,,,47.2,161.775072,49.9250228658537,,,0.477599245234781,,144.180212,17.59486,24.2096356428382
EV139,04/09/2023,,125.64436192635011,3.822090833333333,5.19382277777778,10.992101944444444,,,67.2,228.947883,58.5968860238535,,,0.423927180116614,,218.789744,10.158139,23.5302107898211
EV139,04/10/2023,,99.59337469179988,3.1758638888888893,5.29949916666667,10.060435277777778,,,53.2,182.669263,70.9522567114094,,,0.374717149940512,,171.895399,10.773864,18.2843827283945
EV139,04/11/2023,,91.18622246082876,2.386762222222222,4.402395,8.437000277777779,,,,185.475733,51.3488989246013,,,0.351555008095834,,165.04595,20.429783,20.1895591774346
EV139,04/12/2023,,157.32807901853178,0.7240661111111111,8.84393305555555,1.5145113888888888,,,94.4,,45.424371898263,,,0.0756758125182157,,,,17.1901963124062
EV139,04/13/2023,,94.33968126143324,4.689936388888889,5.51436305555556,12.939396388888888,,,60.8,210.103711,49.0231917946043,,,0.459603955609343,,187.012371,23.09134,16.4880396398132
EV139,04/14/2023,,132.35517080251333,0.017223055555555554,7.74807361111111,0.03527944444444445,,,70.8,,46.9090932377049,,,0.00221795203646079,,,,16.6795310391239
EV139,04/15/2023,,164.16937584506482,3.1381747222222223,7.93419222222222,12.921056111111112,,,75.2,258.306094,51.4679904654169,,,0.283424017463294,,242.450107,15.855987,20.2921751220474
EV139,04/16/2023,,125.7406744611469,3.4927666666666664,5.68382805555555,11.286062222222222,,,59.2,197.239639,60.4635998603352,,,0.380616859782258,,191.465223,5.774416,21.5166881642946
EV139,04/17/2023,,135.75407122405153,4.8078055555555554,7.9019025,15.192301666666667,,,84,285.595136,46.5761622620924,,,0.378278205489859,,250.564322,35.030814,16.691343738282
EV139,04/18/2023,,141.22213771574008,4.757745000000001,7.75868416666667,15.341294722222223,,,97.6,325.308818,39.1288501869244,,,0.380119995619091,,280.615322,44.693496,17.6479602400524
EV139,04/19/2023,,120.8908723057345,5.515012222222222,6.48441666666667,15.977459166666668,,,61.2,218.32739,44.13790677514,,,0.459606225703705,,201.478364,16.849026,17.9156665114529
EV139,04/20/2023,,146.42612145072775,0.016387222222222223,8.73478083333333,0.019165833333333333,,,94,,43.531536742533,,,0.00187257542286815,,,,16.3144686272293
EV139,04/21/2023,,143.83811043505924,0.016945833333333334,7.42469472222222,0.01833472222222222,,,95.2,,39.7255588445442,,,0.00227716364514306,,,,18.793041614862
EV139,04/22/2023,,86.11272667621093,3.4610766666666666,5.43493583333333,10.390511666666665,,,47.2,163.802046,46.5502919733862,,,0.38905933042098,,150.461917,13.340129,15.4146473610857
EV139,04/23/2023,,126.15699315994593,3.460692777777778,5.77411388888889,11.054045277777778,,,61.2,208.874061,49.1635151951795,,,0.374744475189639,,200.174883,8.699178,21.3064339044216
EV139,04/24/2023,,106.78885309790822,4.7546175,5.22713472222222,12.363230277777777,,,72.4,253.049332,45.6620712809917,,,0.476330948129014,,219.96857,33.080762,19.6911626679118
EV139,04/25/2023,,114.1800634295713,3.5481555555555557,6.84225166666667,13.7280375,,,66.4,225.737261,48.2789036990892,,,0.341483782076128,,202.227512,23.509749,16.1728781438416
EV139,04/26/2023,,78.87375228664598,3.3612388888888884,4.14349944444444,9.005907777777777,,,46.8,164.203153,49.3404276835043,,,0.447882223149538,,144.740792,19.462361,18.3878598291587
EV139,04/27/2023,,75.10824286168774,3.260788333333333,5.03897083333333,9.450916388888889,,,34,131.879636,55.4385575699746,,,0.392877464014769,,121.017827,10.861809,14.5019174032401
EV139,04/28/2023,,92.4833348246242,2.640363472222222,4.66078680555556,8.60143236111111,,,52,181.11347,51.4966886883661,,,0.328231746030374,,144.425335,8.909173,19.8055722916566
EV139,04/29/2023,,124.54142806012884,4.371223333333333,6.24564638888889,13.278594444444446,,,136.8,208.240798,64.0737130455185,,,0.411724307418401,,194.856712,13.384086,19.325815510914
EV139,04/30/2023,,62.94800862960312,1.7959493055555555,2.73582097222222,5.5086159722222225,,,65.2,221.836908,71.4894667832168,,,0.396301929593004,,103.5145545,7.4038995,0
EV139,05/01/2023,,107.47857512129166,4.045465555555555,6.37891694444444,12.27391361111111,,,63.2,216.270859,77.3120457209848,,,0.388077236762519,,198.991927,17.278932,16.3442265914185
EV139,05/02/2023,,113.3660671677404,0.025279166666666665,6.26508027777778,0.03138944444444444,,,59.2,,72.9817375275634,,,0.00401871576496203,,,,17.6327556255631
EV139,05/03/2023,,70.68407997295792,2.342325833333333,4.12740333333333,7.722838055555556,,,132,137.266082,69.5037353178259,,,0.362043877416301,,127.574909,9.691173,16.639240811571
EV139,05/04/2023,,101.41399228505529,3.4275008333333337,5.49801111111111,10.398916111111111,,,46,161.989844,65.1168315831987,,,0.384011679628834,,154.983502,7.006342,17.9798051357291
EV139,05/05/2023,,134.64181678994672,4.300218611111111,7.98291055555556,14.239043055555555,,,67.2,227.534058,61.3965048177916,,,0.350091459005481,,215.438414,12.095644,16.3959773250634
