Vehicle ID,Date,Total Distance,Idling Time,Driving Time,Total Run Time,Initial SOC,Final SOC,SOC Used,Total Energy Consumption,Average Ambient Temperature,Initial Odometer,Final Odometer,Charging Time,SOC Used for Driving,SOC Used for Idling,Total Energy Charged,Total Energy Driven,Total Energy Idled,Total Energy Regenerated from Driving
EV113,12/02/20,12.62913225,1.595743889,1.267003223,2.9183135,81.81,70.12,NA,30.84133733,62.5,19.80690375,32.436036,0.055566389,NA,NA,1.24049,24.3274893,6.513627327,1.038741862
EV113,12/04/20,12.551876,2.628536111,0.959958889,3.588495,82.34,56.04,NA,33.71594,57,48.840468,61.392344,NA,NA,NA,NA,18.51973,15.19588,0.64948
EV113,12/11/20,9.229398287,1.423457778,1.000651009,3.765402676,86.01,76.12,NA,22.7370176,55.5,67.44889371,76.678292,1.341293889,NA,NA,8.34409,15.41521614,7.3216276,0.368078999
EV113,12/12/20,5.559445713,0.5865725,0.237806768,3.247689268,76.1,90.09,NA,5.1242724,54.5,76.71126629,82.270712,2.42331,NA,NA,33.60762,2.434723858,2.6895224,0.033571001
EV113,12/14/20,3.976832,0.010620278,0.230056389,0.240676667,89.98,86.92,NA,5.22034,56.5,82.394988,86.37182,NA,NA,NA,NA,5.14519,0.07474,0.14722
EV113,12/18/20,8.169717315,1.765224722,0.814604778,2.5798295,88.81,73.76,NA,29.1527334,58,93.61232669,101.782044,NA,NA,NA,NA,18.94513337,10.2082234,1.110761735
EV113,12/30/20,17.771468,1.676850833,1.397051944,3.103078889,90.27,56.09,NA,34.47995,54.5,118.0622,135.833668,0.029176111,NA,NA,0.01195,25.26228,9.21752,1.06642
EV113,01/14/21,20.3569423,1.747838889,1.536317033,6.201055367,79.41,77.69,NA,52.0148924,67.5,234.4088577,254.7658,2.916899444,NA,NA,70.85709,41.18504898,10.8296024,1.410795917
EV113,01/15/21,23.03966251,1.786140357,1.339218805,4.057234082,77.37,48.04,20.29134644,39.44883,73,255.2143015,278.253964,0.931874921,15.02898644,5.26236,28.48077561,29.216629,10.23169,0.839178913
EV113,01/19/21,39.63168688,3.345176827,2.646780708,7.083927257,64.31,46.07,44.24879691,79.01597,56.5,320.7478243,360.3795112,1.091969722,34.07189691,10.1769,58.89095,60.8505994,18.16517,2.944403939
EV113,01/20/21,24.14393812,1.446256848,1.573294292,3.759966974,42.2,73.76,31.06750528,55.4708401,67.5,360.4902819,384.63422,0.740415833,25.58938669,5.478118592,31.27129,45.6997307,9.771177938,2.371397429
EV113,01/22/21,37.40035291,4.966705,3.247793946,10.93375978,71.13,73.35,55.83909372,102.4943766,56.5,416.7041511,454.104504,2.719260833,40.5954606,15.24363312,58.670117,74.51932764,27.97501464,5.252968958
EV113,01/23/21,8.333215092,1.482066667,0.746849943,3.006494943,73.32,71.9,15.80376328,29.15151936,51.5,454.2220569,462.555272,0.777578333,11.3344674,4.46929588,33.706973,20.92845636,8.22297336,2.129973042
EV113,01/25/21,13.173256,0.767515556,0.819941944,2.105920278,71.84,77.85,9.60013,17.966154,49.5,463.300928,476.474184,0.518462778,6.962524,2.637606,26.432293,13.029456,4.936155,0.583711
EV113,01/26/21,24.8552,1.572235833,1.896072778,6.287380556,35.8,64.67,24.6922,46.208722,46.5,493.499996,518.355196,2.819071944,18.879726,5.812474,91.314025,35.330853,10.877792,1.497437
EV113,01/27/21,23.736716,1.725743611,1.914986944,4.373431944,90.01,65.38,24.952942,46.450111,52,519.722232,543.458948,0.732701389,18.023988,6.928954,26.328411,33.549585,12.900457,1.526562
EV113,01/28/21,21.251196,1.233590556,1.352911944,4.951582778,84.8,90.07,16.681237,32.37015,54.5,546.441572,567.692768,2.365080278,12.255431,4.425806,63.22011,23.782368,8.587629,1.59146
EV113,01/29/21,7.580836,0.336153611,0.324938333,1.952095,90.09,90.06,4.320956,8.417534,50,567.817044,575.39788,1.291003056,3.359784,0.961172,5.485147,6.544514,1.872875,0.214775
EV113,02/01/21,20.132712,2.050041944,2.04146,4.473312778,89.88,71.74,25.489114,50.057954,63.5,578.877608,599.01032,0.381810833,18.647198,6.841916,20.885728,36.618492,13.439212,1.56089
EV113,02/03/21,30.074792,1.588368333,2.379122222,6.334282778,77.49,89.76,26.957337,53.237062,58.5,649.3421,679.416892,2.366792222,21.628383,5.328954,64.247207,42.715983,10.520832,2.123598
EV113,02/05/21,36.33230448,3.628826467,2.987061389,7.7441048,75.48,88.34,45.36275614,87.61295474,55.5,741.3869035,777.719208,1.128216944,34.04459084,11.3181653,32.35113,65.75310874,21.85984772,4.265387538
EV113,02/09/21,7.829388,0.485503889,0.714862222,1.253995556,83.3,73.81,9.841357,18.257855,54,808.166828,815.996216,0.053629444,8.373504,1.467853,1.775905,15.534263,2.723531,1.356207
EV113,02/10/21,25.103752,0.942832222,1.283393333,2.226225556,88.97,67.25,17.024205,30.958205,54.5,816.866148,841.9699,NA,13.452055,3.57215,NA,24.446566,6.511108,1.331843
EV113,02/11/21,5.59242,0.378189167,0.781929167,1.782516944,47.97,77.35,8.910656,16.247267,56.5,848.80508,854.3975,0.622398611,7.530329,1.380327,29.606538,13.729894,2.517149,0.802504
EV113,02/12/21,38.649836,0.966673611,1.545555833,3.795383611,82.13,49.97,21.178195,38.152715,57,876.642904,915.29274,1.283154167,16.877925,4.30027,49.223466,30.405375,7.746911,2.288092
EV113,02/15/21,8.575044,0.220745833,0.560652778,0.907387222,83.46,88.57,10.43175,18.681094,51,921.630816,930.20586,0.125988611,9.444029,0.987721,0.563542,16.912119,1.768789,1.697496
EV113,02/16/21,22.245404,1.322433889,1.751698333,3.134347778,88.47,61.81,21.663743,38.653969,54.5,932.07,954.315404,0.060215556,16.826743,4.837,2.175301,30.023768,8.62975,1.117379
EV113,02/17/21,8.575044,0.322393333,0.627085,1.066167222,59.94,70.72,11.230753,19.990838,53.5,955.433888,964.008932,0.116688889,9.561868,1.668885,4.318882,17.019819,2.970639,1.632937
EV113,02/18/21,8.823596,1.110991944,1.142454722,3.171969722,88.87,90.16,14.694476,26.195447,57,974.448116,983.271712,0.918523056,10.991846,3.70263,19.393293,19.587446,6.607421,0.415841
EV113,02/22/21,10.439184,1.646113333,1.183794444,4.052975556,87.37,86.45,18.390894,32.980827,59,985.384404,995.823588,1.223067778,12.722535,5.668359,42.693032,22.717976,10.262662,1.157847
EV113,02/23/21,21.251196,1.309699444,1.68418,4.997732222,86.42,90.08,22.376403,41.411372,62,996.07214,1017.323336,2.003852778,16.956434,5.419969,55.916025,31.381,10.030312,1.133072
EV113,02/24/21,31.441828,3.1856325,2.898583056,9.209129722,90.03,90.03,39.191731,73.933969,58,1017.447612,1048.88944,3.124914167,30.027255,9.164476,91.344388,56.643203,17.290725,2.789359
EV113,02/25/21,47.721984,2.804094722,3.999451944,9.512868889,89.3,90.11,46.752137,87.64148,55.5,1049.137992,1096.859976,2.709322222,38.720769,8.031368,71.902788,72.592381,15.048876,6.518599
EV113,02/26/21,26.71934,3.314341667,2.733532222,8.914579722,90.06,84.63,40.053172,76.345802,55,1096.984252,1123.703592,2.866705833,29.488681,10.564491,74.78801,56.286074,20.059619,3.398789
EV113,02/27/21,3.604004,0.729133611,0.329352778,1.058486389,84.51,80.76,3.818414,7.352561,53.5,1123.827868,1127.431872,NA,2.922609,0.895805,NA,5.628165,1.724284,0.369175
EV113,03/01/21,29.701964,2.299416389,2.776589444,7.007769722,80.6,88.09,31.99741,61.820252,56.5,1131.408704,1161.110668,1.931763889,25.596623,6.400787,68.49268,49.45122,12.368985,3.694966
EV113,03/02/21,29.329136,2.619233889,3.209346667,8.816943889,88.07,90.12,38.413557,73.22435,56.5,1161.483496,1190.812632,2.988363333,29.398656,9.014901,87.628368,55.994902,17.229341,2.297415
EV113,03/03/21,49.05570337,5.909239883,6.6338825,16.75441238,90.12,80.64,77.29464138,144.4435761,46,1190.970225,1240.025928,4.21129,58.85020198,18.4444394,132.325627,109.9709081,34.4725205,3.647785586
EV113,03/04/21,51.76608025,6.444731718,7.839948851,19.0085364,80.58,85.99,77.05013918,143.9951037,52,1240.08294,1291.84902,4.723855833,60.73390561,16.31623357,153.301883,113.5055349,30.4895713,4.333113577
EV113,03/05/21,52.27773182,6.152069233,6.917657961,17.35042025,85.94,84.89,77.86272973,145.2042092,60,1291.767208,1344.04494,4.280693056,61.29613231,16.56659742,147.759516,114.3047533,30.89957621,6.046492182
EV113,03/06/21,6.222316557,1.901480833,1.645955133,3.547435966,84.88,71.63,14.51522871,27.03207099,56,1344.160699,1350.383016,NA,10.3959551,4.11927361,NA,19.35943475,7.67246899,0.153019655
EV113,03/08/21,38.88672174,4.099089355,5.452190833,10.9056063,90.36,67.71,56.86835994,106.8176187,56,1350.518958,1389.40568,1.354326111,46.77763973,10.09072021,75.061105,87.85984071,18.95766912,4.641677988
EV113,03/09/21,51.62565012,5.542774606,7.32696,15.65526211,67.68,66.4,73.54981463,138.0480222,51,1389.478846,1441.104496,2.7855275,59.22653754,14.32327709,102.472076,111.1612962,26.88678543,5.484319561
EV113,03/10/21,44.20281215,5.367821039,6.106766111,15.59279159,66.29,80.4,68.58742043,128.6915381,51.5,1443.00808,1487.210892,4.118204444,53.45233273,15.13508771,154.503605,100.2981201,28.39327045,4.488464451
EV113,03/11/21,40.886804,4.4258275,5.3907125,15.43747222,89.3,87.89,63.687337,119.176198,49,1491.436276,1532.32308,5.620932222,49.058693,14.628644,127.28184,91.805042,27.371075,2.586305
EV113,03/12/21,34.21579331,3.707744381,4.514708333,11.52573299,89.96,79.72,49.73555462,94.38167164,47.5,1532.531739,1566.747532,3.303280278,39.08916347,10.64639115,83.614597,74.17746464,20.20407939,2.870371931
EV113,03/13/21,12.26343069,2.628097285,1.682186667,4.310283952,79.64,63.27,17.21628338,32.44614236,52.5,1566.787425,1579.050856,NA,12.98323253,4.233050851,NA,24.47017036,7.975947614,0.769490069
EV113,03/15/21,37.02334109,4.632154741,4.1097175,12.98394974,63.24,81.64,46.16275386,87.27227016,47,1579.061763,1616.085104,4.2420775,37.65211684,8.510637022,125.48869,71.18416816,16.08805022,5.40962475
EV113,03/16/21,60.78187091,9.076598315,8.434436667,21.41668915,81.58,73.18,103.5475781,197.4359988,47.5,1612.097365,1672.879236,3.905654167,78.82629916,24.72127898,198.7826828,150.2981588,47.13779378,5.61031625
EV113,03/17/21,66.984764,6.739401667,7.760830833,19.07202833,73.69,63.73,101.298419,191.231425,53.5,1673.127788,1740.112552,4.571795833,80.658077,20.640342,189.5595406,152.269627,38.961739,7.001226
EV113,03/18/21,49.7104,7.449963333,5.576354722,16.25805056,64.26,46.09,71.970226,135.707628,57,1740.48538,1790.19578,3.2317325,53.541071,18.429155,110.5118506,100.96238,34.74519,3.372316
EV113,03/19/21,63.629312,5.645332222,8.242980833,19.31356694,46.63,72.84,107.579113,202.851882,58.5,1790.568608,1854.19792,5.425253889,87.582205,19.996908,253.9677263,165.149171,37.702667,6.182126
EV113,03/22/21,55.30282,4.995329444,6.204753056,13.88511583,89.97,68.33,76.246833,141.902136,54,1854.570748,1909.873568,2.685033333,61.750827,14.496006,127.3009306,114.933159,26.968805,4.042634
EV113,03/23/21,54.557164,4.718798611,5.587437222,15.88586361,68.85,90.13,71.884166,132.890758,55,1910.370672,1964.927836,5.579627778,56.101231,15.782935,168.2970254,103.704955,29.185635,3.79704
EV113,03/24/21,58.285444,5.555561389,6.818294722,15.11542194,90.08,69.81,85.048756,155.541749,60,1965.176388,2023.461832,2.741565833,68.433093,16.615663,130.079925,125.16176,30.379971,4.680914
EV113,03/25/21,45.112188,4.057905,5.435942778,13.80485778,69.81,87.93,64.893886,118.457639,53,2023.710384,2068.822572,4.31101,52.578498,12.315388,154.965898,95.976322,22.481099,3.115972
EV113,03/26/21,30.571896,3.188749444,3.788546667,8.417774722,87.69,68.86,46.499909,84.847981,58,2069.1954,2099.767296,1.440478611,36.348466,10.151443,54.262527,66.324608,18.523003,3.065993
EV113,03/29/21,6.312517484,1.845527222,0.667471219,4.396140941,68.69,81.17,11.89655371,21.669159,63.5,2099.917131,2106.229648,1.8831425,7.267345712,4.629208,42.381522,13.23709425,8.432025,0.882988131
EV113,03/30/21,8.352050516,2.880145556,1.131655448,4.011801003,81.05,61.87,17.05362829,31.024076,63.5,2106.328365,2114.680416,NA,9.942425288,7.111203,NA,18.09114975,12.932786,0.790521869
EV113,04/01/21,29.080584,2.054080833,3.132789167,8.098108333,61.63,85.82,43.481965,78.198159,66,2114.928968,2144.009552,2.911238333,35.589374,7.892591,130.604039,64.004936,14.192991,4.442801
EV113,04/02/21,45.733568,5.511171944,5.963305833,14.73237417,85.81,83.67,69.509611,123.817689,61.5,2144.38238,2190.115948,3.257896389,51.999405,17.510206,121.9865476,92.638139,31.179439,3.998423
EV113,04/05/21,23.115336,1.870696389,2.189706111,6.979010278,90,90.17,29.816868,54.256873,60.5,2190.3645,2213.479836,2.918607778,23.086602,6.730266,68.965365,42.013206,12.243395,1.728636
EV113,04/06/21,32.31176,2.952912222,4.035896111,9.686259167,90.1,90.09,45.57796,84.173336,62,2213.604112,2245.915872,2.697450833,36.932323,8.645637,85.57282,68.207138,15.966083,2.48401
EV113,04/07/21,30.571896,2.316975833,3.444788611,8.978809722,90.1,90.1,40.087972,74.288592,65,2246.164424,2276.73632,3.217045278,32.933616,7.154356,78.260298,61.030713,13.257816,3.233767
EV113,04/09/21,15.658776,1.216633753,2.4810025,3.697636253,86.33,66.84,21.05523061,38.70994834,64.5,2278.973288,2294.632064,NA,17.46751018,3.58772043,NA,32.11368434,6.596215932,0.741381068
EV113,04/12/21,20.60276435,5.419308056,2.33623804,9.099071929,62.79,63.56,32.63555845,59.82410554,63.5,2292.6707,2313.273464,1.343525833,22.46722094,10.16833751,58.74845,41.18542278,18.63867754,3.527198276
EV113,04/13/21,31.16225631,6.317891309,4.060965571,13.41895882,63.55,59.42,53.44500512,99.06256396,61.5,2313.304484,2344.46674,3.040101944,38.89114256,14.55386257,95.008545,72.07534172,26.98709474,3.719355071
EV113,04/14/21,30.38141534,3.362236469,4.025434167,10.12903064,59.29,56.8,46.23062142,86.2673765,59,2344.532945,2374.91436,2.74136,36.3593955,9.871225922,92.649507,67.8453675,18.42194772,3.111423652
EV113,04/15/21,31.193276,2.815266389,3.618343333,10.47091583,56.77,90.05,45.416254,84.611593,57.5,2377.648432,2408.841708,4.037306111,35.11835,10.297904,141.318898,65.414445,19.197067,3.054492
EV113,04/16/21,32.560312,3.911069074,3.693755278,10.78022546,90.05,90.16,50.65186258,93.78399858,59,2409.09026,2441.650572,3.175401111,37.835711,12.81615158,98.647268,70.069499,23.71441658,4.456718
EV113,04/17/21,28.459204,3.035592593,3.516276111,9.183074259,90.12,90.07,48.48640942,89.05409042,63.5,2441.899124,2470.358328,2.631205556,37.35943,11.12697942,93.633508,68.62405,20.42989742,3.661419
EV113,04/19/21,32.808864,2.686381944,3.616926667,9.271169167,90.05,90.11,51.962909,94.160255,66,2470.482604,2503.291468,2.967860556,41.21321,10.749699,99.997016,74.68086,19.479142,4.340417
EV113,04/20/21,34.673004,3.245908056,4.41041,10.92280806,90.09,90.11,56.990391,104.074737,62,2503.664296,2538.3373,3.26649,44.994591,11.9958,109.660614,82.16243,21.912224,3.897921
EV113,04/21/21,45.98212,5.668908611,5.497899444,15.57662028,90.11,90,67.964331,124.417484,61,2538.461576,2584.443696,4.409812222,53.725604,14.238727,126.71102,98.347557,26.069765,5.553262
EV113,04/22/21,41.135356,4.861371389,4.726768333,13.58678083,89.96,90.05,59.358426,108.72523,59,2585.189352,2626.324708,3.998641111,47.132077,12.226349,115.157323,86.326297,22.398717,5.378014
EV113,04/23/21,40.265424,5.460168889,4.538661389,12.87178417,89.99,83.05,55.985659,102.878959,60,2626.57326,2666.838684,2.872953889,43.950309,12.03535,104.676536,80.762764,22.115912,4.967103
EV113,04/26/21,27.63090146,5.146726761,3.131469167,9.233462872,82.81,61.99,45.10168067,83.14707794,59.5,2666.921331,2694.552232,0.955266944,32.7550145,12.34666617,40.081328,60.38530394,22.76172148,5.446835848
EV113,04/27/21,47.95780766,6.045914319,5.765224722,15.86153626,61.86,54.49,72.6340562,133.9049269,60,2694.689236,2742.647044,4.050397222,57.25338329,15.38067291,130.410265,105.5496559,28.35527129,6.53496962
EV113,04/28/21,44.750586,7.984350199,5.05551733,18.03210892,54.35,59.32,67.92006616,127.7433617,64.5,2742.798838,2787.549424,4.992241389,47.97957047,19.94049569,135.318175,90.22803478,37.51527745,4.121028516
EV113,04/29/21,52.64656753,6.803112333,5.8600266,16.84021143,55.68,54.35,74.44071675,140.0759024,71,2789.421276,2842.067844,4.1770725,56.52210776,17.91860899,137.465064,106.3583121,33.7175707,7.791519788
EV113,04/30/21,36.04636934,3.666318889,3.574169959,10.82340913,54.34,77.83,44.62271921,85.22386507,74,2842.310067,2878.356436,3.582920278,35.23619597,9.386523239,130.090279,67.29302928,17.93081507,5.373427227
EV113,05/01/21,23.985268,1.405908056,2.4040975,6.877556944,77.81,90.35,24.130362,46.117999,68,2878.480712,2902.46598,3.067551389,20.831603,3.298759,70.941011,39.813985,6.303955,3.713769
EV113,05/03/21,41.01108,4.197630278,5.588191667,13.3628125,90.41,90.09,65.982982,127.808418,68.5,2902.963084,2943.974164,3.576990556,50.573559,15.409423,135.543964,97.959762,29.84831,4.875997
EV113,05/05/21,27.713548,2.314024722,3.2645625,8.145596944,90.09,90.11,38.878877,75.603013,70.5,2964.479704,2992.193252,2.567009722,29.465815,9.413062,80.236361,57.294882,18.307849,1.45019
EV113,05/06/21,19.51207415,2.64214026,3.412444444,7.622161649,90.07,67.34,40.12190892,78.44622311,68.5,2992.316786,3011.82886,1.567576944,29.95596725,10.16594168,46.208936,58.57252811,19.87371997,0.726396095
EV113,05/07/21,15.38109643,2.837237518,2.833773643,8.444218383,67.2,77.38,33.90284206,65.73568889,67.5,3011.733712,3027.114808,2.773207222,24.06573873,9.837103324,90.237654,46.66318482,19.07246003,0.462232905
EV113,05/08/21,7.484945415,1.405973889,1.215227191,5.56204858,77.32,90.33,15.54029702,30.097599,68,3027.210699,3034.695644,2.9408475,11.19812002,4.342177,57.638413,21.68818607,8.409179,0.565055
EV113,05/10/21,42.25384,5.140003056,6.139475556,15.07922139,90.37,90.04,70.98619,136.013614,64,3034.944196,3077.198036,3.799742778,55.66569,15.3205,142.001353,106.664673,29.348716,3.872267
EV113,05/11/21,42.502392,5.962091389,5.861468056,15.74054444,90.04,90.05,68.192893,130.405502,70,3077.322312,3119.824704,3.916985,53.264177,14.928716,137.584746,101.878847,28.526581,4.23005
EV113,05/12/21,41.63246,5.6247875,5.441833611,15.33682111,90.05,90.09,67.752335,129.16817,71.5,3119.94898,3161.58144,4.2702,51.62424,16.128095,135.235437,98.421165,30.746889,5.308376
EV113,05/13/21,48.840468,4.174465556,4.869956667,11.60665639,90.12,70.27,61.152637,116.673275,68.5,3161.829992,3210.67046,2.562234167,50.327262,10.825375,89.80641373,96.018255,20.654713,6.151138
EV113,05/14/21,39.519768,5.260885278,5.124968611,16.01679583,70.8,90.07,62.991463,120.17565,70,3210.794736,3250.314504,5.630941944,46.113457,16.878006,162.8608443,87.979172,32.195969,3.581882
EV113,05/15/21,31.814656,2.323650556,3.3422225,7.949600833,90.12,90.05,38.645791,73.947622,66,3250.563056,3282.377712,2.283727778,31.321654,7.324137,78.708871,59.934594,14.012886,3.897131
EV113,05/17/21,34.921556,3.947371667,4.660383611,12.45007944,90.03,90.11,54.941963,106.190719,62.5,3282.874816,3317.796372,3.842324167,43.011127,11.930836,113.64442,83.133448,23.05715,3.279363
EV113,05/18/21,55.30282,5.591228623,7.640025796,15.99561581,89.92,73.46,84.97553502,165.619288,69.5,3318.044924,3373.347744,2.764361389,66.45186902,18.523666,148.182746,129.4933577,36.125781,5.923930958
EV113,05/19/21,49.08902,4.958887766,6.534769482,16.99677808,73.43,90.11,75.07302698,146.953125,66,3373.596296,3422.685316,5.503120833,59.39924098,15.673786,183.151139,116.2747213,30.678357,4.655519042
EV113,05/20/21,56.28713607,5.445313056,7.415298298,15.56058746,90.02,71.65,83.44417548,162.5774591,66.5,3422.695208,3478.982344,2.699976111,66.9202796,16.52389588,142.112631,130.3826367,32.19491712,5.220473837
EV113,05/21/21,46.65955547,4.392552715,6.50619298,15.18371875,71.57,65.55,74.88380431,145.6547169,63,3479.174841,3525.834396,4.284973056,60.13178219,14.75202212,142.708763,116.9638936,28.69091588,4.779465285
EV113,05/22/21,33.13552846,3.165624508,3.715055111,10.64583712,65.52,90.1,42.72296721,83.076587,61,3525.88056,3559.016088,3.7651575,34.82238721,7.90058,128.175474,67.71672068,15.35953,4.676975878
EV113,05/24/21,16.1915226,3.602763236,3.078374722,7.705994069,90.28,73.31,40.53672485,79.1074958,73.5,3559.353273,3575.544796,1.024856111,26.66696465,13.8697602,54.040436,52.0308218,27.0766345,1.031944
EV113,05/25/21,26.3108694,6.699435931,4.461889167,14.41949926,73.2,69.14,57.94541915,112.7962032,73.5,3575.580439,3601.891308,3.258174167,38.54292535,19.4024938,115.5283148,75.0233772,37.7726585,0.938198
EV113,05/27/21,11.18484,1.528952222,2.006941389,5.463718889,90,90.11,23.262414,45.095325,69.5,3602.13986,3613.3247,1.927825278,18.237718,5.024696,47.707944,35.353902,9.741157,0.355811
EV113,06/01/21,24.23382,3.395561944,3.262978056,9.379359444,90,90.06,42.478774,81.869552,77,3612.827596,3637.061416,2.720819444,31.371438,11.107336,87.332132,60.462144,21.407159,1.310276
EV113,06/02/21,8.947872,2.048153056,1.458029722,5.462798056,90.03,89.67,18.674351,35.991032,74.5,3637.185692,3646.133564,1.956615278,14.076999,4.597352,37.408279,27.130827,8.859947,0.343175
EV113,06/03/21,11.681944,2.754500833,1.982215,5.680723056,89.49,84.23,24.307966,47.161542,74.5,3646.25784,3657.939784,0.944007222,17.713816,6.59415,43.44962,34.368014,12.792245,0.548254
EV113,06/04/21,13.04783075,0.646272573,0.955498333,1.601770906,84.02,75.03,9.092006517,17.69036191,72.5,3657.940933,3670.988764,NA,7.895160093,1.196846424,NA,15.36153491,2.32849748,1.285106952
EV113,06/05/21,62.76052925,7.128956316,8.554317222,21.39025104,74.92,90.04,77.95922648,153.7299451,71.5,3671.111891,3733.87242,5.7069775,61.68014591,16.27908058,180.550336,121.6079561,32.12186652,2.918518048
EV113,06/06/21,54.18195477,6.246195156,7.978991389,16.36076266,90.03,67.3,74.78350417,147.9849924,69,3733.874801,3788.056756,2.135576111,56.71454455,18.06895962,104.535379,112.2319564,35.75293606,1.888898682
EV113,06/07/21,40.01925323,3.891448733,4.749929167,10.56740401,67.14,71,45.58747783,88.89917665,65.5,3788.178651,3828.197904,1.926026111,36.83284245,8.754635375,104.324543,71.82545965,17.07360594,3.032782318
EV113,06/09/21,12.13108043,2.128965407,2.215298455,6.332086918,84.24,82.45,24.36778502,47.48702554,69,3841.916232,3854.047312,1.987823056,17.47008625,6.897698771,46.369466,34.04659265,13.44019754,0.532940735
EV113,06/10/21,11.48135957,2.222691259,1.786238212,7.329228082,82.38,90.16,20.79799298,40.53195746,67,3854.12362,3865.60498,3.320298611,15.24690075,5.551092229,63.966973,29.71387235,10.81800346,0.392636265
EV113,06/11/21,10.314908,2.578998333,1.667178056,6.531346944,90.14,90.16,20.704915,40.347931,71,3865.729256,3876.044164,2.285170556,14.824144,5.880771,44.772676,28.890185,11.45731,0.303044
EV113,06/14/21,18.6414,3.38926304,2.921990556,8.141841096,89.8,86.53,38.84458045,75.19164945,79.5,3876.16844,3894.80984,1.8305875,26.229241,12.61533945,78.45271458,50.770407,24.42088645,0.599385
EV113,06/15/21,29.701964,4.735920015,4.600769722,13.60419557,86.59,90.02,58.75156355,113.5814105,83.5,3895.058392,3924.760356,4.267505833,43.876601,14.87496255,122.5986054,84.823638,28.75737455,2.658338
EV113,06/16/21,24.979476,3.832361667,3.669553889,9.357010556,90.03,83.89,46.235052,89.38002,81.5,3925.008908,3949.988384,1.855095,33.814688,12.420364,87.507553,65.370886,24.008904,1.580475
EV113,06/17/21,33.305968,4.674122588,4.261764722,10.77307648,83.59,69.05,49.2096821,102.0726149,82.5,3950.236936,3983.542904,1.837189167,38.018321,11.1913611,91.19943074,78.857936,23.21430187,2.658196
EV113,06/18/21,31.03966894,5.137659611,4.312377658,12.39895644,69.59,59.82,54.21180977,113.8494905,80,3983.666399,4014.706068,2.948919167,39.7306067,14.48120307,103.6179313,83.43681553,30.41263847,2.955071
EV113,06/21/21,31.566104,4.582855833,3.827284722,11.36394139,89.9,90.06,50.429209,104.179899,76,4015.109008,4046.675112,2.953800833,38.317277,12.111932,113.474945,79.158235,25.021601,3.349614
EV113,06/22/21,33.430244,4.110930833,4.227933611,11.7572675,90.05,90.04,52.139639,105.836217,77,4046.799388,4080.229632,3.418403056,41.09826,11.041379,113.989003,83.404715,22.43118,3.724279
EV113,06/23/21,38.277008,5.725675395,4.819368333,13.45881984,90.05,67.68,67.45821571,134.1795934,78.5,4080.353908,4118.630916,2.913776111,52.573116,14.88509971,108.6601285,104.586679,29.59285242,6.005988
EV113,06/24/21,41.135356,5.819985993,5.247701389,15.14295266,68.2,73.61,69.82346029,138.8041726,74.5,4119.12802,4160.263376,4.075265278,54.145362,15.67809829,156.6110037,107.654329,31.14961058,5.172073
EV113,06/25/21,25.67388881,2.830136361,3.526480556,8.911415805,74.12,66.37,47.06056229,92.390072,73.5,4160.563171,4186.23706,2.554798889,35.72956642,11.33099587,84.17805986,70.144394,22.24554186,3.040604355
EV113,06/27/21,21.12692,3.693391667,2.230592222,8.018848333,89.93,90.05,28.146994,54.40127,81.5,4186.734164,4207.861084,2.094864444,20.80208,7.344914,59.28014,40.203154,14.197876,1.138692
EV113,06/28/21,29.080584,4.532855833,4.374286944,12.218175,90.04,90.02,60.942242,111.590118,82,4208.109636,4237.19022,3.311032222,45.505625,15.436617,120.42305,83.333486,28.255879,3.310416
EV113,06/29/21,15.907328,2.950968056,2.420192222,8.214176111,90.07,90.09,36.150191,65.289087,76.5,4237.314496,4253.221824,2.843015833,25.649938,10.500253,70.106496,46.324835,18.963994,1.769435
EV113,06/30/21,28.832032,3.012614444,3.685397222,9.6018925,90.07,90.09,54.649293,98.535339,78.5,4253.3461,4282.178132,2.903880833,42.156864,12.492429,103.616529,76.009668,22.525249,4.323433
EV113,07/01/21,25.725132,4.151771111,4.741726944,11.55560083,89.91,86.88,62.064701,111.133131,81,4285.782136,4311.507268,2.662102778,45.926968,16.137733,114.0613368,82.243153,28.889702,0.867545
EV113,07/02/21,26.967892,4.656920278,4.804405833,13.30686667,86.96,90.13,62.682795,112.624897,81,4311.75582,4338.723712,3.845540556,47.914979,14.767816,119.0424442,86.078431,26.546339,1.388107
EV113,07/06/21,40.638252,4.4806425,5.884236944,14.07887083,90.36,90.14,74.565143,132.339429,78.5,4338.972264,4379.610516,3.713991389,60.90146,13.663683,140.793858,108.088217,24.250793,3.226639
EV113,07/07/21,29.20486,4.0694925,4.693777778,11.940965,89.89,90.14,64.916265,113.948931,79,4379.734792,4408.939652,3.177694722,49.463004,15.453261,120.397978,86.823264,27.125415,1.921772
EV113,07/08/21,47.84626,5.202492222,5.9558775,14.04223806,90.09,74.82,86.47559,152.057919,82,4409.063928,4456.910188,2.883868333,69.819437,16.656153,143.8129537,122.768671,29.28896,6.683788
EV113,07/10/21,36.537144,4.217163333,4.751746944,12.48843167,90.11,90.14,73.973259,129.801686,83.5,4509.727488,4546.264632,3.519521389,59.089221,14.884038,137.8561272,103.68348,26.117994,5.753391
EV113,07/11/21,24.979476,0.554606944,1.400800833,4.047823333,89.69,90.16,19.866121,35.244538,82,4546.388908,4571.368384,2.092415556,17.72176,2.144361,44.880412,31.439946,3.804375,3.820768
EV113,07/12/21,13.68639599,4.05556009,2.983050278,9.043611756,90.2,79.52,32.46615986,57.43915004,79.5,4571.6009,4585.287296,2.005001389,23.42472972,9.041430145,35.269188,41.44273904,15.99645644,0.450324976
EV113,07/13/21,34.394141,6.802332854,5.857242778,16.80080063,79.41,75.33,65.89429045,115.6947065,82.5,4585.317607,4619.711748,4.141225,49.17113138,16.72315907,115.446446,86.33233652,29.36251824,1.727554532
EV113,07/14/21,29.90542529,6.945335039,6.362631111,16.38748865,75.26,49.86,64.93458386,114.3496041,82.5,4619.756839,4649.662264,3.0795225,47.66795919,17.26662468,79.515707,83.92583305,30.42353322,0.715443426
EV113,07/15/21,30.51027723,8.031656385,6.581857778,18.92054666,49.81,56.36,68.59065803,121.951342,81.5,4649.723883,4680.23416,4.3070325,50.40114725,18.18951077,136.915904,89.57510096,32.3763608,0.794202065
EV113,07/16/21,41.75344449,5.793042577,5.558763611,14.14858424,56.29,52.87,61.9019918,111.3106064,80,4680.237452,4721.990896,2.796778056,46.79495246,15.10703934,108.26404,84.14054043,27.1698893,2.944504
EV113,07/19/21,29.55577067,4.772137586,3.949259444,12.49651064,52.62,85.81,35.92406016,65.38599359,100,4722.137089,4751.69286,3.775113611,27.88500112,8.039059039,126.827067,50.75398759,14.63166209,1.728426679
EV113,07/20/21,40.16306533,5.383531581,5.9293625,13.12452047,85.77,78.36,50.62949384,93.27473341,82.5,4751.795219,4791.958284,1.811626389,39.21032888,11.41916496,93.9141,72.24197941,21.03268191,2.495806321
EV113,07/21/21,31.16175169,5.201888569,5.686051111,12.1642419,78.21,44.96,58.15346976,107.8261213,85.5,4792.114084,4823.275836,1.276302222,42.85669047,15.2967793,53.080205,79.46341933,28.36271084,1.110147697
EV113,07/22/21,45.809732,7.469110036,6.375276667,17.38588059,44.88,52.99,71.93915428,135.1981019,83,4823.323948,4869.13368,3.541493889,51.53168953,20.40746475,165.836382,96.80922392,38.38901266,4.444741493
EV113,07/23/21,45.99132066,7.336975349,7.528523268,18.05670917,52.85,51.31,89.52085143,169.426368,81.5,4869.124479,4915.1158,3.191210556,65.72615779,23.79469363,169.917062,124.390326,45.03588272,3.313591705
EV113,07/24/21,27.92895497,2.285678697,4.710432136,8.387651666,51.16,46.85,40.7358131,76.77814071,78,4915.148945,4943.0779,1.391540833,32.2208406,8.514972499,75.38595206,60.73099363,16.04705871,0.535812266
EV113,07/25/21,9.175728685,1.323207072,1.749652374,3.821870557,47.4,56.43,13.03213143,24.54626407,78.5,4943.098595,4952.274324,0.749011111,9.514739608,3.517391821,39.45252494,17.92078015,6.625455074,0.169374838
EV113,07/26/21,37.655628,5.811610556,4.889247778,13.01112444,56.43,69.84,51.32279,96.392132,78.5,4952.647152,4990.30278,2.310266111,37.598158,13.724632,120.478229,70.616546,25.775302,1.530856
EV113,07/27/21,28.832032,5.133115,5.901304444,13.75004778,69.48,63.83,69.249715,129.523134,81.5,4990.675608,5019.50764,2.715628333,51.607473,17.642242,138.094297,96.528136,32.994576,0.618833
EV113,07/28/21,22.245404,3.983473889,4.074895,12.64499972,64.36,88.96,49.975025,92.768485,83,5019.631916,5041.87732,4.586630833,36.803717,13.171308,135.419022,68.318697,24.449609,0.614098
EV113,07/29/21,24.730924,3.566902459,4.224351111,10.64339635,90.05,86.07,53.76778558,99.91169417,82.5,5042.001596,5066.73252,2.852142778,39.649247,14.11853858,108.9506094,73.677048,26.23451117,0.887382
EV113,07/30/21,6.462352,0.875486708,0.942770278,3.672085597,86.13,90,10.77522342,20.00477983,83.5,5066.856796,5073.319148,1.853828611,8.619875,2.155348417,25.3118526,16.003651,4.000870834,0.28788
EV113,08/02/21,42.03715474,5.124172897,5.038065,12.89685456,89.85,78.22,51.87282707,95.6746562,84.5,5073.535833,5115.572988,2.734616667,40.07157757,11.8012495,86.022578,73.9098602,21.76473976,1.615180479
EV113,08/03/21,42.09769726,5.181695715,5.79329,13.04063127,78.11,64.03,58.08847993,107.5439328,85,5115.604855,5157.702552,2.065645556,43.40443743,14.6840425,90.105167,80.3453188,27.19856324,1.640784521
EV113,08/04/21,20.629816,3.386594444,2.4291425,6.833205278,63.55,65.39,24.446319,45.818554,83.5,5158.07538,5178.705196,1.017468333,17.192343,7.253976,53.388281,32.22056,13.59771,0.868705
EV113,08/05/21,22.742508,2.452011667,2.071737778,6.142144167,65.38,62.24,22.624955,42.252245,82,5178.829472,5201.57198,1.618394722,16.544457,6.080498,37.560091,30.896084,11.356109,2.242601
EV113,08/06/21,33.81367335,5.444265253,3.723862333,9.633506475,62.09,28.53,37.3340364,70.56856196,77.5,5206.035315,5239.848988,0.465378889,27.25204992,10.08198648,22.195857,51.51608599,19.05232879,2.451638711
EV113,08/09/21,4.473936,0.425855833,0.3319325,3.712045556,24.64,85.5,2.782819,5.246808,79.5,5242.58306,5247.056996,2.954257222,2.488004,0.294815,106.476735,4.689715,0.556825,0.29557
EV113,08/10/21,14.043188,1.362798889,1.257264167,4.532605833,85.13,90.07,3.39715,6.496814,82.5,5247.181272,5261.22446,1.912542778,2.641716,0.755434,9.935625,5.051189,1.445584,0.103793
EV113,08/17/21,26.222236,4.928880556,4.802470278,12.70603778,90.22,88.38,10.258087,19.360114,80,5261.348736,5287.570972,2.974686944,7.192068,3.066019,20.381934,13.573777,5.7863,0.219948
EV113,08/18/21,13.04898,2.781896667,3.726917778,9.2882375,49.41,90.33,9.67538,13.056135,74.5,5287.695248,5300.744228,2.779423056,6.805652,2.869728,13.833197,9.183257,3.872817,0.124648
EV113,08/19/21,25.352304,4.970483889,4.269616944,12.88293083,44.7,90.05,15.816559,19.990813,76,5300.99278,5326.345084,3.64283,10.658526,5.158033,22.243951,13.470563,6.520175,0.432359
EV113,08/20/21,26.470788,7.613300833,4.945650958,15.11312457,90.05,77.05,26.19217379,22.1950047,75,5326.717912,5353.1887,2.554172778,17.76497664,8.42719715,19.428558,15.05107168,7.1439497,0.226780826
EV113,08/21/21,8.07794,2.937081111,0.982047931,6.262637653,77.04,88.71,12.38711921,5.8479823,71,5353.437252,5361.515192,2.343508611,9.728533357,2.65858585,10.132766,4.540992316,1.3069543,0.273679174
EV113,08/22/21,6.555676542,3.239330278,1.325581984,4.564912262,88.55,72.47,13.54486816,5.914130444,73.5,5361.670419,5368.226096,NA,8.505956695,5.038911465,NA,3.713724944,2.200395444,0.028941316
EV113,08/23/21,27.02453075,4.406700004,4.995410024,14.61297281,72.46,86.47,49.47680026,21.60161766,72.5,5368.293733,5395.318264,5.210862778,38.33928589,11.13751437,29.017277,16.738909,4.862695657,0.351898526
EV113,08/24/21,22.46826871,4.040346385,3.602559381,10.64599104,86.18,90.14,33.64642758,14.9118639,77,5395.343951,5417.81222,3.003085278,25.00037241,8.646055166,18.382729,11.07547406,3.836379898,0.318247157
EV113,08/25/21,46.01601815,5.836648105,6.132885916,14.21701013,90.16,64.17,58.09050255,26.104432,81.5,5417.902598,5463.918616,2.247476111,44.95563655,13.134866,18.099525,20.20317929,5.901277,0.760190057
EV113,08/26/21,57.49940607,8.69112689,7.091020751,19.36638292,64.1,57.35,76.46842864,33.82928087,85,5463.834722,5521.334128,3.584235278,56.39831737,20.07011127,34.501732,25.00000958,8.829274574,1.224992188
EV113,08/27/21,30.82693178,5.477032505,5.176683056,15.07814695,57.27,90.14,49.44140681,21.43870513,83.5,5521.45192,5552.278852,4.424431389,36.72529608,12.71611073,37.501876,15.92858413,5.510104426,0.558615756
EV113,08/28/21,10.687736,3.5884475,1.436499167,7.249235,90.12,90.29,15.226293,6.621613,83.5,5552.403128,5563.090864,2.224288333,8.718526,6.507767,7.083639,3.791534,2.830051,0.111355
EV113,08/29/21,5.59242,1.665263056,1.2743425,3.606336389,90.29,77.51,11.992635,5.216932,82.5,5563.463692,5569.056112,0.666730833,7.316491,4.676144,0.145591,3.182493,2.03434,0.008047
EV113,08/30/21,31.15915722,5.452611111,5.793727313,13.58545537,77.65,72.38,57.14813754,24.87705219,79,5569.214507,5600.373664,2.339116944,42.43406039,14.71407715,28.848567,18.47189013,6.405157185,0.577663158
EV113,08/31/21,47.01254124,5.192203808,7.913768798,16.79065261,72.29,57.17,74.64018306,32.04272998,75,5600.586003,5647.598544,3.68468,58.54715334,16.09302972,32.12176,25.13239804,6.91027967,0.762141945
