Vehicle ID,Date,Number of Trips,Total Distance,Idling Time,Driving Time,Total Run Time,Initial SOC,Final SOC,SOC Used,Total Energy Consumption,Average Ambient Temperature,Initial Odometer,Ending Odometer
EV087,05/01/20,,33.898,,8.48,,,,30.09,48.144,67.4,,
EV087,05/02/20,,54.519,,14.18,,,,57.51,92.016,67,,
EV087,05/03/20,,18.394,,8.59,,,,37.8,60.48,65.9,,
EV087,05/04/20,,27.03,,7.77,,,,24.54,39.264,67.4,,
EV087,05/05/20,,59.755,,15.37,,,,57.42,91.872,72.4,,
EV087,05/06/20,,65.297,,14.19,,,,56.5,90.4,75.3,,
EV087,05/07/20,,44.302,,10.9,,,,33.98,54.368,75.4,,
EV087,05/08/20,,48.892,,11.92,,,,44.64,71.424,73.5,,
EV087,05/09/20,,87.907,,15.07,,,,89.63,143.408,69.8,,
EV087,05/10/20,,31.96,,7.31,,,,34.21,54.736,66.2,,
EV087,05/11/20,,38.522,,9.91,,,,33.42,53.472,66.2,,
EV087,05/12/20,,42.092,,10.91,,,,40.42,64.672,61.9,,
EV087,05/13/20,,52.479,,13.29,,,,48.82,78.112,62,,
EV087,05/14/20,,57.613,,14.79,,,,51.87,82.992,63.9,,
EV087,05/15/20,,43.911,,11.59,,,,44.54,71.264,66.9,,
EV087,05/16/20,,50.014,,10.92,,,,54.89,87.824,69.6,,
EV087,05/17/20,,30.379,,9.6,,,,37.61,60.176,68.4,,
EV087,05/18/20,,44.557,,12.26,,,,40.23,64.368,64.5,,
EV087,05/19/20,,62.951,,15.42,,,,63.69,101.904,60.2,,
EV087,05/20/20,,64.974,,15.68,,,,66.45,106.32,62.3,,
EV087,05/21/20,,60.605,,14.92,,,,57.39,91.824,66.8,,
EV087,05/22/20,,46.359,,11.02,,,,41.87,66.992,65.7,,
EV087,05/23/20,,64.09,,14.23,,,,55.52,88.832,64.3,,
EV087,05/24/20,,13.073,,3.23,,,,18.89,30.224,67.1,,
EV087,05/25/20,,0,,0,,,,0,0,71.4,,
EV087,05/26/20,,33.541,,9.84,,,,29.86,47.776,74.6,,
EV087,05/27/20,,54.298,,17.11,,,,51.12,81.792,75.9,,
EV087,05/28/20,,67.218,,17.34,,,,65.52,104.832,70.7,,
EV087,05/29/20,,31.178,,9.64,,,,33.57,53.712,67,,
EV087,05/30/20,,65.96,,16.83,,,,78.71,125.936,65.7,,
EV087,05/31/20,,2.465,,3.8,,,,7.62,12.192,66.3,,
EV087,06/01/20,,41.004,,11.17,,,,40.54,64.864,70.6,,
EV087,06/02/20,,36.346,,10.59,,,,42.73,68.368,75.5,,
EV087,06/03/20,,44.302,,12.83,,,,44.52,71.232,78.2,,
EV087,06/04/20,,48.144,,10.26,,,,40.85,65.36,72.1,,
EV087,06/05/20,,40.205,,14.45,,,,45.44,72.704,64,,
EV087,06/06/20,,24.803,,5.78,,,,26.72,42.752,64.3,,
EV087,06/07/20,,55.454,,14.04,,,,57.09,91.344,69.7,,
EV087,06/08/20,,57.545,,11.22,,,,53.08,84.928,69.3,,
EV087,06/09/20,,87.227,,15.79,,,,68.32,109.312,72.8,,
EV087,06/10/20,,82.501,,15.75,,,,71.64,114.624,75.6,,
EV087,06/11/20,,61.217,,12.81,,,,59.69,95.504,76,,
EV087,06/12/20,,30.464,,9.3,,,,28.94,46.304,71.1,,
EV087,06/13/20,,61.03,,10.1,,,,68.65,109.84,67.2,,
EV087,06/14/20,,62.764,,10.93,,,,66.94,107.104,67.6,,
EV087,06/15/20,,27.506,,8.77,,,,23.62,37.792,71,,
EV087,06/16/20,,66.657,,12.59,,,,66.28,106.048,67.3,,
EV087,06/17/20,,59.381,,14.19,,,,60.6,96.96,67.7,,
EV087,06/18/20,,78.404,,17.91,,,,75.83,121.328,65.3,,
EV087,06/19/20,,74.732,,13.41,,,,73.9,118.24,64.8,,
EV087,06/20/20,,63.376,,12.18,,,,69.1,110.56,67,,
EV087,06/21/20,,13.175,,3.5,,,,15.65,25.04,68.6,,
EV087,06/22/20,,19.414,,6.62,,,,17.48,27.968,71,,
EV087,06/23/20,,69.819,,12.86,,,,65.67,105.072,72.3,,
EV087,06/24/20,,40.528,,10.66,,,,35.31,56.496,71.5,,
EV087,06/25/20,,45.849,,15.61,,,,46.68,74.688,69.4,,
EV087,06/26/20,,66.912,,18.4,,,,73.6,117.76,71.4,,
EV087,06/27/20,,62.067,,12.98,,,,57.64,92.224,71.3,,
EV087,06/28/20,,59.568,,12.75,,,,55,88,67.8,,
EV087,06/29/20,,54.383,,15.66,,,,44.99,71.984,66.8,,
EV087,06/30/20,,51.034,,14.73,,,,53.66,85.856,68.1,,
EV087,07/01/20,,76.67,,17.58,,,,78.26,125.216,67,,
EV087,07/02/20,,60.163,,14.42,,,,70.01,112.016,69.4,,
EV087,07/03/20,,41.956,,10.21,,,,49.85,79.76,73.2,,
EV087,07/04/20,,69.377,,15.68,,,,62.26,99.616,77.1,,
EV087,07/05/20,,57.817,,12.62,,,,51.92,83.072,78.5,,
EV087,07/06/20,,26.792,,9.34,,,,25.51,40.816,78.2,,
EV087,07/07/20,,48.858,,13.23,,,,41.11,65.776,76.4,,
EV087,07/08/20,,59.976,,17.69,,,,66.05,105.68,75.2,,
EV087,07/09/20,,57.868,,16.06,,,,59.52,95.232,73.2,,
EV087,07/10/20,,44.557,,14.66,,,,48.8,78.08,79.7,,
EV087,07/11/20,,46.903,,13.06,,,,40.48,64.768,83.5,,
EV087,07/12/20,,38.607,,13.98,,,,45.72,73.152,82.7,,
EV087,07/13/20,,34.204,,12.98,,,,33.09,52.944,78.7,,
EV087,07/14/20,,69.428,,17.34,,,,65.9,105.44,72.3,,
EV087,07/15/20,,58.072,,14.97,,,,54.43,87.088,70.5,,
EV087,07/16/20,,65.229,,13.52,,,,77.04,123.264,70.9,,
EV087,07/17/20,,32.725,,12.73,,,,35.07,56.112,72.4,,
EV087,07/18/20,,21.488,,7.88,,,,20.47,32.752,74.2,,
EV087,07/19/20,,28.424,,10.02,,,,28.85,46.16,74,,
EV087,07/20/20,,55.556,,14.27,,,,55.39,88.624,74.7,,
EV087,07/21/20,,39.287,,13.17,,,,41.24,65.984,72.7,,
EV087,07/22/20,,34.204,,12.35,,,,42.02,67.232,72.2,,
EV087,07/23/20,,42.942,,10.58,,,,46.28,74.048,68.1,,
EV087,07/24/20,,15.98,,4.2,,,,20.85,33.36,69.8,,
EV087,07/25/20,,57.222,,14.15,,,,61.74,98.784,72.8,,
EV087,07/26/20,,48.552,,13.87,,,,42.19,67.504,76.7,,
EV087,07/27/20,,58.854,,16.42,,,,51.62,82.592,75.9,,
EV087,07/28/20,,54.077,,13.84,,,,52.02,83.232,75,,
EV087,07/29/20,,43.231,,14,,,,38.57,61.712,76.2,,
EV087,07/30/20,,60.112,,16.33,,,,47.96,76.736,80.3,,
EV087,07/31/20,,36.482,,10.26,,,,31.64,50.624,86,,
EV087,08/01/20,,26.86,,7.9,,,,34.7,55.52,84.5,,
EV087,08/02/20,,32.691,,7.27,,,,38.2,61.12,79,,
EV087,08/03/20,,5.678,,2.43,,,,7.33,11.728,79,,
EV087,08/04/20,,51.238,,12.48,,,,50.84,81.344,76.8,,
EV087,08/05/20,,60.486,,13.94,,,,55.3,88.48,71.3,,
EV087,08/06/20,,40.409,,9.47,,,,42.64,68.224,71,,
EV087,08/07/20,,27.506,,8.7,,,,29.42,47.072,72.8,,
EV087,08/08/20,,37.4,,9.47,,,,40.13,64.208,75,,
EV087,08/09/20,,21.029,,8.36,,,,25.14,40.224,76.8,,
EV087,08/10/20,,66.997,,15.61,,,,64.13,102.608,76.5,,
EV087,08/11/20,,69.071,,12.89,,,,70.59,112.944,77.3,,
EV087,08/12/20,,42.568,,10.06,,,,40.03,64.048,77.8,,
EV087,08/13/20,,36.669,,9.95,,,,36.4,58.24,84.1,,
EV087,08/14/20,,43.248,,9.65,,,,37.86,60.576,86.8,,
EV087,08/15/20,,41.276,,11.38,,,,45.43,72.688,89.3,,
EV087,08/16/20,,24.769,,7.96,,,,23.04,36.864,86.6,,
EV087,08/17/20,,46.529,,12.81,,,,42.95,68.72,87.2,,
EV087,08/18/20,,59.296,,15.48,,,,56.28,90.048,87.4,,
EV087,08/19/20,,62.509,,15.11,,,,62.84,100.544,87.1,,
EV087,08/20/20,,33.745,,9.41,,,,38.85,62.16,85.3,,
EV087,08/21/20,,55.522,,13.47,,,,50.45,80.72,85.2,,
EV087,08/22/20,,48.756,,10.21,,,,44.63,71.408,85.2,,
EV087,08/23/20,,41.752,,11.63,,,,55.2,88.32,81.6,,
EV087,08/24/20,,21.335,,8.54,,,,25.2,40.32,81.5,,
EV087,08/25/20,,56.865,,12.66,,,,53.25,85.2,81.7,,
EV087,08/26/20,,69.377,,15.88,,,,61.5,98.4,82,,
EV087,08/27/20,,53.176,,13.46,,,,52.92,84.672,82,,
EV087,08/28/20,,43.299,,13.84,,,,34.43,55.088,80,,
EV087,08/29/20,,52.122,,15.06,,,,49.93,79.888,76.3,,
EV087,08/30/20,,37.4,,7.3,,,,47.52,76.032,72.6,,
EV087,08/31/20,,15.895,,5.49,,,,19.85,31.76,72.2,,
EV087,09/01/20,,59.857,,14.46,,,,53.96,86.336,69.7,,
EV087,09/02/20,,50.456,,12.99,,,,44.74,71.584,73.4,,
EV087,09/03/20,,43.792,,12.39,,,,39.27,62.832,77.7,,
EV087,09/04/20,,55.216,,11.96,,,,46.46,74.336,81.9,,
EV087,09/05/20,,49.3,,11.85,,,,39.92,63.872,91.4,,
EV087,09/06/20,,27.455,,11.86,,,,32.65,52.24,92.5,,
EV087,09/07/20,,26.401,,7.07,,,,23.98,38.368,81.2,,
EV087,09/08/20,,49.249,,10.01,,,,41.4,66.24,73.1,,
EV087,09/09/20,,64.158,,16.84,,,,51.5,82.4,74.6,,
EV087,09/10/20,,80.631,,15.99,,,,71.89,115.024,72.4,,
EV087,09/11/20,,55.148,,9.28,,,,55.52,88.832,72.7,,
EV087,09/12/20,,39.984,,11.09,,,,30.84,49.344,73.7,,
EV087,09/13/20,,23.341,,7.48,,,,31.66,50.656,73.8,,
EV087,09/14/20,,29.801,,6.4,,,,31.06,49.696,75.4,,
EV087,09/15/20,,46.665,,11.63,,,,41.68,66.688,77.4,,
EV087,09/16/20,,54.315,,11.44,,,,50.75,81.2,77.3,,
EV087,09/17/20,,46.92,,11.35,,,,52.02,83.232,77.7,,
EV087,09/18/20,,44.234,,10.5,,,,49.73,79.568,80.6,,
EV087,09/19/20,,26.741,,7.6,,,,27.84,44.544,79.1,,
EV087,09/20/20,,21.522,,4.47,,,,18.82,30.112,76.7,,
EV087,09/21/20,,32.198,,7.52,,,,35.41,56.656,74.6,,
EV087,09/22/20,,73.61,,14.91,,,,68.1,108.96,75,,
EV087,09/23/20,,77.741,,14.14,,,,82.87,132.592,75,,
EV087,09/24/20,,64.175,,15.99,,,,67.54,108.064,75,,
EV087,09/25/20,,47.447,,11.3,,,,39.88,63.808,73.2,,
EV087,09/26/20,,36.227,,8.71,,,,30.06,48.096,72.3,,
EV087,09/27/20,,34,,10.09,,,,26.1,41.76,71.8,,
EV087,09/28/20,,30.889,,11.14,,,,32.28,51.648,76,,
EV087,09/29/20,,38.845,,12.68,,,,36.29,58.064,80.6,,
EV087,09/30/20,,52.394,,16.4,,,,54.07,86.512,82,,
EV087,10/01/20,,48.025,,11.48,,,,50.61,80.976,82.7,,
EV087,10/02/20,,42.585,,12.48,,,,41.26,66.016,79.4,,
EV087,10/03/20,,39.1,,10.8,,,,42.33,67.728,77.8,,
EV087,10/04/20,,37.485,,8.41,,,,28.68,45.888,76.9,,
EV087,10/05/20,,27.846,,11.38,,,,30.53,48.848,77.4,,
EV087,10/06/20,,76.126,,13.88,,,,68.95,110.32,74.7,,
EV087,10/07/20,,69.921,,12.65,,,,69.84,111.744,73,,
EV087,10/08/20,,53.941,,15.17,,,,56.72,90.752,67.8,,
EV087,10/09/20,,49.215,,12.94,,,,54.44,87.104,67.1,,
EV087,10/10/20,,48.025,,12.08,,,,48.51,77.616,67.3,,
EV087,10/11/20,,46.121,,12.2,,,,45.62,72.992,67.3,,
EV087,10/12/20,,35.105,,16.58,,,,43.45,69.52,73.5,,
EV087,10/13/20,,67.252,,14.25,,,,72.43,115.888,75.8,,
EV087,10/14/20,,70.703,,14.82,,,,70.6,112.96,76.5,,
EV087,10/15/20,,63.716,,12.86,,,,60.97,97.552,76.6,,
EV087,10/16/20,,40.766,,8.11,,,,46.62,74.592,77.4,,
EV087,10/17/20,,38.386,,9.49,,,,39.42,63.072,74.8,,
EV087,10/18/20,,56.899,,12.23,,,,53.52,85.632,71.7,,
EV087,10/19/20,,15.079,,7.25,,,,13.88,22.208,69.9,,
EV087,10/20/20,,63.529,,14.27,,,,68.21,109.136,68.1,,
EV087,10/21/20,,82.331,,16.59,,,,95.75,153.2,66.7,,
EV087,10/22/20,,68.476,,12.72,,,,70.34,112.544,66.8,,
EV087,10/23/20,,70.618,,14.85,,,,82.56,132.096,65.7,,
EV087,10/24/20,,44.234,,11.18,,,,50.41,80.656,65.4,,
EV087,10/25/20,,50.099,,11.43,,,,58.17,93.072,63,,
EV087,10/26/20,,27.778,,12.35,,,,34.36,54.976,61,,
EV087,10/27/20,,64.311,,14.42,,,,63.76,102.016,67.5,,
EV087,10/28/20,,56.474,,13.72,,,,74.35,118.96,63.2,,
EV087,10/29/20,,65.62,,16.36,,,,83.48,133.568,63,,
EV087,10/30/20,,68.629,,13.67,,,,66.33,106.128,65.3,,
EV087,10/31/20,,46.971,,11.64,,,,55.37,88.592,67.4,,
EV087,11/01/20,,36.091,,7.48,,,,53.9,86.24,70.4,,
EV087,11/02/20,,36.669,,11.13,,,,34.77,55.632,67.9,,
EV087,11/03/20,,28.526,,11.23,,,,29.81,47.696,64.5,,
EV087,11/04/20,,44.523,,13.72,,,,51.33,82.128,67.5,,
EV087,11/05/20,,63.733,,13.98,,,,75.27,120.432,69.5,,
EV087,11/06/20,,63.886,,14.54,,,,83.1,132.96,67.4,,
EV087,11/07/20,,64.787,,12.87,,,,76.67,122.672,52.7,,
EV087,11/08/20,,64.345,,15.39,,,,85.35,136.56,50.6,,
EV087,11/09/20,,42.67,,12.81,,,,51.88,83.008,48.5,,
EV087,11/10/20,,39.474,,9.72,,,,41.49,66.384,49.8,,
EV087,11/11/20,,52.394,,12.91,,,,49.8,79.68,51.5,,
EV087,11/12/20,,13.957,,5.25,,,,18.69,29.904,52.7,,
EV087,11/13/20,,0,,0,,,,0,0,52.2,,
EV087,11/14/20,,0,,0,,,,0,0,53.9,,
EV087,11/15/20,,0,,0,,,,0,0,60.4,,
EV087,11/16/20,,0,,0.08,,,,0.13,0.208,62.4,,
EV087,11/17/20,,3.009,,0.25,,,,1.32,2.112,61.4,,
EV087,11/18/20,,0,,0,,,,0,0,57.7,,
EV087,11/19/20,,28.339,,6.85,,,,28.85,46.16,55.8,,
EV087,11/20/20,,45.934,,15.18,,,,55.43,88.688,58.6,,
EV087,11/21/20,,62.475,,13.91,,,,71.74,114.784,61.2,,
EV087,11/22/20,,35.632,,10.54,,,,46.3,74.08,59.2,,
EV087,11/23/20,,30.532,,11.86,,,,40.66,65.056,53.7,,
EV087,11/24/20,,48.11,,12.69,,,,57.5,92,56.5,,
EV087,11/25/20,,66.419,,12.56,,,,77.89,124.624,52.9,,
EV087,11/26/20,,35.156,,11.95,,,,46.71,74.736,53.7,,
EV087,11/27/20,,20.774,,5.78,,,,26.03,41.648,56.1,,
EV087,11/28/20,,22.185,,7.75,,,,27.47,43.952,49.9,,
EV087,11/29/20,,14.705,,3.32,,,,12.97,20.752,52.4,,
EV087,11/30/20,,44.166,,15.25,,,,46.28,74.048,54.9,,
EV087,12/01/20,,44.387,,14.81,,,,48.14,77.024,55.7,,
EV087,12/02/20,,58.106,,12.79,,,,64.63,103.408,54.3,,
EV087,12/03/20,,61.846,,14.61,,,,80.14,128.224,50.5,,
EV087,12/04/20,,49.232,,15.65,,,,53.8,86.08,49,,
EV087,12/05/20,,38.505,,11.48,,,,46.02,73.632,49.7,,
EV087,12/06/20,,0,,0.08,,,,0.25,0.4,51.9,,
EV087,12/07/20,,14.45,,4.11,,,,13.39,21.424,58.4,,
EV087,12/08/20,,48.025,,13.7,,,,51.91,83.056,62.4,,
EV087,12/09/20,,62.764,,15.32,,,,65.87,105.392,55.4,,
EV087,12/10/20,,62.713,,14.96,,,,63.58,101.728,50.5,,
EV087,12/11/20,,35.173,,11.23,,,,41.76,66.816,52.5,,
EV087,12/12/20,,64.447,,14.69,,,,72.75,116.4,51.6,,
EV087,12/13/20,,36.176,,11.01,,,,47.69,76.304,51.4,,
EV087,12/14/20,,51.986,,13.5,,,,55.31,88.496,51.8,,
EV087,12/15/20,,57.239,,14.29,,,,68.16,109.056,50.6,,
EV087,12/16/20,,30.719,,11.18,,,,40.28,64.448,51.6,,
EV087,12/17/20,,49.113,,14.95,,,,51.08,81.728,51.8,,
EV087,12/18/20,,56.066,,14.99,,,,61.37,98.192,50.7,,
EV087,12/19/20,,53.873,,14.92,,,,56.48,90.368,51.7,,
EV087,12/20/20,,14.756,,5.12,,,,16.48,26.368,55.6,,
EV087,12/21/20,,51.476,,15.05,,,,52.24,83.584,57.9,,
EV087,12/22/20,,50.609,,14.34,,,,54.03,86.448,55.2,,
EV087,12/23/20,,51.51,,13.2,,,,58.55,93.68,51.8,,
EV087,12/24/20,,9.333,,7.61,,,,23.39,37.424,49.9,,
EV087,12/25/20,,0,,0,,,,0,0,52.1,,
EV087,12/26/20,,31.433,,9.54,,,,37.63,60.208,52.8,,
EV087,12/27/20,,42.772,,12.16,,,,47.05,75.28,50.8,,
EV087,12/28/20,,7.718,,4.71,,,,12.88,20.608,47.3,,
EV087,12/29/20,,37.315,,8.57,,,,42.22,67.552,48.4,,
EV087,12/30/20,,2.329,,0.55,,,,2.24,3.584,54.6,,
EV087,12/31/20,,2.856,,3.08,,,,3.93,6.288,51.3,,
EV087,01/01/21,,0,,0,,,,0,0,57.5,,
EV087,01/02/21,,0,,0.1,,,,0.16,0.256,49.5,,
EV087,01/03/21,,0,,0,,,,0,0,48.6,,
EV087,01/04/21,,22.015,,6.97,,,,24.95,39.92,49.5,,
EV087,01/05/21,,29.291,,7.48,,,,36.71,58.736,51.3,,
EV087,01/06/21,,56.814,,10.81,,,,68.24,109.184,53.3,,
EV087,01/07/21,,48.399,,13.9,,,,70.16,112.256,55,,
EV087,01/08/21,,47.566,,16.43,,,,58.06,92.896,64.8,,
EV087,01/09/21,,64.09,,15.34,,,,72.48,115.968,59.5,,
EV087,01/10/21,,6.63,,2.2,,,,6.72,10.752,59.6,,
EV087,01/11/21,,6.426,,2.08,,,,6.03,9.648,61,,
EV087,01/12/21,,27.982,,5.98,,,,30.19,48.304,53.7,,
EV087,01/13/21,,50.133,,18.26,,,,80.11,128.176,58.3,,
EV087,01/14/21,,59.738,,15.25,,,,64.36,102.976,61.3,,
EV087,01/15/21,,37.672,,10.86,,,,46.4,74.24,63.8,,
EV087,01/16/21,,39.644,,11.35,,,,41.57,66.512,62.4,,
EV087,01/17/21,,40.579,,10.53,,,,45.26,72.416,60.5,,
EV087,01/18/21,,28.815,,8.98,,,,32.02,51.232,58.7,,
EV087,01/19/21,,35.275,,14.46,,,,43.74,69.984,55.5,,
EV087,01/20/21,,35.411,,14.16,,,,52.57,84.112,55.7,,
EV087,01/21/21,,35.632,,16.44,,,,43.87,70.192,54.3,,
EV087,01/22/21,,41.429,,12.56,,,,49.67,79.472,51.7,,
EV087,01/23/21,,49.929,,15.7,,,,58.41,93.456,48.3,,
EV087,01/24/21,,38.76,,9.9,,,,49.46,79.136,47.3,,
EV087,01/25/21,,26.078,,14.06,,,,41.72,66.752,45,,
EV087,01/26/21,,62.033,,15.83,,,,75.8,121.28,42.1,,
EV087,01/27/21,,45.22,,16.72,,,,64.28,102.848,47.1,,
EV087,01/28/21,,51.629,,14.75,,,,78.71,125.936,47.7,,
EV087,01/29/21,,27.336,,12.31,,,,33.47,53.552,46.1,,
EV087,01/30/21,,56.1,,17.5,,,,67.71,108.336,45.8,,
EV087,01/31/21,,29.138,,8.26,,,,41.31,66.096,51,,
EV087,02/01/21,,23.613,,6.98,,,,22.13,35.408,57.1,,
EV087,02/02/21,,42.228,,14.87,,,,47.22,75.552,59.4,,
EV087,02/03/21,,63.903,,14.63,,,,70.37,112.592,54.4,,
EV087,02/04/21,,46.444,,18.9,,,,63.94,102.304,51.4,,
EV087,02/05/21,,43.231,,15.15,,,,54.52,87.232,52,,
EV087,02/06/21,,76.092,,15.71,,,,70.76,113.216,54.7,,
EV087,02/07/21,,49,,11.62,,,,58.5,93.6,54.5,,
EV087,02/08/21,,19,,10.13,,,,30.51,48.816,52.2,,
EV087,02/09/21,,32,,12.09,,,,41.57,66.512,51.5,,
EV087,02/10/21,,47,,17.45,,,,58.85,94.16,53.3,,
EV087,02/11/21,,49,,15.04,,,,63.76,102.016,52.7,,
EV087,02/12/21,,28,,17.17,,,,43.11,68.976,55.4,,
EV087,02/13/21,,37,,15.69,,,,53.51,85.616,50.4,,
EV087,02/14/21,,10,,5.12,,,,18.78,30.048,54.8,,
EV087,02/15/21,,40,,13.84,,,,53.28,85.248,50.3,,
EV087,02/16/21,,46,,17.03,,,,57.1,91.36,53.6,,
EV087,02/17/21,,12,,7.15,,,,19.04,30.464,51,,
EV087,02/18/21,,37,,18.33,,,,53.68,85.888,53.6,,
EV087,02/19/21,,27,,16.81,,,,46.08,73.728,50.6,,
EV087,02/20/21,,49,,13.09,,,,67.95,108.72,60.9,,
EV087,02/21/21,,32,,11.68,,,,41,65.6,56.9,,
EV087,02/22/21,,43,,17.17,,,,61.32,98.112,55,,
EV087,02/23/21,,44,,17.31,,,,57.67,92.272,58.3,,
EV087,02/24/21,,34,,13.69,,,,45.52,72.832,55.8,,
EV087,02/25/21,,45,,16.83,,,,59.48,95.168,55.8,,
EV087,02/26/21,,16,,8.98,,,,25.59,40.944,51.9,,
EV087,02/27/21,,41,,15.49,,,,55.17,88.272,53.2,,
EV087,02/28/21,,43,,11.23,,,,62.08,99.328,53.3,,
EV087,03/01/21,,23,,7.23,,,,35.83,57.328,51,,
EV087,03/02/21,,58,,16.86,,,,72.92,116.672,54.1,,
EV087,03/03/21,,58,,16.67,,,,95.09,152.144,48.6,,
EV087,03/04/21,,42,,12.64,,,,62.67,100.272,49.9,,
EV087,03/05/21,,51,,15.38,,,,74.51,119.216,56,,
EV087,03/06/21,,39,,14.03,,,,59.17,94.672,55.5,,
EV087,03/07/21,,23,,10.59,,,,36.29,58.064,54.6,,
EV087,03/08/21,,39,,11.62,,,,52.58,84.128,56.2,,
EV087,03/09/21,,0,,0,,,,45.33,72.528,51,,
EV087,03/10/21,,61,,15.72,,,,95.81,153.296,48.2,,
EV087,03/11/21,,47,,16.8,,,,61.4,98.24,45,,
EV087,03/12/21,,18,,8.22,,,,32.23,51.568,44,,
EV087,03/13/21,,61,,17.91,,,,93.63,149.808,49.7,,
EV087,03/14/21,,28,,10.34,,,,35.72,57.152,53.4,,
EV087,03/15/21,,28,,8.46,,,,41.57,66.512,49.6,,
EV087,03/16/21,,43,,9.98,,,,62.56,100.096,46.2,,
EV087,03/17/21,,62,,15,,,,94.79,151.664,50.4,,
EV087,03/18/21,,52,,13.51,,,,90.06,144.096,55,,
EV087,03/19/21,,38,,14.89,,,,61.66,98.656,56.1,,
EV087,03/20/21,,55,,15.8,,,,74.38,119.008,58,,
EV087,03/21/21,,32,,9.32,,,,43.85,70.16,55.5,,
EV087,03/22/21,,32,,8.24,,,,44.02,70.432,54,,
EV087,03/23/21,,45,,16.21,,,,59.64,95.424,54.6,,
EV087,03/24/21,,57,,18.24,,,,94.53,151.248,59.2,,
EV087,03/25/21,,59,,13.98,,,,89.45,143.12,53.7,,
EV087,03/26/21,,46,,17.81,,,,64.88,103.808,54,,
EV087,03/27/21,,48,,13.57,,,,60.27,96.432,57.6,,
EV087,03/28/21,,29,,12.69,,,,41.59,66.544,63.9,,
EV087,03/29/21,,32,,11.23,,,,47.81,76.496,63.2,,
EV087,03/30/21,,48,,15.21,,,,61.96,99.136,63.6,,
EV087,03/31/21,,45,,11.6,,,,67.49,107.984,64.2,,
EV087,04/01/21,,51,,14.19,,,,72.67,116.272,63.7,,
EV087,04/02/21,,47,,15.86,,,,66.81,106.896,63.4,,
EV087,04/03/21,,54,,15.26,,,,66.1,105.76,63.3,,
EV087,04/04/21,,33,,9.2,,,,48,76.8,64.5,,
EV087,04/05/21,,40,,14.75,,,,47.08,75.328,62.2,,
EV087,04/06/21,,35,,16.97,,,,48.85,78.16,61,,
EV087,04/07/21,,58,,14.24,,,,84.7,135.52,64.2,,
EV087,04/08/21,,51,,11.96,,,,78.83,126.128,63.6,,
EV087,04/09/21,,47,,14.51,,,,59.56,95.296,64.5,,
EV087,04/10/21,,26,,12.28,,,,34.95,55.92,63.7,,
EV087,04/11/21,,14,,4.03,,,,15.16,24.256,63.2,,
EV087,04/12/21,,30,,6.88,,,,45.61,72.976,60.2,,
EV087,04/13/21,,18,,5.48,,,,24.09,38.544,58.5,,
EV087,04/14/21,,37,,13.16,,,,61.72,98.752,57,,
EV087,04/15/21,,53,,15.79,,,,74.03,118.448,57.2,,
EV087,04/16/21,,45,,14.09,,,,70.35,112.56,59,,
EV087,04/17/21,,47,,13.09,,,,65.96,105.536,62,,
EV087,04/18/21,,52,,16.31,,,,61.54,98.464,65,,
EV087,04/19/21,,48,,14.92,,,,56.45,90.32,67.9,,
EV087,04/20/21,,39,,13.12,,,,49.67,79.472,63.3,,
EV087,04/21/21,,46,,18.52,,,,60.91,97.456,58.3,,
EV087,04/22/21,,40,,15.49,,,,58.9,94.24,57.5,,
EV087,04/23/21,,47,,14.55,,,,66.45,106.32,58.9,,
EV087,04/24/21,,28,,12.32,,,,41.67,66.672,59.6,,
EV087,04/25/21,,9,,2.72,,,,15.31,24.496,58.8,,
EV087,04/26/21,,36,,15.56,,,,48.4,77.44,55.8,,
EV087,04/27/21,,24,,7.64,,,,30.89,49.424,56.6,,
EV087,04/28/21,,55,,12.27,,,,78.35,125.36,61.1,,
EV087,04/29/21,,56,,10.69,,,,77.45,123.92,68,,
EV087,04/30/21,,30,,12.02,,,,34.69,55.504,74.5,,
EV087,05/01/21,,36,,12.65,,,,42.13,67.408,69,,
EV087,05/02/21,,21,,7.82,,,,31.04,49.664,61.3,,
EV087,05/03/21,,16,,6.53,,,,21.4,34.24,67.4,,
EV087,05/04/21,,42,,18.28,,,,51.66,82.656,70.3,,
EV087,05/05/21,,56,,15.08,,,,73.02,116.832,71.8,,
EV087,05/06/21,,53,,12.28,,,,63.47,101.552,65.7,,
EV087,05/07/21,,46,,14.13,,,,54.61,87.376,64,,
EV087,05/08/21,,46,,17.01,,,,55.25,88.4,65,,
EV087,05/09/21,,5,,1.25,,,,9.9,15.84,63.2,,
EV087,05/10/21,,18,,8.43,,,,26.95,43.12,62.8,,
EV087,05/11/21,,39,,14.8,,,,51.99,83.184,63.1,,
EV087,05/12/21,,42,,13.69,,,,56.36,90.176,66.8,,
EV087,05/13/21,,47,,12.43,,,,61.09,97.744,65.2,,
EV087,05/14/21,,36,,12.92,,,,50.67,81.072,62,,
EV087,05/15/21,,45,,16.9,,,,63.57,101.712,62.4,,
EV087,05/16/21,,47,,14.4,,,,64.45,103.12,59.5,,
EV087,05/17/21,,36,,13.46,,,,43.24,69.184,60.5,,
EV087,05/18/21,,49,,11.99,,,,59.24,94.784,64.9,,
EV087,05/19/21,,42,,10.27,,,,55.49,88.784,65.2,,
EV087,05/20/21,,25,,6.51,,,,27.65,44.24,63.3,,
EV087,05/21/21,,37,,11.76,,,,52.17,83.472,60.1,,
EV087,05/22/21,,43,,16.77,,,,57.11,91.376,59.1,,
EV087,05/23/21,,18,,7.85,,,,25.91,41.456,61.8,,
EV087,05/24/21,,32,,10.97,,,,45.92,73.472,70.2,,
EV087,05/25/21,,50,,13.73,,,,58.35,93.36,73.9,,
EV087,05/26/21,,54,,13.51,,,,67.82,108.512,72.1,,
EV087,05/27/21,,52,,13.91,,,,67.77,108.432,62.3,,
EV087,05/28/21,,68,,18.32,,,,64.9,103.84,65.5,,
EV087,05/29/21,,35,,15.18,,,,57.42,91.872,64.7,,
EV087,05/30/21,,11,,5.54,,,,14.08,22.528,66.2,,
EV087,05/31/21,,27,,11.98,,,,35.73,57.168,67.8,,
