Vehicle ID,Local Trip Start Time,Local Trip End Time,Total Distance,Idling Time,Driving Time,Total Run Time,Initial SOC,Final SOC,SOC Used,Total Energy Consumption,Average Ambient Temperature,Initial Odometer,Final Odometer,Percent Idling Time
EV009,3/12/19 4:27 PM,3/12/19 4:32 PM,0.65,0.019194,0.057582,0.076776,71.4,71.4,0,0.36,60.8,6187.53,6187.53,25
EV009,3/10/19 9:33 PM,3/10/19 10:12 PM,36.42,0.085779,0.574057,0.659836,94.5,72.2,22.3,12.25,53.6,6151.13,6187.17,13
EV009,3/10/19 9:10 PM,3/10/19 9:23 PM,1.25,0.146107,0.065642,0.211749,96.9,94.5,2.4,0.91,57.2,6149.88,6151.12,69
EV009,3/10/19 7:51 PM,3/10/19 7:59 PM,3.47,0.013607,0.122459,0.136066,98.4,96.9,1.5,0.93,57.2,6146.41,6148.9,10
EV009,3/10/19 7:48 PM,3/10/19 7:49 PM,0.01,0.017847,0.00729,0.025137,0,0,0,0.17,69.8,,,71
EV009,3/10/19 3:10 PM,3/10/19 3:29 PM,2.27,0.204765,0.11518,0.319945,94.9,92.5,2.4,1.34,55.4,6144.11,6145.35,64
EV009,3/10/19 2:31 PM,3/10/19 2:56 PM,7.48,0.098361,0.311475,0.409836,99.2,95.3,3.9,2.09,53.6,6136.62,6144.08,24
EV009,3/10/19 1:56 PM,3/10/19 2:08 PM,4.88,0.045057,0.150844,0.195902,100,99.6,0.4,2.28,55.4,6131.74,6135.47,23
EV009,3/9/19 9:45 PM,3/9/19 9:52 PM,2.1,0.036984,0.07859,0.115574,83.9,82.4,1.5,0.88,51.8,6129.63,6130.88,32
EV009,3/9/19 9:23 PM,3/9/19 9:29 PM,2.09,0.023702,0.071107,0.094809,85.5,84.3,1.2,0.85,57.2,6127.55,6128.79,25
EV009,3/9/19 3:10 PM,3/9/19 3:16 PM,1.26,0.031,0.069,0.1,83.1,82.7,0.4,0.41,57.2,6126.27,6126.27,31
EV009,3/9/19 2:16 PM,3/9/19 2:26 PM,1.4,0.093402,0.082828,0.17623,84.7,83.1,1.6,0.91,60.8,6124.88,6126.12,53
EV009,3/9/19 2:13 PM,3/9/19 2:14 PM,0.06,0.00647,0.011016,0.017486,0,0,0,0.12,64.4,,,37
EV009,3/8/19 11:59 PM,3/9/19 12:22 AM,8.35,0.078893,0.29679,0.375683,70.2,65.9,4.3,2.56,46.4,6116.46,6123.91,21
EV009,3/8/19 11:21 PM,3/8/19 11:32 PM,3.56,0.057295,0.133689,0.190984,72.5,70.2,2.3,1.38,48.2,6112.89,6115.38,30
EV009,3/8/19 9:59 PM,3/8/19 10:51 PM,36.82,0.103803,0.761224,0.865027,92.2,72.5,19.7,11.22,53.6,6076.1,6112.14,12
EV009,3/8/19 5:06 PM,3/8/19 5:08 PM,0.08,0.012986,0.013516,0.026503,56.1,56.1,0,0.15,60.8,6076.01,6076.01,49
EV009,3/8/19 9:54 AM,3/8/19 10:47 AM,36.77,0.070929,0.815683,0.886612,73.7,58,15.7,9.02,50,6039.25,6075.29,8
EV009,3/7/19 10:53 PM,3/7/19 11:17 PM,8.64,0.119836,0.279617,0.399454,65.1,60,5.1,3.16,51.8,6030.6,6038.06,30
EV009,3/7/19 8:17 PM,3/7/19 9:23 PM,35.35,0.10888,0.979918,1.088798,77.3,63.9,13.4,7.53,55.4,5995.26,6030.06,10
EV009,3/7/19 7:30 PM,3/7/19 8:06 PM,17.78,0.140765,0.471257,0.612022,83.9,77.3,6.6,3.93,59,5977.49,5994.89,23
EV009,3/7/19 4:46 PM,3/7/19 4:49 PM,0.55,0.009568,0.046716,0.056284,84.7,84.7,0,0.12,62.6,5976.94,5976.94,17
EV009,3/7/19 11:34 AM,3/7/19 11:36 AM,0.32,0.009885,0.026727,0.036612,28.2,28.2,0,0.14,53.6,5976.61,5976.61,27
EV009,3/7/19 9:42 AM,3/7/19 10:54 AM,49.1,0.084077,1.117016,1.201093,52.9,27.8,25.1,13.07,53.6,5927.53,5976,7
EV009,3/6/19 11:50 AM,3/6/19 12:00 PM,2.46,0.023484,0.133074,0.156557,23.5,23.1,0.4,0.61,51.8,5925.07,5926.31,15
EV009,3/6/19 11:16 AM,3/6/19 11:41 AM,7.62,0.088721,0.314557,0.403279,28.6,24.3,4.3,2.72,53.6,5917.44,5924.9,22
EV009,3/5/19 11:32 PM,3/5/19 11:36 PM,0.81,0.011852,0.053995,0.065847,14.1,13.7,0.4,0.37,51.8,5916.63,5916.63,18
EV009,3/5/19 11:28 PM,3/5/19 11:29 PM,0,0.007377,0,0.007377,0,0,0,0.01,51.8,,,100
EV009,3/5/19 11:06 PM,3/5/19 11:26 PM,5.21,0.131385,0.2055,0.336885,16.5,14.1,2.4,1.5,51.8,5911.4,5916.38,39
EV009,3/5/19 10:53 PM,3/5/19 11:04 PM,4.37,0.060221,0.134041,0.194262,18,17.3,0.7,1.34,53.6,5907.03,5910.75,31
EV009,3/5/19 8:46 PM,3/5/19 10:10 PM,47.44,0.210574,1.193251,1.403825,42,18.8,23.2,13.55,57.2,5859.6,5906.82,15
EV009,3/5/19 3:04 PM,3/5/19 3:08 PM,0.79,0.01377,0.051803,0.065574,42.4,42,0.4,0.22,68,5858.8,5858.8,21
EV009,3/5/19 2:52 PM,3/5/19 2:54 PM,0.56,0.003852,0.034672,0.038525,43.1,42.4,0.7,0.15,68,5858.24,5858.24,10
EV009,3/5/19 9:32 AM,3/5/19 10:46 AM,49.11,0.099016,1.138689,1.237705,65.1,42,23.1,12.21,53.6,5809.14,5857.61,8
EV009,3/4/19 9:54 PM,3/4/19 10:38 PM,26.13,0.096967,0.648934,0.745902,64.7,50.6,14.1,7.8,57.2,5783.02,5807.88,13
EV009,3/4/19 8:26 PM,3/4/19 9:02 PM,14.2,0.112806,0.48091,0.593716,72.5,65.5,7,4.29,60.8,5768.82,5782.49,19
EV009,3/4/19 3:45 PM,3/4/19 3:47 PM,0.15,0.015158,0.024732,0.039891,74.9,74.9,0,0.36,64.4,5768.66,5768.66,38
EV009,3/4/19 9:45 AM,3/4/19 10:55 AM,37.72,0.081495,1.082713,1.164208,61.2,44.3,16.9,9.03,53.6,5730.96,5768.25,7
EV009,3/3/19 7:51 PM,3/3/19 8:02 PM,3.56,0.057131,0.133306,0.190437,43.5,42.4,1.1,1.32,59,5727.39,5729.88,30
EV009,3/3/19 5:39 PM,3/3/19 5:46 PM,2.32,0.024164,0.085672,0.109836,44.3,43.9,0.4,0.42,62.6,5725.06,5726.3,22
EV009,3/2/19 10:09 PM,3/2/19 10:14 PM,0,0.092066,0.003836,0.095902,16.9,17.3,-0.4,-0.01,68,5725.04,5725.04,96
EV009,3/2/19 6:23 PM,3/2/19 7:18 PM,39.34,0.175516,0.748254,0.92377,34.1,14.1,20,12.06,59,5685.72,5724.25,19
EV009,3/2/19 4:36 PM,3/2/19 5:22 PM,36.7,0.092852,0.680918,0.77377,47.8,27.1,20.7,10.17,59,5649.03,5685.07,12
EV009,3/2/19 4:04 PM,3/2/19 4:11 PM,1.14,0.041311,0.073443,0.114754,47.8,47.5,0.3,0.15,60.8,5647.89,5647.89,36
EV009,3/2/19 3:32 PM,3/2/19 3:42 PM,2.48,0.070257,0.093131,0.163388,48.6,47.1,1.5,0.58,60.8,5645.4,5647.89,43
EV009,3/2/19 3:09 PM,3/2/19 3:30 PM,0.59,0.269115,0.084984,0.354098,48.6,48.6,0,0.2,59,5644.8,5644.8,76
EV009,3/2/19 2:28 PM,3/2/19 2:31 PM,0.12,0.026298,0.021516,0.047814,49,49,0,0.04,59,5644.67,5644.67,55
EV009,3/2/19 2:14 PM,3/2/19 2:20 PM,1.35,0.024383,0.081628,0.106011,49,49,0,0.23,59,5643.32,5644.57,23
EV009,3/2/19 1:50 PM,3/2/19 2:03 PM,4.45,0.071344,0.151607,0.222951,52.2,49.8,2.4,1.27,57.2,5638.87,5642.59,32
EV009,3/2/19 1:10 PM,3/2/19 1:27 PM,5.99,0.090544,0.201533,0.292077,55.7,52.2,3.5,1.74,57.2,5632.87,5637.84,31
EV009,3/2/19 12:30 PM,3/2/19 12:46 PM,6.02,0.051445,0.21932,0.270765,56.9,55.7,1.2,1.11,57.2,5626.84,5631.81,19
EV009,3/1/19 10:42 PM,3/1/19 11:01 PM,4.54,0.133817,0.177385,0.311202,40,37.3,2.7,0.96,57.2,5622.28,5626.01,43
EV009,3/1/19 9:16 PM,3/1/19 9:38 PM,5.98,0.15082,0.22623,0.377049,42,39.2,2.8,1.45,59,5616.29,5621.26,40
EV009,3/1/19 8:34 PM,3/1/19 8:50 PM,3.52,0.110049,0.151973,0.262022,42.7,41.6,1.1,0.97,60.8,5612.76,5615.24,42
EV009,3/1/19 4:32 PM,3/1/19 5:34 PM,48.93,0.13444,0.899713,1.034153,65.5,43.1,22.4,11.74,66.2,5563.86,5612.33,13
EV009,3/1/19 3:20 PM,3/1/19 3:26 PM,0.84,0.038787,0.053563,0.09235,65.9,65.5,0.4,0.32,66.2,5563.02,5563.02,42
EV009,3/1/19 2:55 PM,3/1/19 2:58 PM,0.58,0.012,0.038,0.05,65.9,65.9,0,0.13,66.2,5562.44,5562.44,24
EV009,3/1/19 9:53 AM,3/1/19 11:04 AM,48.25,0.071721,1.123634,1.195355,86.3,65.1,21.2,12.22,57.2,5514.2,5561.43,6
EV009,2/28/19 11:27 PM,2/28/19 11:38 PM,4.25,0.043989,0.131967,0.175956,74.1,73.3,0.8,0.83,59,5509.95,5513.68,25
EV009,2/28/19 10:45 PM,2/28/19 11:02 PM,5.99,0.055082,0.220328,0.27541,77.3,74.1,3.2,1.8,59,5503.95,5508.92,20
EV009,2/28/19 8:10 PM,2/28/19 9:51 PM,46.94,0.202,1.481333,1.683333,100,77.3,22.7,13.06,60.8,5457.02,5503,12
EV009,2/28/19 12:41 PM,2/28/19 12:47 PM,0.64,0.039661,0.06471,0.104372,26.3,26.3,0,0.26,59,5456.38,5456.38,38
EV009,2/28/19 12:32 PM,2/28/19 12:41 PM,0.78,0.077727,0.061071,0.138798,27.5,26.3,1.2,0.23,59,5455.6,5455.6,56
EV009,2/28/19 10:05 AM,2/28/19 12:06 PM,54.17,0.341301,1.66635,2.00765,53.3,28.2,25.1,14.43,57.2,5401.42,5454.86,17
EV009,2/27/19 10:40 PM,2/27/19 10:54 PM,3.2,0.087803,0.137333,0.225137,39.6,39.2,0.4,0.9,57.2,5398.22,5400.71,39
EV009,2/27/19 9:59 PM,2/27/19 10:07 PM,0.9,0.070557,0.076437,0.146995,42,40.8,1.2,0.42,57.2,5397.31,5397.31,48
EV009,2/27/19 8:00 PM,2/27/19 9:26 PM,41.4,0.201623,1.238541,1.440164,63.1,41.6,21.5,11.59,59,5355.92,5396.93,14
EV009,2/27/19 7:52 PM,2/27/19 7:56 PM,0.64,0.023413,0.033691,0.057104,63.9,63.5,0.4,0.17,60.8,5355.28,5355.28,41
EV009,2/27/19 4:02 PM,2/27/19 4:11 PM,3.3,0.028085,0.11973,0.147814,65.5,63.9,1.6,0.79,60.8,5351.97,5354.45,19
EV009,2/27/19 2:55 PM,2/27/19 3:04 PM,2.87,0.041519,0.10165,0.143169,66.7,65.5,1.2,0.91,62.6,5349.09,5351.58,29
EV009,2/27/19 9:17 AM,2/27/19 10:17 AM,48.2,0.060115,0.941798,1.001913,89.4,65.1,24.3,13.84,50,5300.92,5348.14,6
EV009,2/26/19 11:19 PM,2/26/19 11:31 PM,4.26,0.045967,0.145563,0.19153,78.4,77.3,1.1,0.65,57.2,5296.65,5300.37,24
EV009,2/26/19 10:48 PM,2/26/19 11:01 PM,4.38,0.077268,0.143497,0.220765,80,78.4,1.6,1.1,59,5292.27,5296,35
EV009,2/26/19 9:14 PM,2/26/19 9:24 PM,1.27,0.081934,0.078721,0.160656,78.8,78.8,0,0.17,62.6,5290.99,5292.23,51
EV009,2/26/19 9:00 PM,2/26/19 9:08 PM,1.28,0.043672,0.074361,0.118033,79.6,78.8,0.8,0.5,62.6,5289.7,5289.7,37
EV009,2/26/19 7:50 PM,2/26/19 9:00 PM,39.44,0.291735,0.875205,1.16694,100,80,20,11.41,64.4,5250.28,5288.8,25
EV009,2/26/19 6:56 PM,2/26/19 6:57 PM,0.01,0.01118,0.006852,0.018033,0,0,0,0.08,64.4,,,62
EV009,2/26/19 2:32 PM,2/26/19 2:40 PM,0,0.124863,0,0.124863,79.6,79.6,0,0.06,55.4,5250.27,5250.27,100
EV009,2/26/19 2:13 PM,2/26/19 2:13 PM,0,0.012022,0,0.012022,79.6,79.6,0,0,57.2,5250.27,5250.27,100
EV009,2/26/19 2:06 PM,2/26/19 2:12 PM,1.15,0.037199,0.069085,0.106284,80.4,79.6,0.8,0.28,57.2,5249.1,5249.1,35
EV009,2/26/19 1:48 PM,2/26/19 1:58 PM,0.88,0.095874,0.069426,0.165301,80.8,80.4,0.4,0.47,59,5248.22,5248.22,58
EV009,2/26/19 8:49 AM,2/26/19 9:03 AM,9.43,0.036503,0.191639,0.228142,87.5,81.2,6.3,3.61,46.4,5238.79,5247.49,16
EV009,2/25/19 9:30 PM,2/25/19 9:33 PM,0.39,0.009363,0.031347,0.04071,87.5,87.5,0,0.04,57.2,5238.39,5238.39,23
EV009,2/25/19 9:19 PM,2/25/19 9:23 PM,0.6,0.02315,0.039418,0.062568,87.8,87.5,0.3,0.26,59,5237.79,5237.79,37
EV009,2/25/19 9:10 PM,2/25/19 9:12 PM,0.28,0.009738,0.01977,0.029508,87.8,87.8,0,0.17,60.8,5237.51,5237.51,33
EV009,2/25/19 6:48 PM,2/25/19 7:06 PM,9.44,0.07141,0.226131,0.297541,94.1,87.8,6.3,3.26,66.2,5228.07,5236.77,24
EV009,2/25/19 8:56 AM,2/25/19 9:12 AM,9.64,0.042918,0.209541,0.252459,100,94.5,5.5,3.71,48.2,5218.44,5227.14,17
EV009,2/24/19 8:52 PM,2/24/19 8:55 PM,0.05,0.032699,0.015388,0.048087,100,100,0,0.28,60.8,5218.38,5218.38,68
EV009,2/23/19 3:54 PM,2/23/19 4:02 PM,0.58,0.069126,0.056557,0.125683,81.2,80,1.2,0.67,59,5217.79,5217.79,55
EV009,2/22/19 9:03 PM,2/22/19 9:08 PM,0.36,0.047656,0.035951,0.083607,55.3,54.5,0.8,0.25,55.4,5217.42,5217.42,57
EV009,2/22/19 8:09 PM,2/22/19 9:01 PM,13.4,0.305533,0.567418,0.872951,67.1,55.7,11.4,6.68,57.2,5203.99,5216.42,35
EV009,2/22/19 11:39 AM,2/22/19 11:39 AM,0,0.003279,0,0.003279,0,0,0,0,51.8,,,100
EV009,2/22/19 11:03 AM,2/22/19 11:39 AM,13.74,0.066391,0.537161,0.603552,73.3,68.2,5.1,2.96,51.8,5190.25,5202.67,11
EV009,2/22/19 10:57 AM,2/22/19 11:01 AM,0.82,0.032934,0.045481,0.078415,74.5,73.3,1.2,0.63,50,5189.42,5189.42,42
EV009,2/22/19 10:48 AM,2/22/19 10:52 AM,0.65,0.038557,0.040131,0.078689,75.3,74.5,0.8,0.49,50,5188.77,5188.77,49
EV009,2/21/19 8:10 PM,2/21/19 9:03 PM,14.34,0.281355,0.59788,0.879235,68.6,56.1,12.5,7.02,51.8,5174.4,5188.07,32
EV009,2/21/19 11:01 AM,2/21/19 11:51 AM,13.75,0.178098,0.669989,0.848087,74.5,69.8,4.7,2.7,50,5160.62,5174.29,21
EV009,2/20/19 11:02 PM,2/20/19 11:28 PM,13.68,0.077803,0.354437,0.43224,69,58,11,6.23,50,5146.94,5160.61,18
EV009,2/20/19 8:24 PM,2/20/19 8:51 PM,1.59,0.197828,0.24179,0.439617,72.2,69.4,2.8,1.83,53.6,5145.31,5146.56,45
EV009,2/20/19 11:01 AM,2/20/19 11:53 AM,14.36,0.129918,0.736202,0.86612,78.8,72.9,5.9,3.14,50,5130.93,5144.6,15
EV009,2/20/19 10:54 AM,2/20/19 10:58 AM,0.68,0.027811,0.0435,0.071311,79.2,79.2,0,0.36,48.2,5130.24,5130.24,39
EV009,2/19/19 9:39 PM,2/19/19 9:39 PM,0,0.011202,0,0.011202,60.4,60.4,0,0.03,48.2,5130.24,5130.24,100
EV009,2/19/19 8:49 PM,2/19/19 9:38 PM,13.87,0.23715,0.580609,0.81776,72.9,60.4,12.5,7.08,53.6,5116.36,5130.03,29
EV009,2/19/19 10:58 AM,2/19/19 11:38 AM,13.75,0.086667,0.58,0.666667,78.8,73.3,5.5,2.99,50,5102.61,5115.04,13
EV009,2/19/19 10:53 AM,2/19/19 10:57 AM,0.81,0.009016,0.051093,0.060109,79.6,79.2,0.4,0.4,42.8,5101.8,5101.8,15
EV009,2/19/19 10:45 AM,2/19/19 10:49 AM,0.69,0.013443,0.042568,0.056011,79.6,79.6,0,0.13,42.8,5101.1,5101.1,24
EV009,2/18/19 9:25 PM,2/18/19 9:36 PM,3.19,0.030052,0.146724,0.176776,80,80,0,0.1,46.4,5097.9,5100.39,17
EV009,2/18/19 8:50 PM,2/18/19 9:21 PM,16.49,0.078361,0.444044,0.522404,92.9,80,12.9,7.12,53.6,5081.42,5097.57,15
EV009,2/18/19 11:19 AM,2/18/19 11:22 AM,0.06,0.031148,0.010383,0.04153,96.1,96.1,0,0.03,48.2,5081.35,5081.35,75
EV009,2/18/19 10:49 AM,2/18/19 11:14 AM,13.68,0.098426,0.311683,0.410109,100,96.1,3.9,2.57,46.4,5067.68,5081.35,24
EV009,2/16/19 3:40 PM,2/16/19 3:41 PM,0,0.003005,0,0.003005,0,0,0,0,46.4,,,100
EV009,2/16/19 3:39 PM,2/16/19 3:40 PM,0,0.004645,0,0.004645,0,0,0,0,46.4,,,100
EV009,2/16/19 3:37 PM,2/16/19 3:37 PM,0,0.005738,0,0.005738,0,0,0,0,46.4,,,100
EV009,2/16/19 3:28 PM,2/16/19 3:34 PM,0.04,0.079648,0.021172,0.10082,35.7,36.1,-0.4,0.08,46.4,5067.62,5067.62,79
EV009,2/16/19 3:24 PM,2/16/19 3:26 PM,0,0.025246,0.004809,0.030055,35.7,35.7,0,0.04,46.4,5067.61,5067.61,84
EV009,2/16/19 3:16 PM,2/16/19 3:17 PM,0.01,0.012735,0.00885,0.021585,0,0,0,0.03,46.4,,,59
EV009,2/16/19 1:59 PM,2/16/19 2:04 PM,0.84,0.019536,0.058607,0.078142,36.5,36.5,0,0.42,46.4,5066.75,5066.75,25
EV009,2/16/19 1:52 PM,2/16/19 1:58 PM,0.47,0.057066,0.039656,0.096721,38.4,36.5,1.9,0.15,46.4,5066.27,5066.27,59
EV009,2/16/19 1:01 PM,2/16/19 1:04 PM,0.37,0.012645,0.035989,0.048634,38.4,38.4,0,0.18,46.4,5065.9,5065.9,26
EV009,2/16/19 12:56 PM,2/16/19 12:59 PM,0.59,0.008716,0.030902,0.039617,38.8,38.4,0.4,0.35,46.4,5065.31,5065.31,22
EV009,2/16/19 12:53 PM,2/16/19 12:55 PM,0.56,0.012262,0.023803,0.036066,40,40,0,0.33,46.4,5064.75,5064.75,34
EV009,2/15/19 10:05 PM,2/15/19 10:06 PM,0.07,0.006044,0.015541,0.021585,0,0,0,0.07,50,,,28
EV009,2/15/19 10:00 PM,2/15/19 10:02 PM,0.6,0.006516,0.036926,0.043443,40,39.6,0.4,0.37,50,5064.07,5064.07,15
EV009,2/15/19 9:42 PM,2/15/19 9:54 PM,4.71,0.025112,0.168057,0.193169,41.2,40.4,0.8,0.47,48.2,5059.36,5063.09,13
EV009,2/15/19 9:23 PM,2/15/19 9:36 PM,3.98,0.071432,0.151792,0.223224,45.5,41.2,4.3,2.07,48.2,5055.37,5059.1,32
EV009,2/15/19 9:02 PM,2/15/19 9:07 PM,0.85,0.010902,0.061776,0.072678,47.1,45.5,1.6,0.6,50,5054.51,5054.51,15
EV009,2/15/19 8:51 PM,2/15/19 8:57 PM,1.19,0.028402,0.057664,0.086066,47.1,46.7,0.4,0.41,50,5053.33,5053.33,33
EV009,2/15/19 8:12 PM,2/15/19 8:40 PM,9.48,0.073574,0.386262,0.459836,54.5,47.1,7.4,3.71,50,5043.84,5052.54,16
EV009,2/15/19 9:40 AM,2/15/19 10:02 AM,9.36,0.134454,0.228934,0.363388,62,55.7,6.3,4,50,5034.49,5043.18,37
EV009,2/14/19 8:49 PM,2/14/19 8:51 PM,0.41,0.010098,0.031978,0.042077,62.7,62.7,0,0.25,53.6,5034.07,5034.07,24
EV009,2/14/19 8:44 PM,2/14/19 8:46 PM,0.4,0.005109,0.024945,0.030055,63.1,63.1,0,0.38,53.6,5033.67,5033.67,17
EV009,2/14/19 7:56 PM,2/14/19 8:07 PM,2.1,0.065803,0.116984,0.182787,63.5,63.5,0,0.1,53.6,5031.56,5032.81,36
EV009,2/14/19 7:43 PM,2/14/19 7:52 PM,2.12,0.057541,0.102295,0.159836,66.3,63.5,2.8,1.42,55.4,5029.44,5030.68,36
EV009,2/14/19 7:15 PM,2/14/19 7:33 PM,9.45,0.074951,0.237344,0.312295,73.7,66.7,7,4.09,57.2,5019.97,5028.67,24
EV009,2/14/19 10:33 AM,2/14/19 10:54 AM,9.34,0.075557,0.267885,0.343443,78.4,73.7,4.7,2.7,57.2,5010.63,5019.33,22
EV009,2/13/19 10:30 PM,2/13/19 10:33 PM,0.4,0.02035,0.033202,0.053552,78.4,78.4,0,0.17,48.2,5010.22,5010.22,38
EV009,2/13/19 10:09 PM,2/13/19 10:14 PM,1.14,0.013981,0.06826,0.08224,78.8,78.8,0,0.09,48.2,5009.08,5009.08,17
EV009,2/13/19 9:55 PM,2/13/19 10:05 PM,2.48,0.047066,0.127251,0.174317,81.6,78.8,2.8,1.54,48.2,5006.59,5007.83,27
EV009,2/13/19 8:56 PM,2/13/19 8:58 PM,0.6,0.007631,0.032533,0.040164,82,82,0,0.39,50,5005.99,5005.99,19
EV009,2/13/19 8:49 PM,2/13/19 8:52 PM,0.56,0.009049,0.030295,0.039344,82.4,82,0.4,0.24,50,5005.43,5005.43,23
EV009,2/13/19 7:37 PM,2/13/19 7:45 PM,1.47,0.035656,0.087295,0.122951,83.5,83.1,0.4,0.36,50,5003.95,5005.19,29
EV009,2/13/19 7:25 PM,2/13/19 7:29 PM,1.25,0.009448,0.058038,0.067486,84.7,84.3,0.4,0.9,51.8,5002.71,5002.71,14
EV009,2/13/19 6:39 PM,2/13/19 6:56 PM,9.25,0.045612,0.222694,0.268306,90.6,84.7,5.9,3.42,53.6,4993.46,5002.15,17
EV009,2/13/19 9:53 AM,2/13/19 10:10 AM,9.14,0.059749,0.211836,0.271585,45.1,38.8,6.3,3.07,53.6,4984.32,4993.02,22
EV009,2/12/19 10:37 PM,2/12/19 10:47 PM,3.52,0.027585,0.14482,0.172404,45.5,45.5,0,0.21,53.6,4980.79,4983.28,16
EV009,2/12/19 10:00 PM,2/12/19 10:13 PM,3.51,0.06706,0.142503,0.209563,49,46.3,2.7,1.93,53.6,4977.27,4979.76,32
EV009,2/12/19 9:20 PM,2/12/19 9:37 PM,3,0.102787,0.182732,0.285519,51.8,49.4,2.4,0.98,57.2,4974.27,4976.76,36
EV009,2/12/19 9:02 PM,2/12/19 9:13 PM,1.48,0.076426,0.105541,0.181967,52.9,52.5,0.4,0.47,59,4972.77,4974.01,42
EV009,2/12/19 8:55 PM,2/12/19 9:00 PM,1.19,0.020918,0.06624,0.087158,53.7,53.3,0.4,0.81,59,4971.57,4971.57,24
EV009,2/12/19 7:19 PM,2/12/19 7:20 PM,0.01,0.006025,0.00627,0.012295,0,0,0,0.01,64.4,,,49
EV009,2/12/19 6:56 PM,2/12/19 7:16 PM,9.51,0.087448,0.248891,0.336339,60.4,54.9,5.5,2.93,66.2,4962.05,4970.75,26
EV009,2/12/19 3:07 PM,2/12/19 3:18 PM,0.32,0.146287,0.034314,0.180601,60.8,60.4,0.4,0.38,60.8,4961.73,4961.73,81
EV009,2/12/19 2:42 PM,2/12/19 3:00 PM,1.16,0.223415,0.078497,0.301913,62.4,61.2,1.2,0.72,60.8,4960.56,4960.56,74
EV009,2/12/19 2:34 PM,2/12/19 2:40 PM,0.85,0.029934,0.060776,0.09071,62.7,62.4,0.3,0.37,60.8,4959.71,4959.71,33
EV009,2/12/19 11:22 AM,2/12/19 11:42 AM,4.5,0.089336,0.241538,0.330874,67.1,63.5,3.6,2.14,50,4955.19,4958.92,27
EV009,2/11/19 10:21 PM,2/11/19 10:25 PM,0.7,0.025377,0.045115,0.070492,67.1,67.1,0,0.27,50,4954.49,4954.49,36
EV009,2/11/19 10:01 PM,2/11/19 10:13 PM,3.62,0.031257,0.164098,0.195355,68.6,67.1,1.5,0.77,51.8,4950.87,4953.36,16
EV009,2/11/19 11:22 AM,2/11/19 11:40 AM,4.68,0.052486,0.256257,0.308743,72.5,69,3.5,1.98,46.4,4946.18,4949.91,17
EV009,2/10/19 11:43 PM,2/10/19 11:49 PM,1.45,0.025967,0.070208,0.096175,74.9,73.7,1.2,0.63,50,4944.73,4945.97,27
EV009,2/10/19 11:07 PM,2/10/19 11:15 PM,2.87,0.016328,0.119738,0.136066,76.5,74.9,1.6,1.02,51.8,4941.85,4944.34,12
EV009,2/10/19 10:32 PM,2/10/19 10:42 PM,5.13,0.026842,0.140918,0.16776,79.2,76.9,2.3,1.84,51.8,4936.72,4941.69,16
EV009,2/10/19 10:19 PM,2/10/19 10:23 PM,1.25,0.014262,0.057049,0.071311,80.4,80,0.4,0.33,51.8,4935.46,4935.46,20
EV009,2/10/19 9:16 PM,2/10/19 9:16 PM,0.01,0.012541,0.002213,0.014754,21.6,21.6,0,0.04,51.8,4935.45,4935.45,85
EV009,2/10/19 8:54 PM,2/10/19 9:12 PM,11.86,0.030929,0.278361,0.30929,27.8,21.6,6.2,3.6,53.6,4923.59,4934.77,10
EV009,2/10/19 8:24 PM,2/10/19 8:31 PM,2.12,0.020311,0.09253,0.112842,29.4,27.8,1.6,0.47,51.8,4921.47,4922.72,18
EV009,2/10/19 7:27 PM,2/10/19 7:33 PM,1.86,0.025902,0.082022,0.107923,30.6,29,1.6,0.83,53.6,4919.61,4920.85,24
EV009,2/10/19 4:29 PM,2/10/19 4:58 PM,16.38,0.07168,0.406189,0.477869,36.1,28.6,7.5,4.37,53.6,4903.23,4919.39,15
EV009,2/10/19 4:07 PM,2/10/19 4:20 PM,5.5,0.034011,0.178557,0.212568,41.2,36.5,4.7,2.13,51.8,4897.73,4902.7,16
EV009,2/10/19 1:23 AM,2/10/19 1:41 AM,9.14,0.074557,0.236098,0.310656,48.6,40.8,7.8,3.96,50,4888.58,4897.28,24
EV009,2/9/19 10:28 PM,2/9/19 10:39 PM,6.08,0.024251,0.148973,0.173224,52.5,48.6,3.9,1.86,55.4,4882.5,4887.47,14
EV009,2/9/19 9:21 PM,2/9/19 10:21 PM,34.62,0.039639,0.951344,0.990984,66.7,52.9,13.8,7.94,55.4,4847.9,4881.45,4
EV009,2/9/19 7:19 PM,2/9/19 7:27 PM,1.33,0.060036,0.079582,0.139617,67.8,66.7,1.1,0.61,57.2,4846.56,4847.8,43
EV009,2/9/19 7:07 PM,2/9/19 7:18 PM,1.37,0.073844,0.1155,0.189344,69,67.8,1.2,0.46,59,4845.18,4846.42,39
EV009,2/9/19 5:29 PM,2/9/19 5:37 PM,1.36,0.066885,0.081749,0.148634,69,69,0,0.37,60.8,4843.81,4845.05,45
EV009,2/9/19 1:08 PM,2/9/19 2:00 PM,33.66,0.051918,0.813383,0.865301,85.9,69.4,16.5,9.62,55.4,4810.17,4842.48,6
EV009,2/9/19 12:46 AM,2/9/19 1:01 AM,6.49,0.052836,0.187328,0.240164,89.8,85.9,3.9,2.58,50,4803.67,4809.88,22
EV009,2/9/19 12:16 AM,2/9/19 12:20 AM,1.26,0.007393,0.05982,0.067213,90.6,90.6,0,0.38,53.6,4802.4,4802.4,11
EV009,2/8/19 9:33 PM,2/8/19 9:34 PM,0.01,0.003268,0.003016,0.006284,0,0,0,0.01,57.2,,,52
EV009,2/8/19 8:45 PM,2/8/19 9:28 PM,8.23,0.26818,0.437557,0.705738,16.5,12.2,4.3,2.06,57.2,4794.14,4801.6,38
EV009,2/8/19 11:27 AM,2/8/19 11:48 AM,4.65,0.093273,0.26547,0.358743,21.2,17.3,3.9,2.27,50,4789.48,4793.21,26
EV009,2/8/19 12:08 AM,2/8/19 12:24 AM,6.62,0.066426,0.21035,0.276776,23.1,20,3.1,2.35,51.8,4782.87,4789.08,24
EV009,2/7/19 11:03 PM,2/7/19 11:04 PM,0.01,0.003787,0.00523,0.009016,0,0,0,0.01,53.6,,,42
EV009,2/7/19 9:57 PM,2/7/19 10:37 PM,9.88,0.225831,0.438377,0.664208,18,13.7,4.3,2.64,55.4,4772.96,4781.66,34
EV009,2/7/19 8:46 PM,2/7/19 9:05 PM,4.6,0.064098,0.256393,0.320492,20.8,18.8,2,1.19,55.4,4768.35,4772.08,20
EV009,2/7/19 11:26 AM,2/7/19 11:44 AM,4.68,0.04682,0.245803,0.292623,24.3,21.6,2.7,2.23,44.6,4763.66,4767.39,16
EV009,2/7/19 12:37 AM,2/7/19 12:51 AM,4.37,0.050913,0.180508,0.231421,26.3,24.7,1.6,1.51,46.4,4759.29,4763.01,22
EV009,2/6/19 11:01 PM,2/6/19 11:48 PM,13.21,0.293068,0.499008,0.792077,33.7,27.5,6.2,3.55,48.2,4746.07,4758.5,37
EV009,2/6/19 6:26 PM,2/6/19 8:07 PM,24.07,0.269246,1.413541,1.682787,42.4,32.5,9.9,5.43,57.2,4721.96,4745.57,16
EV009,2/6/19 11:54 AM,2/6/19 1:12 PM,32.05,0.19668,1.114522,1.311202,54.5,42,12.5,6.3,53.6,4689.91,4720.97,15
EV009,2/5/19 8:48 PM,2/5/19 9:10 PM,4.56,0.115022,0.256016,0.371038,57.6,55.3,2.3,1.48,50,4685.33,4689.06,31
EV009,2/5/19 10:43 AM,2/5/19 11:03 AM,4.58,0.096984,0.237443,0.334426,61.6,58,3.6,2.34,46.4,4680.74,4684.47,29
EV009,2/4/19 11:28 PM,2/4/19 11:49 PM,6.13,0.097303,0.263079,0.360383,65.9,63.1,2.8,2.37,51.8,4674.6,4679.58,27
EV009,2/4/19 9:00 PM,2/4/19 9:28 PM,8.24,0.102546,0.363574,0.46612,38,34.5,3.5,1.77,53.6,4666.36,4673.82,22
EV009,2/4/19 11:39 AM,2/4/19 11:57 AM,4.69,0.060601,0.242404,0.303005,40,37.6,2.4,2.14,53.6,4661.67,4665.4,20
EV009,2/4/19 12:56 AM,2/4/19 1:08 AM,5.99,0.025432,0.170197,0.195628,45.1,42.4,2.7,2.24,55.4,4655.67,4660.64,13
EV009,2/4/19 12:17 AM,2/4/19 12:20 AM,0.2,0.017093,0.03318,0.050273,46.3,46.3,0,0.19,55.4,4655.47,4655.47,34
EV009,2/3/19 11:37 PM,2/3/19 11:58 PM,10.76,0.05123,0.290301,0.34153,52.2,46.3,5.9,2.69,55.4,4644.71,4654.65,15
EV009,2/3/19 11:19 PM,2/3/19 11:34 PM,9.71,0.025027,0.225246,0.250273,58,52.2,5.8,3.49,55.4,4635,4643.7,10
EV009,2/3/19 11:00 PM,2/3/19 11:10 PM,3.52,0.065,0.101667,0.166667,60.8,58.8,2,1.12,55.4,4631.48,4633.96,39
EV009,2/3/19 10:13 PM,2/3/19 10:26 PM,3.86,0.066743,0.148557,0.215301,62.7,60.8,1.9,1.56,55.4,4627.6,4631.33,31
EV009,2/3/19 6:17 PM,2/3/19 6:24 PM,1.76,0.032869,0.076694,0.109563,63.9,63.1,0.8,0.8,57.2,4625.85,4627.09,30
EV009,2/3/19 4:42 PM,2/3/19 5:01 PM,5.82,0.101333,0.215333,0.316667,66.3,64.3,2,1.24,55.4,4620.02,4624.99,32
EV009,2/3/19 3:39 PM,2/3/19 4:01 PM,6.42,0.120008,0.243653,0.363661,70.6,67.1,3.5,2.41,57.2,4613.59,4619.81,33
EV009,2/3/19 3:02 PM,2/3/19 3:13 PM,2.23,0.067475,0.119956,0.187432,72.5,71,1.5,0.9,57.2,4611.36,4612.6,36
EV009,2/3/19 2:24 PM,2/3/19 2:54 PM,9.87,0.161836,0.343902,0.505738,77.6,72.9,4.7,3.16,57.2,4601.49,4610.19,32
EV009,2/3/19 1:39 AM,2/3/19 2:05 AM,17.1,0.09341,0.351399,0.444809,89.4,78.4,11,6.28,51.8,4584.38,4600.54,21
EV009,2/3/19 12:09 AM,2/3/19 12:12 AM,0.36,0.011475,0.043169,0.054645,91.4,91,0.4,0.37,51.8,4584.02,4584.02,21
EV009,2/2/19 11:31 PM,2/2/19 11:41 PM,2.23,0.045672,0.117443,0.163115,93.3,91.8,1.5,0.96,51.8,4581.79,4583.03,28
EV009,2/2/19 11:13 PM,2/2/19 11:23 PM,3.7,0.033451,0.125839,0.15929,96.1,93.3,2.8,1.25,51.8,4578.08,4580.56,21
EV009,2/2/19 10:44 PM,2/2/19 10:58 PM,8.06,0.044801,0.190992,0.235792,100,96.1,3.9,3.06,53.6,4570,4577.46,19
EV009,2/2/19 10:29 PM,2/2/19 10:37 PM,1.58,0.045891,0.089082,0.134973,100,100,0,0.84,51.8,4568.42,4569.66,34
EV009,2/2/19 3:20 PM,2/2/19 3:25 PM,0.57,0.038328,0.052929,0.091257,32.9,32.9,0,0.25,57.2,4567.85,4567.85,42
EV009,2/2/19 3:18 PM,2/2/19 3:18 PM,0,0.004098,0,0.004098,0,0,0,0,55.4,,,100
EV009,2/2/19 3:10 PM,2/2/19 3:18 PM,1.41,0.046762,0.086844,0.133607,33.3,33.3,0,0.62,57.2,4566.43,4567.67,35
EV009,2/2/19 2:55 PM,2/2/19 3:03 PM,2.03,0.035109,0.105328,0.140437,35.3,34.5,0.8,0.67,57.2,4564.39,4565.63,25
EV009,2/2/19 12:58 PM,2/2/19 2:25 PM,47.44,0.200858,1.233842,1.434699,65.5,35.7,29.8,16.13,55.4,4516.95,4564.18,14
EV009,2/2/19 2:50 AM,2/2/19 3:02 AM,4.53,0.042918,0.161454,0.204372,68.6,66.7,1.9,1.72,57.2,4512.41,4516.14,21
EV009,2/2/19 1:34 AM,2/2/19 1:44 AM,2.97,0.035344,0.132962,0.168306,71.8,69.4,2.4,1.45,59,4509.44,4511.92,21
EV009,2/1/19 10:03 PM,2/1/19 10:09 PM,1.23,0.032016,0.071262,0.103279,72.2,72.2,0,0.32,60.8,4508.2,4508.2,31
EV009,2/1/19 9:03 PM,2/1/19 9:04 PM,0.01,0.007967,0.006787,0.014754,0,0,0,0.02,60.8,,,54
EV009,2/1/19 8:23 PM,2/1/19 9:00 PM,8.49,0.206836,0.41994,0.626776,29,24.7,4.3,2.1,60.8,4499.69,4507.15,33
EV009,2/1/19 11:26 AM,2/1/19 11:44 AM,4.68,0.060383,0.24153,0.301913,31.8,28.2,3.6,2.05,51.8,4495,4498.73,20
EV009,1/31/19 8:29 PM,1/31/19 8:51 PM,4.59,0.099885,0.27006,0.369945,33.7,32.2,1.5,1.36,57.2,4490.4,4494.13,27
EV009,1/31/19 11:31 AM,1/31/19 11:48 AM,4.68,0.04112,0.252596,0.293716,35.7,34.5,1.2,1.41,57.2,4485.71,4489.44,14
EV009,1/31/19 12:30 AM,1/31/19 1:23 AM,19.15,0.331202,0.540383,0.871585,43.5,35.7,7.8,4.49,59,4466.56,4485.2,38
EV009,1/30/19 8:30 PM,1/30/19 8:51 PM,4.55,0.075798,0.268738,0.344536,44.3,43.9,0.4,0.54,62.6,4462,4465.73,22
EV009,1/30/19 10:41 AM,1/30/19 11:07 AM,5.38,0.096475,0.342049,0.438525,48.2,45.1,3.1,1.61,55.4,4456.61,4461.58,22
EV009,1/30/19 1:01 AM,1/30/19 1:05 AM,0.7,0.023213,0.041268,0.064481,49,49,0,0.13,57.2,4455.9,4455.9,36
EV009,1/30/19 12:29 AM,1/30/19 12:48 AM,8.24,0.087672,0.225443,0.313115,53.7,49.4,4.3,2.44,60.8,4447.66,4455.11,28
EV009,1/30/19 12:08 AM,1/30/19 12:20 AM,1.73,0.113148,0.081934,0.195082,54.9,54.1,0.8,0.47,60.8,4445.93,4447.17,58
EV009,1/29/19 11:46 PM,1/29/19 11:55 PM,1.81,0.077918,0.081098,0.159016,55.7,55.3,0.4,0.41,62.6,4444.11,4445.36,49
EV009,1/29/19 11:21 PM,1/29/19 11:39 PM,8.29,0.087902,0.226033,0.313934,58,55.7,2.3,1.59,62.6,4435.82,4443.28,28
EV009,1/29/19 9:41 PM,1/29/19 9:49 PM,1.43,0.042858,0.095393,0.138251,59.2,58.8,0.4,0.44,64.4,4434.39,4434.39,31
EV009,1/29/19 8:53 PM,1/29/19 9:13 PM,4.38,0.072311,0.256377,0.328689,59.6,59.2,0.4,0.35,64.4,4430,4433.73,22
EV009,1/29/19 4:11 PM,1/29/19 4:18 PM,0.24,0.075989,0.03576,0.111749,60.4,59.6,0.8,0.19,62.6,4429.76,4430,68
EV009,1/29/19 4:06 PM,1/29/19 4:10 PM,0,0.075683,0,0.075683,60.4,60.4,0,0.06,64.4,4429.76,4429.76,100
EV009,1/29/19 3:35 PM,1/29/19 3:58 PM,2.08,0.259311,0.133585,0.392896,62.4,60.4,2,1.22,64.4,4427.67,4428.91,66
EV009,1/28/19 8:22 PM,1/28/19 8:23 PM,0.23,0.003634,0.022322,0.025956,62.4,62.4,0,0.08,69.8,4427.43,4427.43,14
EV009,1/28/19 11:39 AM,1/28/19 12:36 PM,29,0.123145,0.824123,0.947268,76.9,63.1,13.8,8.01,60.8,4398.41,4427,13
EV009,1/28/19 10:49 AM,1/28/19 11:27 AM,8.61,0.161683,0.460175,0.621858,82.7,77.6,5.1,3.25,53.6,4389.77,4397.23,26
EV009,1/27/19 8:31 PM,1/27/19 8:44 PM,3.79,0.043664,0.16426,0.207923,67.1,65.1,2,1.51,64.4,4385.98,4389.71,21
EV009,1/27/19 8:09 PM,1/27/19 8:13 PM,0.53,0.014705,0.04923,0.063934,68.2,67.8,0.4,0.38,66.2,4385.43,4385.43,23
EV009,1/27/19 6:54 PM,1/27/19 7:46 PM,19.91,0.193131,0.684738,0.877869,76.1,68.2,7.9,4.45,73.4,4365.51,4384.15,22
EV009,1/27/19 4:10 PM,1/27/19 4:45 PM,15.94,0.086885,0.49235,0.579235,81.6,76.5,5.1,2.95,78.8,4349.56,4364.47,15
EV009,1/27/19 1:20 AM,1/27/19 1:57 AM,15.49,0.110803,0.50477,0.615574,89,82,7,4.42,62.6,4334.06,4348.98,18
EV009,1/26/19 8:03 PM,1/26/19 8:37 PM,11.55,0.091891,0.482426,0.574317,96.1,91.4,4.7,2.92,64.4,4322.5,4333.69,16
EV009,1/25/19 11:31 PM,1/25/19 11:41 PM,4.65,0.006699,0.160787,0.167486,71.4,68.2,3.2,1.78,62.6,4317.86,4321.59,4
EV009,1/25/19 11:15 PM,1/25/19 11:27 PM,4.71,0.017754,0.179514,0.197268,72.9,71.4,1.5,0.99,64.4,4313.14,4316.87,9
EV009,1/25/19 5:42 PM,1/25/19 6:03 PM,1.72,0.231126,0.108765,0.339891,74.9,73.3,1.6,0.89,73.4,4311.41,4312.66,68
EV009,1/25/19 5:23 PM,1/25/19 5:30 PM,1.42,0.037508,0.079705,0.117213,75.3,74.9,0.4,0.51,73.4,4309.99,4311.23,32
EV009,1/25/19 4:40 PM,1/25/19 4:55 PM,3.2,0.050929,0.203716,0.254645,76.5,76.1,0.4,0.54,73.4,4306.77,4309.26,20
EV009,1/25/19 1:13 PM,1/25/19 1:29 PM,4.12,0.057705,0.20459,0.262295,80.8,77.6,3.2,1.63,73.4,4302.64,4306.36,22
EV009,1/25/19 12:55 PM,1/25/19 1:12 PM,4.1,0.074508,0.201448,0.275956,82,80.8,1.2,0.93,73.4,4298.52,4302.25,27
EV009,1/24/19 9:25 PM,1/24/19 10:15 PM,14.2,0.24238,0.593413,0.835792,71.8,63.1,8.7,5.09,60.8,4284.29,4297.96,29
EV009,1/24/19 5:41 PM,1/24/19 6:29 PM,14.07,0.184126,0.616421,0.800546,77.3,72.9,4.4,3.12,73.4,4270.18,4283.85,23
EV009,1/23/19 9:17 PM,1/23/19 9:37 PM,4.44,0.075787,0.253721,0.329508,53.3,49.8,3.5,1.95,55.4,4265.71,4269.44,23
EV009,1/23/19 3:09 PM,1/23/19 3:58 PM,29.41,0.090344,0.730967,0.821311,66.7,54.5,12.2,6.89,68,4236.31,4264.9,11
EV009,1/23/19 3:07 PM,1/23/19 3:08 PM,0,0.019967,0.003803,0.02377,66.7,66.7,0,0.01,62.6,4236.3,4236.3,84
EV009,1/23/19 3:05 PM,1/23/19 3:07 PM,0.15,0.005464,0.021858,0.027322,66.7,66.7,0,0.05,62.6,4236.16,4236.16,20
EV009,1/23/19 11:53 AM,1/23/19 11:53 AM,0,0.004098,0.002732,0.006831,0,0,0,0.01,57.2,,,60
EV009,1/23/19 11:43 AM,1/23/19 11:52 AM,1.79,0.042612,0.109574,0.152186,68.2,67.1,1.1,0.69,55.4,4234.34,4235.59,28
EV009,1/23/19 11:40 AM,1/23/19 11:41 AM,0,0.006809,0.000842,0.00765,0,0,0,0.01,55.4,,,89
EV009,1/23/19 10:36 AM,1/23/19 11:40 AM,26.71,0.085137,0.979071,1.064208,82.7,68.6,14.1,8.18,53.6,4207.62,4233.72,8
EV009,1/22/19 9:12 PM,1/22/19 10:14 PM,29.29,0.09332,0.943566,1.036885,80,67.5,12.5,7.16,60.8,4178.34,4206.93,9
EV009,1/22/19 11:23 AM,1/22/19 12:24 PM,29.26,0.101612,0.914508,1.01612,97.3,80,17.3,9.42,57.2,4149.08,4177.66,10
EV009,1/21/19 6:14 PM,1/21/19 6:25 PM,2.4,0.044536,0.133607,0.178142,99.6,97.3,2.3,1.06,64.4,4146.67,4147.91,25
EV009,1/21/19 5:56 PM,1/21/19 6:06 PM,1.81,0.045,0.121667,0.166667,100,99.6,0.4,0.6,64.4,4144.84,4146.08,27
EV009,1/21/19 5:00 PM,1/21/19 5:19 PM,4.46,0.089432,0.229967,0.319399,100,100,0,0.95,64.4,4140.36,4144.09,28
EV009,1/19/19 8:32 PM,1/19/19 8:49 PM,3.71,0.099049,0.176087,0.275137,91,89,2,1.3,64.4,4136.63,4139.12,36
EV009,1/19/19 7:27 PM,1/19/19 7:42 PM,3.65,0.068699,0.176656,0.245355,92.5,91,1.5,0.67,69.8,4132.97,4135.46,28
EV009,1/17/19 9:04 PM,1/17/19 9:56 PM,40.56,0.078541,0.794137,0.872678,75.7,56.1,19.6,11.26,57.2,4092.41,4132.18,9
EV009,1/17/19 2:40 PM,1/17/19 3:10 PM,17.67,0.025355,0.481749,0.507104,85.1,75.7,9.4,5.67,60.8,4074.74,4092.14,5
EV009,1/17/19 12:32 PM,1/17/19 1:21 PM,11.87,0.204235,0.612705,0.81694,91.8,85.9,5.9,3.99,60.8,4062.84,4074.02,25
EV009,1/17/19 12:24 AM,1/17/19 12:24 AM,0,0.007923,0,0.007923,0,0,0,0,57.2,,,100
EV009,1/16/19 11:59 PM,1/17/19 12:18 AM,5.91,0.121579,0.198366,0.319945,80.4,76.5,3.9,2.23,59,4056.93,4061.9,38
EV009,1/16/19 11:36 PM,1/16/19 11:55 PM,5.71,0.106844,0.216926,0.32377,83.5,80.4,3.1,1.88,57.2,4051.21,4056.19,33
EV009,1/16/19 12:32 AM,1/16/19 12:32 AM,0,0.00547,0.001634,0.007104,0,0,0,0.02,51.8,,,77
EV009,1/16/19 12:06 AM,1/16/19 12:15 AM,2.78,0.015956,0.143607,0.159563,73.7,71.4,2.3,1.5,51.8,4048.43,4050.91,10
EV009,1/15/19 9:10 PM,1/15/19 9:23 PM,2.4,0.057541,0.16377,0.221311,74.9,73.7,1.2,0.78,51.8,4046.01,4047.25,26
EV009,1/15/19 6:39 PM,1/15/19 7:40 PM,29.46,0.16341,0.857902,1.021311,87.8,75.3,12.5,7.39,51.8,4016.55,4045.14,16
EV009,1/15/19 3:50 PM,1/15/19 3:53 PM,0.16,0.026929,0.034273,0.061202,87.8,87.8,0,0.11,55.4,4016.39,4016.39,44
EV009,1/15/19 3:46 PM,1/15/19 3:49 PM,0,0.054639,0.000552,0.055191,87.8,87.8,0,0.03,55.4,4016.39,4016.39,99
EV009,1/15/19 3:20 PM,1/15/19 3:26 PM,0.85,0.027705,0.064645,0.09235,88.6,88.6,0,0.23,57.2,4015.53,4015.53,30
EV009,1/15/19 3:20 PM,1/15/19 3:20 PM,0,0.003825,0,0.003825,0,0,0,0,57.2,,,100
EV009,1/15/19 3:04 PM,1/15/19 3:05 PM,0.11,0.003907,0.013852,0.01776,88.6,88.6,0,0.03,57.2,4015.43,4015.43,22
EV009,1/8/19 1:59 PM,1/8/19 1:59 PM,0,0.009563,0,0.009563,88.6,88.6,0,0,68,4015.43,4015.43,100
EV009,1/2/19 3:36 PM,1/2/19 3:36 PM,0,0.004372,0,0.004372,0,0,0,0,62.6,,,100
EV009,12/19/18 4:25 PM,12/19/18 4:34 PM,1.49,0.048057,0.097571,0.145628,90.2,89,1.2,0.72,64.4,4013.94,4015.18,33
EV009,12/18/18 9:58 AM,12/18/18 10:37 AM,17.04,0.078295,0.574164,0.652459,92.5,82.4,10.1,5.98,55.4,3996.9,4013.06,12
EV009,12/17/18 10:24 PM,12/17/18 10:55 PM,2.61,0.369317,0.158279,0.527596,78.8,78.4,0.4,0.68,62.6,3994.28,3995.52,70
EV009,12/17/18 9:05 PM,12/17/18 9:46 PM,18.98,0.069153,0.622377,0.69153,86.7,78.8,7.9,4.68,62.6,3975.31,3993.95,10
EV009,12/17/18 2:50 PM,12/17/18 2:52 PM,0.07,0.005574,0.013005,0.018579,87.1,87.1,0,0.12,64.4,3975.23,3975.23,30
EV009,12/17/18 9:53 AM,12/17/18 10:32 AM,17.12,0.07138,0.577527,0.648907,67.1,57.3,9.8,6.09,57.2,3958.12,3974.27,11
EV009,12/17/18 9:37 AM,12/17/18 9:38 AM,0.02,0.005792,0.008689,0.014481,0,0,0,0.08,59,,,40
EV009,12/16/18 3:20 PM,12/16/18 3:37 PM,7.13,0.043893,0.24873,0.292623,45.9,43.5,2.4,1.1,73.4,3950.96,3957.17,15
EV009,12/16/18 1:28 PM,12/16/18 2:02 PM,7.59,0.25377,0.310164,0.563934,49.4,45.9,3.5,2.27,68,3943.36,3950.81,45
EV009,12/16/18 12:09 AM,12/16/18 12:32 AM,13.14,0.073716,0.294863,0.368579,40.8,31.8,9,4.31,57.2,3930.23,3942.66,20
EV009,12/15/18 9:18 PM,12/15/18 9:28 PM,3.59,0.040262,0.127497,0.16776,42,40,2,1.22,60.8,3926.64,3929.12,24
EV009,12/15/18 9:05 PM,12/15/18 9:13 PM,1.32,0.048634,0.072951,0.121585,42,42,0,0.28,62.6,3925.32,3925.32,40
EV009,12/15/18 7:28 PM,12/15/18 7:49 PM,13.63,0.057093,0.299738,0.356831,49.4,42.4,7,3.94,71.6,3911.7,3924.12,16
EV009,12/14/18 6:55 PM,12/14/18 8:04 PM,18.23,0.230601,0.922404,1.153005,33.7,27.1,6.6,4.65,66.2,3893.44,3910.84,20
EV009,12/14/18 9:59 AM,12/14/18 10:35 AM,17.06,0.102743,0.501628,0.604372,45.5,34.1,11.4,6.09,55.4,3876.39,3892.54,17
EV009,12/13/18 7:48 PM,12/13/18 8:58 PM,16.7,0.410915,0.763128,1.174044,35.7,28.2,7.5,4.98,68,3859.67,3875.82,35
EV009,12/13/18 9:49 AM,12/13/18 10:34 AM,17.06,0.111475,0.631694,0.743169,48.6,36.1,12.5,6.91,48.2,3842.59,3858.74,15
EV009,12/12/18 11:15 PM,12/12/18 11:18 PM,0.37,0.008951,0.033672,0.042623,50.2,50.2,0,0.36,59,3842.22,3842.22,21
EV009,12/12/18 9:50 PM,12/12/18 9:52 PM,0.37,0.005421,0.028459,0.03388,49,49,0,0.18,60.8,3841.84,3841.84,16
EV009,12/12/18 5:04 PM,12/12/18 5:43 PM,19.22,0.096967,0.549481,0.646448,52.2,44.3,7.9,4.33,68,3822.63,3841.27,15
EV009,12/12/18 9:53 AM,12/12/18 10:35 AM,16.52,0.097503,0.598945,0.696448,62,53.3,8.7,5.62,51.8,3806.1,3822.26,14
EV009,12/11/18 7:54 PM,12/11/18 7:54 PM,0.02,0.004645,0.004645,0.00929,0,0,0,0.01,66.2,,,50
EV009,12/11/18 6:34 PM,12/11/18 7:18 PM,16.73,0.154689,0.581923,0.736612,48.6,43.9,4.7,2.93,71.6,3789.35,3805.51,21
EV009,12/11/18 9:54 AM,12/11/18 10:40 AM,16.52,0.160484,0.603724,0.764208,61.2,49.4,11.8,6.65,50,3772.83,3788.99,21
EV009,12/10/18 10:18 PM,12/10/18 10:22 PM,0.9,0.02632,0.041167,0.067486,62.4,62,0.4,0.3,60.8,3771.94,3771.94,39
EV009,12/10/18 10:13 PM,12/10/18 10:17 PM,0.77,0.01694,0.05082,0.06776,62.7,62.4,0.3,0.33,60.8,3771.16,3771.16,25
EV009,12/10/18 9:49 PM,12/10/18 9:58 PM,1.6,0.044806,0.09973,0.144536,63.9,63.1,0.8,0.61,60.8,3769.56,3770.8,31
EV009,12/10/18 8:37 PM,12/10/18 9:23 PM,18.23,0.160369,0.603292,0.763661,72.5,63.9,8.6,4.86,64.4,3751.31,3768.71,21
EV009,12/10/18 9:52 AM,12/10/18 10:31 AM,16.66,0.084571,0.565975,0.650546,82.7,72.9,9.8,6.03,55.4,3734.65,3749.57,13
EV009,12/9/18 6:29 PM,12/9/18 6:39 PM,2.36,0.047434,0.128249,0.175683,83.9,83.9,0,0.41,71.6,3732.3,3733.54,27
EV009,12/9/18 4:42 PM,12/9/18 4:53 PM,2.28,0.05271,0.135541,0.188251,81.2,80.8,0.4,0.49,75.2,3730,3731.25,28
EV009,12/7/18 10:37 PM,12/7/18 10:37 PM,0.02,0.003842,0.006268,0.010109,0,0,0,0.01,57.2,,,38
EV009,12/7/18 7:22 PM,12/7/18 8:17 PM,16.87,0.209702,0.702046,0.911749,35.7,28.2,7.5,4.93,66.2,3713.11,3729.27,23
EV009,12/7/18 9:53 AM,12/7/18 10:33 AM,17.06,0.072552,0.587011,0.659563,47.1,36.5,10.6,5.57,51.8,3696.05,3712.21,11
EV009,12/6/18 9:29 PM,12/6/18 9:56 PM,19.41,0.053443,0.391913,0.445355,57.6,47.1,10.5,5.96,53.6,3676.64,3695.28,12
EV009,12/6/18 9:47 AM,12/6/18 10:39 AM,16.53,0.173661,0.694645,0.868306,69.8,58.8,11,6.85,53.6,3660.12,3676.27,20
EV009,12/5/18 9:15 PM,12/5/18 9:48 PM,19.45,0.067049,0.491694,0.558743,65.1,56.1,9,5.41,53.6,3640.67,3659.31,12
EV009,12/5/18 9:53 AM,12/5/18 10:37 AM,16.57,0.117552,0.617148,0.734699,76.5,65.5,11,6.37,51.8,3624.1,3640.25,16
EV009,12/4/18 8:58 PM,12/4/18 8:59 PM,0.02,0.011563,0.013574,0.025137,0,0,0,0.02,62.6,,,46
EV009,12/4/18 7:39 PM,12/4/18 8:53 PM,17.22,0.391869,0.832721,1.22459,78.8,71.8,7,4.49,64.4,3606.83,3622.98,32
EV009,12/4/18 3:13 PM,12/4/18 3:18 PM,0,0.091257,0,0.091257,78.8,78.8,0,-0.03,55.4,3606.83,3606.83,100
EV009,12/4/18 2:22 PM,12/4/18 2:32 PM,1.55,0.057377,0.106557,0.163934,78,77.3,0.7,0.52,55.4,3605.27,3606.52,35
EV009,12/4/18 2:09 PM,12/4/18 2:10 PM,0.01,0.003803,0.00412,0.007923,0,0,0,0.01,55.4,,,48
EV009,12/4/18 1:34 PM,12/4/18 1:34 PM,0,0.004098,0,0.004098,0,0,0,0,66.2,,,100
EV009,12/4/18 1:33 PM,12/4/18 1:34 PM,0.02,0.009945,0.00918,0.019126,0,0,0,0.02,66.2,,,52
EV009,12/4/18 10:36 AM,12/4/18 11:05 AM,5.08,0.223156,0.272746,0.495902,77.3,75.7,1.6,0.89,48.2,3600.14,3605.11,45
EV009,12/3/18 9:52 PM,12/3/18 10:13 PM,5.95,0.052623,0.298197,0.35082,82.4,77.3,5.1,2.91,55.4,3594.19,3599.16,15
EV009,12/3/18 7:43 PM,12/3/18 7:58 PM,3.78,0.042964,0.209768,0.252732,83.9,82.4,1.5,0.85,57.2,3590.4,3592.88,17
EV009,12/3/18 7:15 PM,12/3/18 7:26 PM,1.66,0.05071,0.124153,0.174863,85.1,83.9,1.2,0.61,62.6,3588.73,3589.97,29
EV009,12/3/18 5:29 PM,12/3/18 5:38 PM,1.15,0.060418,0.0945,0.154918,85.5,85.1,0.4,0.34,66.2,3587.56,3587.56,39
EV009,12/3/18 5:21 PM,12/3/18 5:25 PM,0.63,0.023874,0.046344,0.070219,85.9,85.5,0.4,0.23,66.2,3586.93,3586.93,34
EV009,12/3/18 10:34 AM,12/3/18 10:56 AM,3.82,0.165861,0.202719,0.368579,87.5,86.3,1.2,1.02,48.2,3583.1,3586.83,45
EV009,12/3/18 10:28 AM,12/3/18 10:33 AM,1.15,0.019672,0.062295,0.081967,87.5,87.5,0,0.19,48.2,3581.94,3581.94,24
EV009,12/1/18 5:32 PM,12/1/18 5:48 PM,5.65,0.010831,0.259934,0.270765,91.4,88.2,3.2,1.95,62.6,3576.28,3581.25,4
EV009,12/1/18 5:17 PM,12/1/18 5:30 PM,3.03,0.064754,0.151093,0.215847,93.7,91.8,1.9,1.02,64.4,3573.25,3575.74,30
EV009,12/1/18 8:58 AM,12/1/18 9:08 AM,2.86,0.037768,0.12644,0.164208,95.3,93.7,1.6,0.69,46.4,3570.39,3572.87,23
EV009,12/1/18 8:43 AM,12/1/18 8:50 AM,2.32,0.012593,0.101888,0.114481,96.1,95.3,0.8,0.36,44.6,3568.06,3569.3,11
EV009,11/30/18 8:45 PM,11/30/18 9:22 PM,5.63,0.330344,0.281404,0.611749,100,96.5,3.5,2.35,57.2,3562.41,3567.38,54
EV009,11/30/18 8:12 PM,11/30/18 8:17 PM,0.77,0.020617,0.073098,0.093716,100,100,0,0.44,60.8,3561.64,3561.64,22
EV009,11/30/18 10:28 AM,11/30/18 11:05 AM,5.75,0.277992,0.339768,0.61776,83.5,81.6,1.9,1.32,46.4,3555.86,3560.84,45
EV009,11/29/18 8:43 PM,11/29/18 9:02 PM,5.29,0.065639,0.246929,0.312568,89.4,83.9,5.5,3.26,53.6,3550.56,3555.53,21
EV009,11/29/18 10:29 AM,11/29/18 11:43 AM,13.23,0.468251,0.763989,1.23224,96.9,89.4,7.5,3.99,55.4,3537.29,3549.72,38
EV009,11/28/18 9:15 PM,11/28/18 9:36 PM,5.02,0.110776,0.235399,0.346175,100,97.3,2.7,2.16,62.6,3532.26,3537.23,32
EV009,11/28/18 7:55 PM,11/28/18 7:58 PM,0.26,0.011202,0.033607,0.044809,100,100,0,0.08,71.6,3531.99,3531.99,25
EV009,11/28/18 2:59 PM,11/28/18 3:01 PM,0.21,0.004765,0.025016,0.029781,72.9,72.9,0,0.01,66.2,3531.79,3531.79,16
EV009,11/28/18 1:46 PM,11/28/18 2:51 PM,23.38,0.26,0.823333,1.083333,81.6,72.9,8.7,4.93,64.4,3508.39,3530.76,24
EV009,11/28/18 1:06 PM,11/28/18 1:09 PM,0.57,0.009525,0.035831,0.045355,81.6,81.6,0,0.14,57.2,3507.81,3507.81,21
EV009,11/28/18 1:01 PM,11/28/18 1:06 PM,0.55,0.022995,0.048863,0.071858,82,81.6,0.4,0.26,57.2,3507.26,3507.26,32
EV009,11/28/18 11:57 AM,11/28/18 12:05 PM,0.72,0.053598,0.083833,0.137432,82.7,82,0.7,0.39,57.2,3506.53,3506.53,39
EV009,11/28/18 10:09 AM,11/28/18 10:58 AM,11.6,0.2695,0.547167,0.816667,86.3,83.1,3.2,2.04,51.8,3494.91,3506.1,33
EV009,11/27/18 9:15 PM,11/27/18 9:32 PM,5.83,0.048724,0.237888,0.286612,90.2,86.7,3.5,2.25,60.8,3489.07,3494.04,17
EV009,11/27/18 8:54 PM,11/27/18 9:05 PM,2.78,0.049648,0.134232,0.18388,91.8,90.6,1.2,0.58,62.6,3486.29,3488.78,27
EV009,11/27/18 10:26 AM,11/27/18 11:17 AM,11.56,0.245708,0.60156,0.847268,94.9,91.8,3.1,1.65,57.2,3474.7,3485.88,29
EV009,11/26/18 8:02 PM,11/26/18 8:32 PM,8.97,0.107776,0.382115,0.489891,100,95.7,4.3,2.91,64.4,3465.72,3474.42,22
EV009,11/26/18 7:34 PM,11/26/18 7:45 PM,1.15,0.098634,0.098634,0.197268,100,100,0,0.29,69.8,3464.56,3464.56,50
EV009,11/26/18 10:17 AM,11/26/18 10:50 AM,6.58,0.156568,0.383322,0.539891,65.5,64.3,1.2,0.45,53.6,3457.96,3464.17,29
EV009,11/25/18 3:10 PM,11/25/18 4:14 PM,19.55,0.23647,0.838393,1.074863,73.7,65.9,7.8,4.7,75.2,3438.4,3457.04,22
EV009,11/25/18 2:50 PM,11/25/18 2:56 PM,1.82,0.016219,0.085148,0.101366,74.1,74.1,0,0.12,71.6,3436.57,3437.81,16
EV009,11/25/18 12:41 PM,11/25/18 1:01 PM,8.36,0.048579,0.298415,0.346995,74.9,74.1,0.8,0.57,64.4,3428.2,3435.66,14
EV009,11/24/18 8:34 PM,11/24/18 8:42 PM,2.87,0.013634,0.122705,0.136339,77.3,74.9,2.4,1.38,60.8,3425.33,3427.81,10
EV009,11/24/18 7:33 PM,11/24/18 8:26 PM,18.82,0.134139,0.760123,0.894262,82.4,77.3,5.1,3.73,66.2,3406.49,3425.13,15
EV009,11/24/18 6:38 PM,11/24/18 6:39 PM,0.01,0.007104,0.007104,0.014208,0,0,0,0.01,66.2,,,50
EV009,11/24/18 6:37 PM,11/24/18 6:38 PM,0.01,0.006814,0.004934,0.011749,0,0,0,0.01,66.2,,,58
EV009,11/24/18 6:29 PM,11/24/18 6:32 PM,0.73,0.005016,0.036787,0.041803,37.6,37.6,0,0.19,66.2,3405.74,3405.74,12
EV009,11/24/18 4:35 PM,11/24/18 5:35 PM,13.26,0.431527,0.572025,1.003552,44.3,38.8,5.5,2.98,66.2,3392.45,3404.88,43
EV009,11/24/18 3:30 PM,11/24/18 3:44 PM,4.23,0.035891,0.188426,0.224317,45.9,44.7,1.2,0.85,68,3388.22,3391.95,16
EV009,11/24/18 2:17 PM,11/24/18 3:27 PM,40.52,0.103746,1.048986,1.152732,60,46.3,13.7,7.4,69.8,3347.71,3387.48,9
EV009,11/24/18 10:32 AM,11/24/18 10:34 AM,0.04,0.011311,0.013825,0.025137,0,0,0,0.03,50,,,45
EV009,11/23/18 9:48 PM,11/23/18 10:03 PM,5.05,0.037869,0.21459,0.252459,64.3,60.8,3.5,2.31,62.6,3342.63,3347.6,15
EV009,11/23/18 4:11 PM,11/23/18 4:29 PM,5,0.043525,0.246639,0.290164,11,11.8,-0.8,-0.29,69.8,3337.62,3341.35,15
EV009,11/23/18 11:00 AM,11/23/18 11:03 AM,0.03,0.024732,0.015158,0.039891,12.2,12.2,0,0.04,53.6,3337.58,3337.58,62
EV009,11/22/18 9:31 PM,11/22/18 10:21 PM,42.06,0.049934,0.782306,0.83224,29,12.5,16.5,10.75,60.8,3295.55,3336.56,6
EV009,11/22/18 3:42 PM,11/22/18 4:55 PM,43.43,0.110262,1.114874,1.225137,44.3,28.6,15.7,8.55,68,3252.13,3294.38,9
EV009,11/22/18 3:40 PM,11/22/18 3:41 PM,0,0.008197,0,0.008197,44.3,44.3,0,0,66.2,3252.13,3252.13,100
EV009,11/22/18 3:19 PM,11/22/18 3:34 PM,5.03,0.031328,0.209656,0.240984,49,45.1,3.9,2.18,64.4,3247.09,3250.82,13
EV009,11/22/18 2:22 PM,11/22/18 2:28 PM,1.06,0.030926,0.06279,0.093716,40.4,40.8,-0.4,0.12,62.6,3246.03,3246.03,33
EV009,11/22/18 2:03 PM,11/22/18 2:17 PM,3.96,0.043036,0.183467,0.226503,40.8,40.4,0.4,-0.35,60.8,3242.07,3245.8,19
EV009,11/21/18 10:56 PM,11/21/18 11:30 PM,22.34,0.074697,0.499893,0.57459,52.2,39.6,12.6,6.96,62.6,3219.74,3240.87,13
EV009,11/21/18 7:21 PM,11/21/18 7:45 PM,16.85,0.035582,0.359773,0.395355,57.6,53.3,4.3,2.32,66.2,3202.9,3219.05,9
EV009,11/21/18 3:57 PM,11/21/18 4:49 PM,21.51,0.121678,0.747448,0.869126,65.1,57.6,7.5,4.62,69.8,3181.37,3202.5,14
EV009,11/21/18 1:58 PM,11/21/18 2:49 PM,32.38,0.154672,0.704617,0.85929,78.4,65.1,13.3,7.46,68,3149,3181.31,18
EV009,11/21/18 1:14 PM,11/21/18 1:50 PM,11.74,0.199169,0.386623,0.585792,82,78.4,3.6,2.4,64.4,3137.25,3148.44,34
EV009,11/20/18 6:43 PM,11/20/18 7:19 PM,10.77,0.155645,0.442989,0.598634,88.6,82.7,5.9,3.7,71.6,3126.47,3136.41,26
EV009,11/20/18 6:12 PM,11/20/18 6:39 PM,6.72,0.15235,0.295738,0.448087,91,88.6,2.4,0.98,68,3119.74,3125.95,34
EV009,11/20/18 5:51 PM,11/20/18 6:09 PM,3.3,0.096175,0.204372,0.300546,92.2,91,1.2,0.72,60.8,3116.44,3118.92,32
EV009,11/20/18 5:43 PM,11/20/18 5:50 PM,1.56,0.039893,0.088795,0.128689,92.9,92.2,0.7,0.39,59,3114.88,3116.12,31
EV009,11/20/18 5:38 PM,11/20/18 5:42 PM,0.71,0.009306,0.062279,0.071585,93.3,93.3,0,0.3,60.8,3114.17,3114.17,13
EV009,11/20/18 5:13 PM,11/20/18 5:21 PM,0,0.132787,0,0.132787,89.8,90.6,-0.8,-0.58,60.8,3114.17,3114.17,100
EV009,11/20/18 5:10 PM,11/20/18 5:10 PM,0.01,0.005169,0.006579,0.011749,0,0,0,0.02,60.8,,,44
EV009,11/20/18 4:31 PM,11/20/18 4:32 PM,0.01,0.010372,0.003836,0.014208,0,0,0,0.03,64.4,,,73
EV009,11/20/18 4:05 PM,11/20/18 4:06 PM,0.01,0.008705,0.006049,0.014754,0,0,0,0.03,73.4,,,59
EV009,11/20/18 3:52 PM,11/20/18 4:00 PM,1.58,0.028328,0.089705,0.118033,90.6,90.2,0.4,0.38,73.4,3112.55,3113.79,24
EV009,11/20/18 3:02 PM,11/20/18 3:39 PM,12.08,0.165615,0.447773,0.613388,97.6,90.6,7,3.75,73.4,3100.45,3111.63,27
EV009,11/16/18 2:31 PM,11/16/18 2:41 PM,0,0.168033,0,0.168033,100,100,0,0.18,75.2,3100.14,3100.14,100
EV009,11/16/18 2:09 PM,11/16/18 2:11 PM,0.04,0.017115,0.012393,0.029508,100,100,0,0.05,78.8,3100.1,3100.1,58
EV009,11/16/18 10:36 AM,11/16/18 10:39 AM,0.11,0.013727,0.029169,0.042896,0,0,0,0.16,69.8,,,32
EV009,11/15/18 7:55 PM,11/15/18 7:56 PM,0,0.006311,0.005164,0.011475,0,0,0,0.07,75.2,,,55
EV009,11/15/18 5:55 PM,11/15/18 5:56 PM,0.01,0.004686,0.004877,0.009563,0,0,0,0.01,73.4,,,49
EV009,11/15/18 5:12 PM,11/15/18 5:12 PM,0.01,0.004658,0.003811,0.00847,0,0,0,0.01,73.4,,,55
EV009,11/15/18 5:09 PM,11/15/18 5:11 PM,0.3,0.005508,0.025093,0.030601,100,100,0,0.29,73.4,3099.64,3099.64,18
EV009,11/15/18 9:04 AM,11/15/18 9:58 AM,40.82,0.044768,0.850587,0.895355,83.5,67.8,15.7,9.12,55.4,3058.85,3098.61,5
EV009,11/14/18 8:46 PM,11/14/18 8:52 PM,0.68,0.052,0.048,0.1,83.9,83.5,0.4,0.19,69.8,3058.17,3058.17,52
EV009,11/14/18 8:31 PM,11/14/18 8:37 PM,0.69,0.055601,0.045492,0.101093,84.7,83.9,0.8,0.25,69.8,3057.47,3057.47,55
EV009,11/14/18 8:01 PM,11/14/18 8:15 PM,3.05,0.07441,0.144443,0.218852,86.3,84.7,1.6,0.89,73.4,3054.41,3056.89,34
EV009,11/14/18 7:02 PM,11/14/18 7:57 PM,37.86,0.090464,0.81418,0.904645,100,86.3,13.7,8.63,75.2,3016.56,3053.84,10
EV009,11/14/18 8:55 AM,11/14/18 9:47 AM,37.41,0.122481,0.752383,0.874863,54.1,37.3,16.8,8.71,59,2979.16,3016.45,14
EV009,11/14/18 12:32 AM,11/14/18 1:12 AM,29.71,0.087164,0.583328,0.670492,72.2,54.5,17.7,10.47,64.4,2949.47,2978.06,13
EV009,11/13/18 8:35 PM,11/13/18 9:20 PM,28.52,0.08235,0.666284,0.748634,82.7,72.5,10.2,6.06,68,2920.96,2948.3,11
EV009,11/13/18 7:59 PM,11/13/18 8:05 PM,0.68,0.049189,0.04726,0.096448,83.5,82.7,0.8,0.18,68,2920.28,2920.28,51
EV009,11/13/18 7:47 PM,11/13/18 7:52 PM,0.7,0.033495,0.048199,0.081694,83.5,83.5,0,0.22,69.8,2919.58,2919.58,41
EV009,11/13/18 7:11 PM,11/13/18 7:12 PM,0.01,0.003268,0.003016,0.006284,0,0,0,0.01,69.8,,,52
EV009,11/13/18 6:07 PM,11/13/18 7:11 PM,37.87,0.190525,0.867945,1.05847,100,83.5,16.5,9.74,73.4,2881.71,2918.99,18
EV009,11/13/18 10:23 AM,11/13/18 10:24 AM,0.01,0.006557,0.007104,0.013661,0,0,0,0.03,51.8,,,48
EV009,11/13/18 9:14 AM,11/13/18 10:22 AM,37.45,0.181071,0.950623,1.131694,62.4,47.8,14.6,8.13,55.4,2844.25,2881.53,16
EV009,11/12/18 4:27 PM,11/12/18 4:36 PM,2.57,0.062732,0.094098,0.156831,63.1,62.4,0.7,0.82,71.6,2841.68,2844.16,40
EV009,11/12/18 3:27 PM,11/12/18 3:34 PM,0.76,0.04682,0.064656,0.111475,56.9,56.5,0.4,0.28,71.6,2840.91,2840.91,42
EV009,11/12/18 2:45 PM,11/12/18 2:53 PM,3.71,0.00709,0.134713,0.141803,58,56.9,1.1,0.68,69.8,2837.2,2839.69,5
EV009,11/12/18 1:04 PM,11/12/18 1:12 PM,3.02,0.032238,0.107926,0.140164,59.2,58,1.2,0.87,68,2834.17,2836.66,23
EV009,11/12/18 12:34 PM,11/12/18 12:44 PM,3.26,0.037049,0.117322,0.154372,60,59.6,0.4,0.58,66.2,2830.91,2833.39,24
EV009,11/12/18 12:31 PM,11/12/18 12:32 PM,0.01,0.005489,0.007899,0.013388,0,0,0,0.02,64.4,,,41
EV009,11/12/18 11:22 AM,11/12/18 11:29 AM,3.3,0.01709,0.096844,0.113934,61.6,60.4,1.2,0.91,64.4,2827.6,2830.08,15
EV009,11/12/18 10:45 AM,11/12/18 10:50 AM,2.13,0.008552,0.076967,0.085519,62.4,62,0.4,0.46,62.6,2825.46,2826.7,10
EV009,11/11/18 9:18 PM,11/11/18 9:31 PM,4.03,0.058131,0.157169,0.215301,65.1,63.1,2,1.29,60.8,2821.43,2825.16,27
EV009,11/11/18 8:24 PM,11/11/18 8:29 PM,1.14,0.014585,0.071208,0.085792,65.5,65.1,0.4,0.29,66.2,2820.29,2820.29,17
EV009,11/11/18 8:13 PM,11/11/18 8:16 PM,0.33,0.006951,0.050973,0.057923,65.9,65.9,0,0.16,69.8,2819.96,2819.96,12
EV009,11/11/18 7:43 PM,11/11/18 7:51 PM,3.1,0.021645,0.105678,0.127322,66.7,66.3,0.4,0.57,69.8,2816.85,2819.34,17
EV009,11/11/18 3:42 PM,11/11/18 3:53 PM,3.38,0.03847,0.136393,0.174863,68.6,67.5,1.1,0.93,69.8,2813.46,2815.95,22
EV009,11/11/18 1:43 PM,11/11/18 1:54 PM,3.52,0.037273,0.158902,0.196175,69.8,69,0.8,0.6,69.8,2809.94,2812.42,19
EV009,11/11/18 1:23 PM,11/11/18 1:28 PM,1.2,0.015355,0.061421,0.076776,69.8,69.8,0,0.08,69.8,2808.73,2808.73,20
EV009,11/11/18 1:07 PM,11/11/18 1:13 PM,1.24,0.045787,0.06323,0.109016,71,69.8,1.2,0.53,68,2807.5,2807.5,42
EV009,11/11/18 11:54 AM,11/11/18 12:48 PM,15.11,0.187049,0.703661,0.89071,76.9,71,5.9,3.41,66.2,2792.37,2807.29,21
EV009,11/10/18 10:26 PM,11/10/18 10:26 PM,0.01,0.008779,0.005156,0.013934,0,0,0,0.02,55.4,,,63
EV009,11/10/18 10:23 PM,11/10/18 10:24 PM,0.06,0.004404,0.009803,0.014208,77.3,77.3,0,0.03,55.4,2792.3,2792.3,31
EV009,11/10/18 10:15 PM,11/10/18 10:16 PM,0.05,0.005202,0.013377,0.018579,0,0,0,0.03,55.4,,,28
EV009,11/10/18 10:10 PM,11/10/18 10:11 PM,0.1,0.004148,0.013885,0.018033,0,0,0,0.04,55.4,,,23
EV009,11/10/18 10:02 PM,11/10/18 10:03 PM,0.05,0.005202,0.013377,0.018579,77.3,77.3,0,0.03,55.4,2792.08,2792.08,28
EV009,11/10/18 9:56 PM,11/10/18 9:56 PM,0.06,0.00412,0.010087,0.014208,77.3,77.3,0,0.03,59,2792.02,2792.02,29
EV009,11/10/18 9:15 PM,11/10/18 9:16 PM,0.06,0.004167,0.0125,0.016667,0,0,0,0.03,60.8,,,25
EV009,11/10/18 9:10 PM,11/10/18 9:11 PM,0.06,0.003322,0.00706,0.010383,77.3,77.3,0,0.02,64.4,,,32
EV009,11/10/18 8:54 PM,11/10/18 8:55 PM,0.06,0.004131,0.007344,0.011475,0,0,0,0.03,69.8,,,36
EV009,11/10/18 1:11 PM,11/10/18 1:12 PM,0.1,0.004525,0.015148,0.019672,77.6,77.6,0,0.04,42.8,2791.73,2791.73,23
EV009,11/10/18 1:05 PM,11/10/18 1:07 PM,0.06,0.006861,0.01527,0.022131,0,0,0,0.04,42.8,,,31
EV009,11/10/18 12:52 PM,11/10/18 12:53 PM,0.1,0.004713,0.014139,0.018852,0,0,0,0.05,42.8,,,25
EV009,11/10/18 12:43 PM,11/10/18 12:44 PM,0.07,0.004372,0.013115,0.017486,0,0,0,0.03,42.8,,,25
EV009,11/10/18 12:34 PM,11/10/18 12:34 PM,0.06,0.003322,0.00706,0.010383,0,0,0,0.02,42.8,,,32
EV009,11/10/18 12:24 PM,11/10/18 12:25 PM,0.07,0.00547,0.015568,0.021038,77.6,77.6,0,0.02,42.8,2791.35,2791.35,26
EV009,11/10/18 12:17 PM,11/10/18 12:19 PM,0.1,0.005585,0.014361,0.019945,0,0,0,0.03,42.8,,,28
EV009,11/10/18 12:01 PM,11/10/18 12:03 PM,0.06,0.007842,0.014563,0.022404,0,0,0,0.03,42.8,,,35
EV009,11/10/18 10:40 AM,11/10/18 10:44 AM,1.18,0.011803,0.066885,0.078689,78,78,0,0.13,42.8,2790.01,2790.01,15
EV009,11/10/18 9:52 AM,11/10/18 9:59 AM,2.91,0.016612,0.087213,0.103825,79.2,78.4,0.8,1.04,42.8,2787.09,2789.58,16
EV009,11/10/18 9:23 AM,11/10/18 9:27 AM,2.09,0.005814,0.066863,0.072678,80.8,79.6,1.2,0.41,48.2,2785,2786.25,8
EV009,11/9/18 10:41 PM,11/9/18 10:54 PM,3.48,0.097866,0.12973,0.227596,82.4,80.8,1.6,0.89,62.6,2781.53,2784.01,43
EV009,11/9/18 9:19 PM,11/9/18 9:25 PM,1.13,0.029098,0.067896,0.096995,82.7,82.4,0.3,0.18,68,2780.38,2780.38,30
EV009,11/9/18 8:55 PM,11/9/18 8:59 PM,1.23,0.003292,0.062555,0.065847,83.5,83.1,0.4,0.47,68,2779.16,2779.16,5
EV009,11/9/18 8:42 PM,11/9/18 8:46 PM,0.69,0.024197,0.043016,0.067213,83.9,83.9,0,0.23,69.8,2778.46,2778.46,36
EV009,11/9/18 7:55 PM,11/9/18 8:07 PM,3.29,0.054516,0.147396,0.201913,85.5,84.3,1.2,0.86,69.8,2775.17,2777.66,27
EV009,11/9/18 6:28 PM,11/9/18 7:43 PM,38.53,0.248743,0.994973,1.243716,100,85.5,14.5,8.63,75.2,2736.65,2773.94,20
EV009,11/9/18 6:20 PM,11/9/18 6:21 PM,0.1,0.004943,0.013363,0.018306,100,100,0,0.13,75.2,2736.56,2736.56,27
EV009,11/9/18 8:45 AM,11/9/18 9:27 AM,37.4,0.028175,0.676197,0.704372,76.5,59.2,17.3,10.25,62.6,2699.18,2736.46,4
EV009,11/8/18 10:11 PM,11/8/18 10:24 PM,5,0.053279,0.159836,0.213115,78.8,76.9,1.9,1.32,68,2694.18,2697.91,25
EV009,11/8/18 9:54 PM,11/8/18 10:07 PM,5.01,0.052322,0.156967,0.20929,80.8,79.2,1.6,0.92,68,2689.16,2692.89,25
EV009,11/8/18 8:27 PM,11/8/18 8:33 PM,0.74,0.033721,0.065459,0.09918,80.8,80.8,0,0.2,69.8,2688.41,2688.41,34
EV009,11/8/18 8:16 PM,11/8/18 8:20 PM,0.69,0.012202,0.043262,0.055464,81.2,80.8,0.4,0.2,73.4,2687.72,2687.72,22
EV009,11/8/18 4:04 PM,11/8/18 4:19 PM,5.56,0.060792,0.182377,0.243169,82,81.6,0.4,0.52,75.2,2682.16,2687.13,25
EV009,11/8/18 3:08 PM,11/8/18 3:51 PM,34.81,0.084525,0.619847,0.704372,100,82,18,10.96,75.2,2647.35,2680.91,12
EV009,11/8/18 8:29 AM,11/8/18 9:17 AM,37.61,0.071336,0.721287,0.792623,85.9,71.4,14.5,8.52,57.2,2609.77,2647.05,9
EV009,11/7/18 8:50 PM,11/7/18 8:54 PM,0.69,0.012694,0.042497,0.055191,86.3,85.9,0.4,0.14,66.2,2609.08,2609.08,23
EV009,11/7/18 8:39 PM,11/7/18 8:45 PM,0.7,0.046995,0.046995,0.093989,86.3,86.3,0,0.19,66.2,2608.37,2608.37,50
EV009,11/7/18 8:05 PM,11/7/18 8:07 PM,0.24,0.005866,0.025008,0.030874,86.3,86.3,0,0.05,68,2608.13,2608.13,19
EV009,11/7/18 7:04 PM,11/7/18 8:05 PM,38.4,0.091254,0.92268,1.013934,100,87.1,12.9,8.06,69.8,2569.75,2607.03,9
EV009,11/7/18 9:05 AM,11/7/18 9:56 AM,36.98,0.066951,0.769934,0.836885,70.2,57.6,12.6,7.36,55.4,2532.78,2568.82,8
EV009,11/7/18 8:45 AM,11/7/18 8:59 AM,2.76,0.073443,0.156066,0.229508,71,70.2,0.8,0.7,51.8,2530.01,2532.5,32
EV009,11/6/18 8:36 PM,11/6/18 8:42 PM,0.98,0.027891,0.059268,0.087158,72.2,72.2,0,0.13,68,2529.02,2529.02,32
EV009,11/6/18 8:21 PM,11/6/18 8:24 PM,0.55,0.01977,0.035148,0.054918,72.9,72.9,0,0.23,69.8,2528.47,2528.47,36
EV009,11/6/18 8:09 PM,11/6/18 8:13 PM,0.68,0.018131,0.046623,0.064754,73.3,72.9,0.4,0.18,69.8,2527.78,2527.78,28
EV009,11/6/18 6:12 PM,11/6/18 7:23 PM,38.53,0.212607,0.968541,1.181148,87.8,73.3,14.5,8.66,75.2,2489.24,2526.52,18
EV009,11/6/18 3:09 PM,11/6/18 3:12 PM,0,0.05929,0,0.05929,66.3,66.7,-0.4,-0.33,66.2,2489.24,2489.24,100
EV009,11/6/18 12:11 PM,11/6/18 12:12 PM,0.01,0.00682,0.007388,0.014208,0,0,0,0.02,73.4,,,48
EV009,11/5/18 10:01 AM,11/5/18 10:04 AM,0.47,0.008221,0.040139,0.048361,32.2,32.2,0,0.13,55.4,2488.75,2488.75,17
EV009,11/5/18 9:35 AM,11/5/18 9:55 AM,11.66,0.036366,0.294235,0.330601,35.7,32.5,3.2,1.93,57.2,2477.09,2488.27,11
EV009,11/4/18 2:41 PM,11/4/18 2:45 PM,1.02,0.017508,0.055443,0.072951,36.5,35.3,1.2,0.58,32,2476.07,2476.07,24
EV009,11/4/18 2:03 PM,11/4/18 2:06 PM,0.98,0.007311,0.053617,0.060929,36.1,36.1,0,-0.07,32,2475.09,2475.09,12
EV009,11/2/18 11:26 PM,11/2/18 11:46 PM,11.87,0.044945,0.276093,0.321038,47.1,37.3,9.8,5.02,71.6,2463.22,2474.41,14
EV009,11/2/18 8:17 PM,11/2/18 8:42 PM,7.85,0.118579,0.304918,0.423497,51,47.5,3.5,1.73,82.4,2455.36,2462.81,28
EV009,11/2/18 6:34 PM,11/2/18 6:53 PM,7.49,0.087566,0.236751,0.324317,56.1,53.7,2.4,2.07,80.6,2447.87,2455.33,27
EV009,11/2/18 3:46 PM,11/2/18 3:57 PM,3.52,0.035249,0.15027,0.185519,36.1,34.1,2,0.9,84.2,2444.35,2446.83,19
EV009,11/2/18 2:14 PM,11/2/18 2:25 PM,3.52,0.032607,0.148541,0.181148,36.9,36.1,0.8,0.83,78.8,2440.82,2443.31,18
EV009,11/2/18 9:37 AM,11/2/18 9:55 AM,11.71,0.04003,0.267893,0.307923,16.5,13.3,3.2,2.03,64.4,2429.11,2440.3,13
EV009,11/1/18 7:33 PM,11/1/18 7:54 PM,11.46,0.045926,0.307352,0.353279,25.1,17.6,7.5,4.53,80.6,2417.66,2428.84,13
EV009,11/1/18 5:17 PM,11/1/18 5:27 PM,1.63,0.062975,0.0985,0.161475,25.1,25.1,0,0.4,84.2,2416.03,2417.27,39
EV009,11/1/18 4:47 PM,11/1/18 4:55 PM,1.54,0.047705,0.084809,0.132514,25.1,25.1,0,0.47,84.2,2414.47,2415.72,36
EV009,11/1/18 9:34 AM,11/1/18 9:50 AM,10.64,0.040943,0.232008,0.272951,29.4,26.3,3.1,1.84,59,2403.84,2413.78,15
EV009,11/1/18 9:21 AM,11/1/18 9:24 AM,1.01,0.005191,0.046721,0.051913,29.4,29.4,0,-0.01,59,2402.82,2402.82,10
EV009,10/31/18 8:15 PM,10/31/18 8:43 PM,11.5,0.096852,0.36435,0.461202,37.6,31.8,5.8,4.5,75.2,2391.33,2402.51,21
EV009,10/31/18 8:03 PM,10/31/18 8:06 PM,0.4,0.01347,0.032978,0.046448,40.4,40,0.4,0.12,73.4,2390.93,2390.93,29
EV009,10/31/18 10:29 AM,10/31/18 10:32 AM,0.47,0.013639,0.043191,0.056831,14.9,14.9,0,0.18,53.6,2390.45,2390.45,24
EV009,10/31/18 9:58 AM,10/31/18 10:15 AM,10.68,0.03894,0.239202,0.278142,19.2,16.1,3.1,1.96,57.2,2379.77,2389.72,14
EV009,10/31/18 9:42 AM,10/31/18 9:46 AM,1.03,0.006426,0.047126,0.053552,19.2,19.2,0,0.05,59,2378.74,2378.74,12
EV009,10/30/18 8:26 PM,10/30/18 8:50 PM,11.52,0.051751,0.346336,0.398087,26.7,20.4,6.3,4.51,71.6,2367.22,2378.41,13
EV009,10/30/18 5:33 PM,10/30/18 5:44 PM,2.2,0.034426,0.137705,0.172131,27.1,27.1,0,0.6,73.4,2365.02,2366.26,20
EV009,10/30/18 4:30 PM,10/30/18 4:41 PM,2.32,0.040333,0.143,0.183333,29.4,27.5,1.9,0.69,75.2,2362.69,2363.93,22
EV009,10/30/18 9:46 AM,10/30/18 10:04 AM,11.61,0.021057,0.279762,0.30082,32.9,29.4,3.5,2.1,59,2351.08,2362.27,7
EV009,10/29/18 7:51 PM,10/29/18 8:19 PM,11.68,0.09306,0.37224,0.465301,42.4,34.1,8.3,4.3,75.2,2339.39,2350.58,20
EV009,10/29/18 7:38 PM,10/29/18 7:48 PM,2.01,0.052377,0.122213,0.17459,42.4,42,0.4,0.64,75.2,2337.37,2338.62,30
EV009,10/29/18 10:32 AM,10/29/18 10:35 AM,0.47,0.007126,0.03741,0.044536,20,19.6,0.4,0.17,55.4,2336.91,2336.91,16
EV009,10/29/18 10:04 AM,10/29/18 10:14 AM,2.86,0.03859,0.13682,0.17541,20.8,20.8,0,0.54,55.4,2334.04,2336.53,22
EV009,10/29/18 9:35 AM,10/29/18 9:48 AM,8.92,0.012492,0.195705,0.208197,23.9,20.8,3.1,1.39,60.8,2325.13,2333.83,6
EV009,10/28/18 3:24 PM,10/28/18 3:30 PM,1.82,0.00591,0.078516,0.084426,25.1,25.1,0,0.52,84.2,2323.31,2324.55,7
EV009,10/28/18 3:03 PM,10/28/18 3:15 PM,3.46,0.057224,0.147148,0.204372,29.4,25.9,3.5,1.65,82.4,2319.84,2322.33,28
EV009,10/28/18 1:41 PM,10/28/18 1:48 PM,1.45,0.028383,0.072984,0.101366,27.8,27.8,0,0.26,80.6,2318.38,2319.63,28
EV009,10/28/18 1:19 PM,10/28/18 1:25 PM,1.66,0.032566,0.07973,0.112295,27.5,27.8,-0.3,-0.34,80.6,2316.72,2317.97,29
EV009,10/28/18 2:16 AM,10/28/18 2:34 AM,11.57,0.031918,0.258246,0.290164,36.1,29,7.1,5.04,66.2,2305.15,2316.34,11
EV009,10/27/18 8:18 PM,10/27/18 8:24 PM,0.36,0.07032,0.031593,0.101913,36.9,35.3,1.6,0.18,77,2304.79,2304.79,69
EV009,10/27/18 5:15 PM,10/27/18 5:32 PM,10.6,0.027432,0.246885,0.274317,18,14.5,3.5,2.01,89.6,2294.19,2304.13,10
EV009,10/27/18 5:08 PM,10/27/18 5:12 PM,1.36,0.024831,0.052765,0.077596,18,18,0,-0.29,86,2292.83,2292.83,32
EV009,10/26/18 7:47 PM,10/26/18 8:14 PM,11.67,0.098699,0.349934,0.448634,25.1,18.4,6.7,4.45,86,2281.15,2292.34,22
EV009,10/26/18 7:29 PM,10/26/18 7:37 PM,2.02,0.036443,0.103721,0.140164,25.9,25.1,0.8,0.4,86,2279.12,2280.36,26
EV009,10/26/18 9:39 AM,10/26/18 9:41 AM,0.59,0.005109,0.041339,0.046448,26.3,26.3,0,0.12,59,2278.54,2278.54,11
EV009,10/26/18 9:16 AM,10/26/18 9:32 AM,11.18,0.024418,0.246893,0.271311,29.8,26.3,3.5,2.1,62.6,2267.35,2278.54,9
EV009,10/25/18 8:19 PM,10/25/18 9:08 PM,14.8,0.243525,0.568224,0.811749,37.6,27.8,9.8,5.43,78.8,2252.55,2266.22,30
EV009,10/25/18 7:36 PM,10/25/18 8:00 PM,12.6,0.040301,0.362705,0.403005,42.7,38,4.7,2.65,82.4,2239.95,2252.37,10
EV009,10/25/18 7:23 PM,10/25/18 7:31 PM,1.83,0.022388,0.109306,0.131694,42.7,42,0.7,0.54,80.6,2238.11,2239.35,17
EV009,10/25/18 9:52 AM,10/25/18 10:14 AM,11.75,0.057137,0.299967,0.357104,47.5,44.3,3.2,2.01,59,2226.36,2237.55,16
EV009,10/24/18 11:18 PM,10/24/18 11:37 PM,11.51,0.04441,0.272803,0.317213,58,49,9,5.07,69.8,2214.85,2226.03,14
EV009,10/24/18 8:19 PM,10/24/18 8:22 PM,0.35,0.013525,0.031557,0.045082,34.9,34.9,0,0.12,77,2214.5,2214.5,30
EV009,10/24/18 10:04 AM,10/24/18 10:21 AM,10.66,0.037792,0.252918,0.29071,39.6,35.3,4.3,2.15,59,2203.85,2213.79,13
EV009,10/24/18 9:51 AM,10/24/18 9:55 AM,1,0.022109,0.042918,0.065027,39.2,39.2,0,0.08,60.8,2202.85,2202.85,34
EV009,10/23/18 8:02 PM,10/23/18 8:24 PM,7.13,0.081148,0.287705,0.368852,45.5,39.6,5.9,3.27,75.2,2195.72,2201.94,22
EV009,10/23/18 7:46 PM,10/23/18 7:52 PM,0.57,0.04341,0.047027,0.090437,45.9,45.9,0,0.34,75.2,2195.15,2195.15,48
EV009,10/23/18 7:18 PM,10/23/18 7:36 PM,9.42,0.065639,0.246929,0.312568,51,45.9,5.1,2.33,78.8,2185.73,2194.43,21
EV009,10/23/18 3:22 PM,10/23/18 3:28 PM,0.4,0.056098,0.040623,0.096721,49,49,0,0.15,75.2,2185.32,2185.32,58
EV009,10/23/18 2:40 PM,10/23/18 2:47 PM,0,0.112568,0,0.112568,43.5,44.3,-0.8,-0.45,75.2,2185.32,2185.32,100
EV009,10/23/18 10:36 AM,10/23/18 10:36 AM,0.01,0.005754,0.004902,0.010656,0,0,0,0.01,60.8,,,54
EV009,10/23/18 10:12 AM,10/23/18 10:32 AM,7.72,0.043795,0.29309,0.336885,22,18.4,3.6,2.7,60.8,2177.59,2185.04,13
EV009,10/22/18 11:29 PM,10/23/18 12:07 AM,23.44,0.044505,0.591287,0.635792,31.8,25.1,6.7,5.21,69.8,2154.15,2176.52,7
EV009,10/22/18 10:21 PM,10/22/18 11:24 PM,22.77,0.198721,0.84718,1.045902,41.6,32.5,9.1,4.69,68,2131.35,2153.72,19
EV009,10/22/18 7:03 PM,10/22/18 7:18 PM,7.63,0.042779,0.208861,0.251639,43.5,42,1.5,1.34,77,2123.72,2131.18,17
EV009,10/22/18 6:48 PM,10/22/18 6:57 PM,2.37,0.011891,0.136743,0.148634,46.3,44.3,2,0.57,75.2,2121.34,2122.58,8
EV009,10/22/18 10:07 AM,10/22/18 10:27 AM,7.78,0.039705,0.291169,0.330874,25.9,22.7,3.2,2.54,64.4,2113.56,2121.02,12
EV009,10/22/18 10:04 AM,10/22/18 10:04 AM,0.01,0.006806,0.007675,0.014481,0,0,0,0.09,66.2,,,47
EV009,10/21/18 9:31 PM,10/21/18 9:38 PM,1.09,0.047609,0.068511,0.11612,27.5,27.1,0.4,0.41,71.6,2112.46,2112.46,41
EV009,10/21/18 9:21 PM,10/21/18 9:26 PM,1.06,0.022874,0.065104,0.087978,28.2,28.2,0,0.13,73.4,2111.39,2111.39,26
EV009,10/21/18 8:18 PM,10/21/18 8:26 PM,1.47,0.046098,0.078492,0.12459,29,28.6,0.4,0.48,75.2,2109.91,2111.16,37
EV009,10/21/18 7:59 PM,10/21/18 8:13 PM,6.12,0.033049,0.203016,0.236066,32.2,29.4,2.8,1.26,77,2103.78,2108.75,14
EV009,10/21/18 7:37 PM,10/21/18 7:46 PM,3.27,0.023213,0.121869,0.145082,33.7,31,2.7,1.02,80.6,2100.51,2102.99,16
EV009,10/21/18 3:58 PM,10/21/18 4:08 PM,3.98,0.012336,0.163893,0.17623,35.3,32.5,2.8,1.08,80.6,2096.53,2099.01,7
EV009,10/21/18 3:56 PM,10/21/18 3:57 PM,0.01,0.004672,0.007623,0.012295,0,0,0,0.02,80.6,,,38
EV009,10/20/18 10:46 PM,10/20/18 10:47 PM,0.01,0.009945,0.00918,0.019126,0,0,0,0.04,75.2,,,52
EV009,10/20/18 3:47 PM,10/20/18 4:02 PM,6.7,0.026568,0.214962,0.24153,36.5,34.1,2.4,1.32,87.8,2089.79,2096,11
EV009,10/20/18 2:58 PM,10/20/18 3:10 PM,2.83,0.058831,0.151279,0.210109,37.3,36.9,0.4,0.63,80.6,2086.95,2089.44,28
EV009,10/20/18 12:41 PM,10/20/18 1:04 PM,9.1,0.074098,0.296393,0.370492,42.4,36.9,5.5,2.86,78.8,2077.85,2086.54,20
EV009,10/20/18 12:39 PM,10/20/18 12:40 PM,0.01,0.005153,0.007415,0.012568,0,0,0,0.05,71.6,,,41
EV009,10/19/18 10:51 PM,10/19/18 10:53 PM,0.02,0.012678,0.00918,0.021858,0,0,0,0.04,73.4,,,58
EV009,10/19/18 6:24 PM,10/19/18 6:46 PM,8.58,0.077918,0.29312,0.371038,45.5,42.4,3.1,2.11,93.2,2069.21,2076.67,21
EV009,10/19/18 10:18 AM,10/19/18 10:36 AM,7.48,0.034984,0.256546,0.29153,51,45.9,5.1,2.6,60.8,2061.74,2067.95,12
EV009,10/19/18 10:17 AM,10/19/18 10:18 AM,0.01,0.004361,0.007115,0.011475,0,0,0,0.05,60.8,,,38
EV009,10/18/18 10:14 PM,10/18/18 10:15 PM,0.02,0.00577,0.007344,0.013115,0,0,0,0.02,73.4,,,44
EV009,10/18/18 9:54 PM,10/18/18 10:13 PM,4.15,0.096148,0.224344,0.320492,52.5,51.8,0.7,0.75,75.2,2057.54,2061.27,30
EV009,10/18/18 8:19 PM,10/18/18 8:32 PM,3.95,0.040131,0.18282,0.222951,55.3,53.7,1.6,0.99,82.4,2053.58,2057.31,18
EV009,10/18/18 7:29 PM,10/18/18 7:47 PM,7.66,0.085377,0.219541,0.304918,57.3,55.3,2,1.36,84.2,2045.92,2053.38,28
EV009,10/18/18 7:00 PM,10/18/18 7:07 PM,0.84,0.059456,0.067046,0.126503,58,58,0,0.24,84.2,2045.08,2045.08,47
EV009,10/18/18 5:40 PM,10/18/18 5:52 PM,2.52,0.042057,0.158216,0.200273,58.8,58,0.8,0.99,89.6,2042.54,2043.79,21
EV009,10/18/18 10:19 AM,10/18/18 10:38 AM,7.49,0.047172,0.267309,0.314481,64.7,60,4.7,2.99,57.2,2035.05,2041.26,15
EV009,10/18/18 10:18 AM,10/18/18 10:19 AM,0.01,0.00488,0.007962,0.012842,0,0,0,0.07,57.2,,,38
EV009,10/17/18 8:16 PM,10/17/18 8:20 PM,0.02,0.051344,0.007672,0.059016,65.9,65.9,0,0.1,78.8,2035.02,2035.02,87
EV009,10/17/18 7:50 PM,10/17/18 8:15 PM,9.56,0.073109,0.356945,0.430055,69.4,66.3,3.1,2.1,77,2025.45,2034.15,17
EV009,10/17/18 6:31 PM,10/17/18 6:44 PM,2.28,0.053825,0.161475,0.215301,71,69.8,1.2,0.97,75.2,2023.16,2024.41,25
EV009,10/17/18 10:04 AM,10/17/18 10:23 AM,7.78,0.027836,0.281454,0.30929,52.9,47.8,5.1,2.85,57.2,2015.39,2022.84,9
EV009,10/17/18 10:02 AM,10/17/18 10:03 AM,0.01,0.009167,0.0075,0.016667,0,0,0,0.11,60.8,,,55
EV009,10/17/18 1:21 AM,10/17/18 1:23 AM,0.02,0.017213,0.011475,0.028689,0,0,0,0.05,62.6,,,60
EV009,10/16/18 8:11 PM,10/16/18 8:20 PM,2.28,0.035317,0.118235,0.153552,54.9,53.7,1.2,0.76,80.6,2013.06,2014.3,23
EV009,10/16/18 7:12 PM,10/16/18 7:47 PM,9.95,0.245344,0.338809,0.584153,58.4,55.7,2.7,1.99,84.2,2003.1,2011.8,42
EV009,10/16/18 6:41 PM,10/16/18 6:56 PM,2.71,0.066557,0.171148,0.237705,60.4,58.8,1.6,1.08,86,2000.38,2002.86,28
EV009,10/16/18 10:09 AM,10/16/18 10:27 AM,7.48,0.026557,0.268525,0.295082,65.5,61.2,4.3,2.76,53.6,1992.89,1999.11,9
EV009,10/15/18 10:03 PM,10/15/18 10:05 PM,0.02,0.018126,0.011109,0.029235,65.5,65.5,0,0.04,69.8,1992.87,1992.87,62
EV009,10/15/18 7:00 PM,10/15/18 7:42 PM,10.86,0.269219,0.439251,0.70847,69,66.7,2.3,1.63,77,1981.99,1991.93,38
EV009,10/15/18 6:32 PM,10/15/18 6:44 PM,2.59,0.050683,0.152049,0.202732,70.6,69,1.6,0.92,75.2,1979.4,1981.88,25
EV009,10/15/18 10:54 AM,10/15/18 11:05 AM,2.59,0.027418,0.155369,0.182787,48.2,48.2,0,0.34,68,1976.79,1979.28,15
EV009,10/15/18 10:19 AM,10/15/18 10:47 AM,9.73,0.097369,0.366292,0.463661,54.5,48.6,5.9,3.56,64.4,1967.06,1975.76,21
EV009,10/15/18 10:10 AM,10/15/18 10:11 AM,0.02,0.008634,0.012951,0.021585,0,0,0,0.13,59,,,40
EV009,10/14/18 10:07 PM,10/14/18 10:07 PM,0,0.009836,0,0.009836,54.9,54.9,0,0.01,69.8,1967.03,1967.03,100
EV009,10/14/18 10:06 PM,10/14/18 10:06 PM,0.01,0.006033,0.007082,0.013115,0,0,0,0.02,69.8,,,46
EV009,10/14/18 7:31 PM,10/14/18 7:51 PM,6.97,0.050533,0.286352,0.336885,57.3,55.3,2,1.3,73.4,1960.04,1966.25,15
EV009,10/14/18 6:54 PM,10/14/18 7:08 PM,6.11,0.04382,0.199623,0.243443,60,57.3,2.7,1.72,75.2,1953.93,1958.9,18
EV009,10/14/18 4:15 PM,10/14/18 4:17 PM,0.01,0.019311,0.006098,0.02541,60,60,0,0.03,69.8,1953.91,1953.91,76
EV009,10/13/18 8:27 PM,10/13/18 8:28 PM,0.02,0.008852,0.01082,0.019672,0,0,0,0.03,69.8,,,45
EV009,10/13/18 7:20 PM,10/13/18 7:45 PM,9.87,0.081243,0.346352,0.427596,63.9,61.2,2.7,2.14,69.8,1944.02,1952.72,19
EV009,10/13/18 6:44 PM,10/13/18 7:09 PM,10.23,0.063402,0.359276,0.422678,69.8,64.7,5.1,3.05,69.8,1933.77,1943.72,15
EV009,10/13/18 4:20 PM,10/13/18 4:41 PM,9.78,0.024691,0.328041,0.352732,73.7,69.8,3.9,2.27,68,1924,1932.7,7
EV009,10/13/18 11:33 AM,10/13/18 11:53 AM,9.62,0.020492,0.321038,0.34153,79.2,73.7,5.5,3.23,62.6,1914.39,1923.09,6
EV009,10/13/18 11:30 AM,10/13/18 11:31 AM,0.01,0.007964,0.006516,0.014481,0,0,0,0.09,64.4,,,55
EV009,10/12/18 8:47 PM,10/12/18 9:03 PM,4.06,0.055828,0.210019,0.265847,81.6,80,1.6,1.07,73.4,1910.3,1914.03,21
EV009,10/12/18 6:55 PM,10/12/18 7:17 PM,7.13,0.084899,0.284227,0.369126,83.5,81.6,1.9,1.3,80.6,1903.16,1909.38,23
EV009,10/12/18 5:43 PM,10/12/18 5:56 PM,2.65,0.06212,0.159738,0.221858,85.1,83.9,1.2,1.13,86,1900.5,1902.99,28
EV009,10/12/18 10:17 AM,10/12/18 10:36 AM,7.48,0.034172,0.276484,0.310656,91,85.9,5.1,2.99,59,1893.03,1899.24,11
EV009,10/12/18 10:10 AM,10/12/18 10:16 AM,1.31,0.019986,0.085205,0.105191,91.8,91.4,0.4,0.69,60.8,1891.71,1891.71,19
EV009,10/11/18 8:33 PM,10/11/18 8:50 PM,6.09,0.055355,0.221421,0.276776,94.9,92.5,2.4,1.44,71.6,1885.61,1890.58,20
EV009,10/11/18 6:55 PM,10/11/18 7:22 PM,5.28,0.174541,0.273,0.447541,97.6,95.3,2.3,1.2,73.4,1880.31,1885.28,39
EV009,10/11/18 6:29 PM,10/11/18 6:43 PM,2.62,0.072503,0.161377,0.23388,99.6,97.6,2,1.22,75.2,1877.68,1880.16,31
EV009,10/11/18 10:32 AM,10/11/18 10:33 AM,0,0.012022,0,0.012022,76.9,76.9,0,-0.02,59,1877.68,1877.68,100
EV009,10/11/18 10:12 AM,10/11/18 10:31 AM,7.78,0.035014,0.283292,0.318306,81.6,76.9,4.7,2.6,59,1869.9,1877.36,11
EV009,10/11/18 10:05 AM,10/11/18 10:06 AM,0.01,0.00627,0.007664,0.013934,0,0,0,0.04,60.8,,,45
EV009,10/10/18 6:42 PM,10/10/18 6:44 PM,0.01,0.028415,0.007104,0.035519,81.6,81.6,0,0.04,77,1869.86,1869.86,80
EV009,10/10/18 6:06 PM,10/10/18 6:38 PM,10.93,0.140869,0.400934,0.541803,85.1,82,3.1,2.05,75.2,1858.92,1868.86,26
EV009,10/10/18 5:39 PM,10/10/18 5:53 PM,2.78,0.050251,0.178164,0.228415,87.1,85.5,1.6,1.12,77,1856.13,1858.62,22
EV009,10/10/18 11:22 AM,10/10/18 11:34 AM,2.63,0.059137,0.152066,0.211202,87.8,87.1,0.7,0.29,62.6,1853.5,1855.99,28
EV009,10/10/18 10:34 AM,10/10/18 11:01 AM,9.72,0.104003,0.348183,0.452186,93.7,88.2,5.5,3.27,62.6,1843.78,1852.48,23
EV009,10/10/18 10:31 AM,10/10/18 10:32 AM,0.01,0.006885,0.010328,0.017213,0,0,0,0.03,62.6,,,40
EV009,10/9/18 7:07 PM,10/9/18 7:54 PM,10.86,0.352623,0.430984,0.783607,97.6,93.7,3.9,1.97,75.2,1832.88,1842.82,45
EV009,10/9/18 6:49 PM,10/9/18 6:59 PM,2.61,0.04223,0.133727,0.175956,99.2,98,1.2,0.99,75.2,1830.26,1831.5,24
EV009,10/9/18 6:02 PM,10/9/18 6:05 PM,0,0.052186,0,0.052186,99.6,99.6,0,0.06,75.2,1830.26,1830.26,100
EV009,10/9/18 5:53 PM,10/9/18 5:53 PM,0.02,0.005503,0.008978,0.014481,0,0,0,0.02,75.2,,,38
EV009,10/9/18 10:15 AM,10/9/18 10:27 AM,2.94,0.030557,0.160426,0.190984,77.6,77.3,0.3,0.58,66.2,1827.3,1829.78,16
EV009,10/8/18 8:06 PM,10/8/18 8:29 PM,5.35,0.104975,0.283822,0.388798,80,78,2,1.14,75.2,1821.93,1826.9,27
EV009,10/8/18 10:36 AM,10/8/18 10:46 AM,2.94,0.01571,0.141393,0.157104,80.8,80,0.8,0.52,64.4,1818.99,1821.47,10
EV009,10/7/18 4:43 PM,10/7/18 4:54 PM,2.81,0.03694,0.14776,0.184699,81.6,81.2,0.4,0.31,77,1816.16,1818.65,20
EV009,10/7/18 12:02 PM,10/7/18 12:12 PM,2.83,0.051393,0.119918,0.171311,82.7,81.6,1.1,0.68,68,1813.33,1815.81,30
EV009,10/6/18 7:08 PM,10/6/18 7:13 PM,0.69,0.018306,0.054918,0.073224,82.7,82.7,0,0.08,75.2,1812.63,1812.63,25
EV009,10/6/18 5:52 PM,10/6/18 5:56 PM,0.67,0.013765,0.048803,0.062568,83.1,82.7,0.4,0.19,75.2,1811.95,1811.95,22
EV009,10/6/18 2:02 AM,10/6/18 2:11 AM,2.94,0.022907,0.120262,0.143169,83.9,83.5,0.4,0.62,66.2,1809.01,1811.49,16
EV009,10/5/18 4:30 PM,10/5/18 4:33 PM,0.39,0.008175,0.039913,0.048087,84.3,84.3,0,0.12,77,1808.61,1808.61,17
EV009,10/5/18 10:12 AM,10/5/18 10:22 AM,2.91,0.024795,0.140505,0.165301,62.7,62.4,0.3,0.58,66.2,1805.69,1808.18,15
EV009,10/5/18 12:31 AM,10/5/18 12:40 AM,2.93,0.020732,0.127355,0.148087,63.9,63.5,0.4,0.34,68,1802.75,1805.24,14
EV009,10/4/18 10:02 PM,10/4/18 10:13 PM,3.46,0.037923,0.151694,0.189617,65.1,64.3,0.8,0.87,69.8,1799.29,1801.77,20
EV009,10/4/18 9:34 PM,10/4/18 9:47 PM,4.5,0.045385,0.170735,0.21612,66.3,65.9,0.4,0.57,71.6,1794.78,1798.51,21
EV009,10/4/18 8:29 PM,10/4/18 8:47 PM,4.44,0.091391,0.203418,0.294809,68.6,66.7,1.9,1.32,75.2,1790.34,1794.06,31
EV009,10/4/18 7:31 PM,10/4/18 7:42 PM,2.97,0.050109,0.128852,0.178962,69.8,68.6,1.2,0.54,77,1787.35,1789.84,28
EV009,10/4/18 10:26 AM,10/4/18 10:36 AM,2.95,0.041967,0.132896,0.174863,71,69.8,1.2,0.63,68,1784.4,1786.89,24
EV009,10/3/18 9:00 PM,10/3/18 9:11 PM,2.97,0.052929,0.129585,0.182514,71.4,71,0.4,0.54,71.6,1781.43,1783.92,29
EV009,10/3/18 9:41 AM,10/3/18 9:49 AM,2.95,0.014366,0.116235,0.130601,72.9,72.2,0.7,0.57,69.8,1778.48,1780.97,11
EV009,10/2/18 9:34 PM,10/2/18 9:51 PM,4.5,0.110713,0.173167,0.28388,73.7,73.3,0.4,0.52,73.4,1773.98,1777.7,39
EV009,10/2/18 7:57 PM,10/2/18 8:18 PM,6.53,0.122344,0.237492,0.359836,76.9,73.7,3.2,1.82,78.8,1767.44,1773.66,34
EV009,10/2/18 6:34 PM,10/2/18 6:49 PM,4.15,0.07153,0.183934,0.255464,78,76.9,1.1,0.64,82.4,1763.28,1767,28
EV009,10/2/18 10:33 AM,10/2/18 10:42 AM,2.94,0.01982,0.132639,0.152459,78.8,78,0.8,0.57,75.2,1760.33,1762.82,13
EV009,10/1/18 9:14 PM,10/1/18 9:29 PM,4.4,0.071336,0.192872,0.264208,80,79.2,0.8,0.62,84.2,1755.92,1759.65,27
EV009,10/1/18 7:56 PM,10/1/18 8:13 PM,4.47,0.080978,0.198257,0.279235,82.4,80,2.4,1.27,86,1751.44,1755.17,29
EV009,10/1/18 6:58 PM,10/1/18 7:05 PM,0.68,0.059814,0.055213,0.115027,82.4,82.4,0,0.16,82.4,1750.76,1750.76,52
EV009,10/1/18 6:42 PM,10/1/18 6:46 PM,0.68,0.014645,0.058579,0.073224,82.7,82.4,0.3,0.23,80.6,1750.07,1750.07,20
EV009,9/30/18 6:29 PM,9/30/18 6:57 PM,10.54,0.06476,0.397809,0.462568,87.1,83.1,4,2.55,89.6,1739.53,1749.47,14
EV009,9/30/18 5:17 PM,9/30/18 5:40 PM,10.47,0.112295,0.262022,0.374317,91.4,87.1,4.3,2.32,87.8,1729.05,1738.99,30
EV009,9/30/18 2:03 PM,9/30/18 2:12 PM,2.81,0.040492,0.115246,0.155738,91.8,91.4,0.4,0.42,75.2,1726.24,1728.72,26
EV009,9/30/18 12:02 PM,9/30/18 12:18 PM,5.31,0.067281,0.201844,0.269126,94.9,92.2,2.7,1.38,73.4,1720.92,1725.89,25
EV009,9/29/18 1:50 AM,9/29/18 1:58 AM,1.27,0.025697,0.109549,0.135246,95.7,95.3,0.4,0.28,69.8,1719.63,1720.88,19
EV009,9/28/18 10:35 PM,9/28/18 10:41 PM,1.06,0.029148,0.074951,0.104098,96.1,95.7,0.4,0.26,75.2,1718.57,1718.57,28
EV009,9/28/18 9:29 PM,9/28/18 9:44 PM,4.5,0.074836,0.174617,0.249454,97.3,96.1,1.2,0.54,77,1714.05,1717.78,30
EV009,9/28/18 7:36 PM,9/28/18 7:56 PM,4.43,0.119213,0.211934,0.331148,100,97.3,2.7,1.42,86,1709.62,1713.34,36
EV009,9/28/18 4:49 PM,9/28/18 4:54 PM,0.9,0.028115,0.065601,0.093716,100,100,0,0.23,84.2,1708.7,1708.7,30
EV009,9/28/18 4:22 PM,9/28/18 4:42 PM,4.64,0.092109,0.236852,0.328962,100,100,0,0.95,80.6,1704.06,1707.79,28
EV009,9/28/18 12:07 PM,9/28/18 12:18 PM,2.95,0.03873,0.145697,0.184426,86.7,85.5,1.2,0.66,71.6,1701.11,1703.6,21
EV009,9/28/18 12:29 AM,9/28/18 12:39 AM,2.92,0.033224,0.141639,0.174863,87.5,86.7,0.8,0.35,71.6,1698.18,1700.66,19
EV009,9/27/18 10:09 PM,9/27/18 10:19 PM,3.47,0.025451,0.144221,0.169672,88.6,87.5,1.1,0.83,78.8,1694.71,1697.2,15
EV009,9/27/18 6:06 PM,9/27/18 6:18 PM,3.02,0.047016,0.148885,0.195902,90.2,88.6,1.6,0.85,93.2,1691.69,1694.18,24
EV009,9/27/18 10:40 AM,9/27/18 10:52 AM,3.05,0.045322,0.160689,0.206011,91.8,90.2,1.6,0.62,69.8,1688.63,1691.12,22
EV009,9/26/18 9:32 PM,9/26/18 9:49 PM,4.49,0.086563,0.192672,0.279235,92.5,91.8,0.7,0.6,78.8,1684.13,1687.86,31
EV009,9/26/18 8:22 PM,9/26/18 8:41 PM,4.44,0.128962,0.193443,0.322404,95.3,92.5,2.8,1.35,84.2,1679.69,1683.42,40
EV009,9/26/18 7:16 PM,9/26/18 7:22 PM,1.04,0.027208,0.077437,0.104645,96.1,95.3,0.8,0.41,84.2,1678.64,1678.64,26
EV009,9/26/18 6:12 PM,9/26/18 6:19 PM,1.12,0.038273,0.074295,0.112568,96.9,96.5,0.4,0.45,84.2,1677.52,1677.52,34
EV009,9/26/18 5:04 PM,9/26/18 5:09 PM,1.13,0.015301,0.061202,0.076503,97.3,96.9,0.4,0.4,89.6,1676.39,1676.39,20
EV009,9/26/18 4:51 PM,9/26/18 4:58 PM,1.95,0.020213,0.092082,0.112295,98.8,98,0.8,0.6,89.6,1674.43,1675.67,18
EV009,9/26/18 10:45 AM,9/26/18 11:01 AM,2.95,0.09206,0.178705,0.270765,100,98.8,1.2,0.63,68,1671.48,1673.96,34
EV009,9/25/18 4:33 PM,9/25/18 4:38 PM,0.67,0.021803,0.056066,0.077869,100,100,0,0.19,73.4,1670.8,1670.8,28
EV009,9/25/18 4:11 PM,9/25/18 4:22 PM,2.55,0.057615,0.116975,0.17459,100,100,0,0.7,71.6,1668.25,1669.49,33
EV009,9/25/18 2:19 PM,9/25/18 2:25 PM,0.37,0.054918,0.036612,0.09153,100,100,0,0.13,73.4,1667.88,1667.88,60
EV009,9/24/18 2:11 PM,9/24/18 2:16 PM,0.84,0.02097,0.06291,0.08388,85.5,85.1,0.4,0.15,73.4,1667.03,1667.03,25
EV009,9/24/18 2:03 PM,9/24/18 2:07 PM,0.59,0.023213,0.041268,0.064481,85.9,85.9,0,0.2,75.2,1666.44,1666.44,36
EV009,9/20/18 3:33 PM,9/20/18 3:35 PM,0.02,0.017388,0.006109,0.023497,85.9,85.9,0,0.02,69.8,1666.42,1666.42,74
EV009,9/20/18 2:42 PM,9/20/18 2:54 PM,2.54,0.068885,0.139858,0.208743,87.1,85.9,1.2,0.62,69.8,1663.88,1665.12,33
EV009,9/20/18 2:27 PM,9/20/18 2:35 PM,0.36,0.080902,0.047514,0.128415,87.1,87.1,0,0.13,77,1663.49,1663.49,63
EV009,9/20/18 2:02 PM,9/20/18 2:19 PM,5.73,0.031587,0.255571,0.287158,89.4,87.1,2.3,1.17,77,1657.76,1662.73,11
EV009,9/20/18 10:29 AM,9/20/18 11:35 AM,16.54,0.380314,0.706298,1.086612,97.3,89.4,7.9,4.03,66.2,1641.2,1657.35,35
EV009,9/19/18 7:48 PM,9/19/18 7:54 PM,1.53,0.024454,0.073361,0.097814,98,97.3,0.7,0.36,86,1639.66,1640.91,25
EV009,9/19/18 6:25 PM,9/19/18 7:12 PM,14.08,0.135025,0.659238,0.794262,100,98,2,2.35,86,1625.57,1639.24,17
EV009,9/19/18 2:39 PM,9/19/18 2:44 PM,0.83,0.017913,0.063508,0.081421,88.2,88.2,0,0.14,77,1624.74,1624.74,22
EV009,9/19/18 2:29 PM,9/19/18 2:32 PM,0.59,0.015847,0.038798,0.054645,88.6,88.2,0.4,0.22,77,1624.15,1624.15,29
EV009,9/19/18 10:42 AM,9/19/18 11:46 AM,16.53,0.312344,0.764705,1.077049,96.9,88.6,8.3,4.06,66.2,1607.59,1623.75,29
EV009,9/18/18 7:50 PM,9/18/18 8:32 PM,13.21,0.146426,0.550842,0.697268,100,96.9,3.1,2.37,84.2,1594.37,1606.8,21
EV009,9/18/18 7:50 PM,9/18/18 7:50 PM,0,0.002732,0,0.002732,0,0,0,0,78.8,,,100
EV009,9/18/18 7:14 PM,9/18/18 7:27 PM,2.88,0.073844,0.149926,0.22377,100,100,0,0.49,78.8,1591.48,1593.96,33
EV009,9/18/18 10:41 AM,9/18/18 11:49 AM,16.54,0.358907,0.762678,1.121585,94.9,88.2,6.7,3.67,68,1574.92,1591.08,32
EV009,9/17/18 8:10 PM,9/17/18 8:42 PM,11.06,0.128,0.405333,0.533333,98.8,94.9,3.9,2.05,86,1563.86,1573.8,24
EV009,9/17/18 7:52 PM,9/17/18 8:07 PM,4.57,0.073134,0.179052,0.252186,99.6,98.8,0.8,0.57,84.2,1559.28,1563.01,29
EV009,9/17/18 10:42 AM,9/17/18 11:35 AM,16.09,0.209508,0.663443,0.872951,83.5,77.6,5.9,3.89,69.8,1543.18,1558.09,24
EV009,9/16/18 9:51 PM,9/16/18 10:21 PM,6.98,0.239344,0.25929,0.498634,86.7,83.5,3.2,1.59,82.4,1536.18,1542.4,48
EV009,9/16/18 9:22 PM,9/16/18 9:38 PM,6.48,0.056402,0.212178,0.268579,89.8,86.7,3.1,1.72,84.2,1529.7,1535.91,21
EV009,9/16/18 3:32 AM,9/16/18 3:34 AM,0.02,0.025262,0.01135,0.036612,0,0,0,0.05,71.6,,,69
EV009,9/16/18 12:16 AM,9/16/18 12:42 AM,6.35,0.194153,0.247104,0.441257,92.5,89.8,2.7,1.41,75.2,1523.31,1529.52,44
EV009,9/15/18 11:53 PM,9/16/18 12:11 AM,8.81,0.045041,0.255232,0.300273,96.9,92.5,4.4,2.56,75.2,1514.5,1523.2,15
EV009,9/15/18 1:33 AM,9/15/18 1:33 AM,0,0.004361,0.000831,0.005191,0,0,0,0,77,,,84
EV009,9/15/18 1:32 AM,9/15/18 1:33 AM,0,0.009563,0,0.009563,96.9,96.9,0,0.01,77,1514.49,1514.49,100
EV009,9/14/18 7:51 PM,9/14/18 7:52 PM,0,0.009016,0,0.009016,96.5,96.5,0,0.01,95,1514.49,1514.49,100
EV009,9/14/18 7:48 PM,9/14/18 7:51 PM,0.52,0.013352,0.036101,0.049454,96.5,96.5,0,0.14,95,1513.98,1513.98,27
EV009,9/14/18 6:44 PM,9/14/18 7:45 PM,15.03,0.235153,0.787251,1.022404,100,96.9,3.1,2.53,91.4,1498.93,1513.84,23
EV009,9/14/18 5:30 PM,9/14/18 5:36 PM,1.09,0.008852,0.079672,0.088525,100,100,0,0.22,80.6,1497.83,1497.83,10
EV009,9/14/18 5:22 PM,9/14/18 5:26 PM,0.59,0.019096,0.046751,0.065847,100,100,0,0.23,78.8,1497.24,1497.24,29
EV009,9/14/18 10:34 AM,9/14/18 11:29 AM,16.12,0.272705,0.636311,0.909016,97.6,89.8,7.8,3.88,73.4,1481.12,1496.03,30
EV009,9/13/18 8:03 PM,9/13/18 8:52 PM,15.48,0.180869,0.641262,0.822131,100,97.6,2.4,2.42,86,1465.62,1480.53,22
EV009,9/13/18 10:31 AM,9/13/18 11:32 AM,16.11,0.29309,0.717566,1.010656,88.6,82.4,6.2,3.62,69.8,1449.49,1464.41,29
EV009,9/12/18 11:12 PM,9/12/18 11:23 PM,2.72,0.043716,0.131148,0.174863,89.8,89,0.8,0.5,75.2,1446.77,1449.25,25
EV009,9/12/18 10:59 PM,9/12/18 11:09 PM,3.68,0.045664,0.123462,0.169126,91,89.8,1.2,0.73,77,1443.08,1445.56,27
EV009,9/12/18 9:21 PM,9/12/18 9:43 PM,6.91,0.098852,0.267268,0.36612,94.9,91.4,3.5,1.76,82.4,1436.16,1442.38,27
EV009,9/12/18 8:10 PM,9/12/18 9:02 PM,15.76,0.243049,0.624984,0.868033,100,94.9,5.1,2.87,82.4,1420.4,1435.31,28
EV009,9/12/18 4:29 PM,9/12/18 4:40 PM,1.84,0.065601,0.121831,0.187432,100,100,0,0.45,80.6,1418.55,1419.79,35
EV009,9/12/18 3:50 PM,9/12/18 3:59 PM,1.77,0.036262,0.114831,0.151093,100,100,0,0.52,78.8,1416.77,1418.02,24
EV009,9/12/18 10:31 AM,9/12/18 11:31 AM,16.69,0.279694,0.719213,0.998907,89.4,83.5,5.9,3.61,69.8,1400.07,1416.22,28
EV009,9/12/18 12:06 AM,9/12/18 12:20 AM,3.8,0.070656,0.164863,0.235519,91.8,90.2,1.6,0.84,71.6,1396.26,1399.99,30
EV009,9/11/18 11:47 PM,9/12/18 12:00 AM,3.09,0.078044,0.132885,0.210929,93.3,91.8,1.5,0.83,71.6,1393.16,1395.65,37
EV009,9/11/18 9:07 PM,9/11/18 9:47 PM,12.98,0.139713,0.525587,0.665301,97.6,93.3,4.3,2.39,82.4,1380.17,1392.6,21
EV009,9/11/18 8:35 PM,9/11/18 8:53 PM,2.87,0.125426,0.173208,0.298634,98.8,97.6,1.2,0.47,80.6,1377.29,1379.77,42
EV009,9/11/18 8:21 PM,9/11/18 8:34 PM,0.06,0.200585,0.012803,0.213388,98.8,98.8,0,0.18,80.6,1377.23,1377.23,94
EV009,9/11/18 5:13 PM,9/11/18 5:16 PM,0,0.046721,0,0.046721,71.8,71.8,0,-0.22,78.8,1377.23,1377.23,100
EV009,9/11/18 4:36 PM,9/11/18 4:47 PM,0,0.188251,0,0.188251,66.3,67.5,-1.2,-0.77,78.8,1377.23,1377.23,100
EV009,9/11/18 2:51 PM,9/11/18 3:15 PM,2.67,0.200273,0.200273,0.400546,54.1,53.3,0.8,0.75,78.8,1374.55,1377.04,50
EV009,9/11/18 11:24 AM,9/11/18 11:25 AM,0,0.012022,0,0.012022,54.5,54.5,0,0.02,69.8,1374.55,1374.55,100
EV009,9/11/18 9:30 AM,9/11/18 9:59 AM,27.33,0.024358,0.462801,0.487158,69.4,54.9,14.5,8.89,71.6,1347.23,1373.33,5
EV009,9/10/18 11:09 PM,9/10/18 11:41 PM,28.9,0.037467,0.497779,0.535246,83.1,70.2,12.9,7.63,77,1318.35,1346.93,7
EV009,9/10/18 9:55 PM,9/10/18 10:00 PM,1.19,0.022361,0.070809,0.093169,73.7,72.9,0.8,0.38,80.6,1317.15,1317.15,24
EV009,9/10/18 9:49 PM,9/10/18 9:52 PM,0.63,0.015505,0.046516,0.062022,73.7,73.7,0,0.19,82.4,1316.52,1316.52,25
EV009,9/10/18 9:33 AM,9/10/18 10:02 AM,27.33,0.03847,0.442404,0.480874,52.5,34.1,18.4,9.21,71.6,1289.2,1315.3,8
EV009,9/9/18 10:45 PM,9/9/18 10:53 PM,1.26,0.043967,0.078164,0.122131,54.5,53.7,0.8,0.63,69.8,1287.94,1289.18,36
EV009,9/9/18 10:26 PM,9/9/18 10:35 PM,2.2,0.025137,0.131967,0.157104,55.3,54.9,0.4,0.89,71.6,1285.72,1286.97,16
EV009,9/9/18 10:24 PM,9/9/18 10:25 PM,0.03,0.023262,0.003787,0.027049,56.1,56.1,0,0.05,71.6,1285.69,1285.69,86
EV009,9/9/18 9:18 PM,9/9/18 9:19 PM,0.05,0.00959,0.015,0.02459,0,0,0,0.05,73.4,,,39
EV009,9/9/18 9:02 PM,9/9/18 9:17 PM,3.81,0.053361,0.200738,0.254098,56.9,56.1,0.8,0.65,75.2,1281.82,1285.55,21
EV009,9/9/18 2:12 PM,9/9/18 2:18 PM,0.87,0.037082,0.065923,0.103005,57.6,57.3,0.3,0.38,77,1280.95,1280.95,36
EV009,9/9/18 1:53 PM,9/9/18 1:56 PM,0.63,0.007459,0.049918,0.057377,57.6,57.6,0,0.08,77,1280.32,1280.32,13
EV009,9/8/18 6:15 PM,9/8/18 6:27 PM,2.6,0.05491,0.134434,0.189344,58.8,58.4,0.4,0.79,77,1277.7,1278.95,29
EV009,9/8/18 5:06 PM,9/8/18 5:28 PM,3.29,0.107705,0.251311,0.359016,61.6,59.2,2.4,1.35,77,1274.38,1276.87,30
EV009,9/8/18 4:25 PM,9/8/18 4:45 PM,4.97,0.104306,0.22165,0.325956,63.5,61.6,1.9,1.4,75.2,1269.41,1273.14,32
EV009,9/8/18 1:14 PM,9/8/18 1:39 PM,9.1,0.122577,0.300101,0.422678,67.1,63.9,3.2,2.01,73.4,1260.31,1269,29
EV009,9/7/18 7:09 PM,9/7/18 7:39 PM,4.94,0.228617,0.268377,0.496995,71,67.8,3.2,1.8,78.8,1255.35,1259.08,46
EV009,9/7/18 10:13 AM,9/7/18 10:32 AM,5.02,0.106934,0.217109,0.324044,72.5,71,1.5,1.13,68,1250.32,1255.3,33
EV009,9/7/18 12:14 AM,9/7/18 12:32 AM,4.85,0.082107,0.221992,0.304098,75.7,73.3,2.4,1.57,69.8,1245.46,1249.19,27
EV009,9/7/18 12:12 AM,9/7/18 12:14 AM,0.2,0.004361,0.026787,0.031148,75.7,75.7,0,0.14,77,1245.26,1245.26,14
EV009,9/6/18 10:14 AM,9/6/18 10:32 AM,4.98,0.092049,0.214781,0.306831,77.6,75.7,1.9,1.02,69.8,1240.27,1245.24,30
EV009,9/5/18 11:14 PM,9/5/18 11:31 PM,5.04,0.067148,0.212634,0.279781,79.6,77.6,2,1.59,69.8,1235.23,1238.96,24
EV009,9/5/18 8:19 PM,9/5/18 9:07 PM,21.11,0.120779,0.684413,0.805191,69,60.8,8.2,4.82,73.4,1214.12,1234,15
EV009,9/5/18 8:11 PM,9/5/18 8:17 PM,0.63,0.048393,0.052426,0.10082,69.4,69.4,0,0.24,78.8,1213.49,1213.49,48
EV009,9/5/18 9:47 AM,9/5/18 10:22 AM,27.35,0.023596,0.566295,0.589891,83.5,70.2,13.3,8.3,71.6,1186.15,1212.25,4
EV009,9/4/18 9:56 PM,9/4/18 10:32 PM,26.62,0.024022,0.576525,0.600546,95.3,84.7,10.6,6.06,71.6,1159.55,1185.64,4
EV009,9/4/18 9:32 PM,9/4/18 9:39 PM,0.81,0.046765,0.059519,0.106284,95.7,95.3,0.4,0.31,77,1158.73,1158.73,44
EV009,9/4/18 11:08 AM,9/4/18 11:54 AM,27.42,0.045902,0.719126,0.765027,71,59.2,11.8,7.39,75.2,1131.33,1158.67,6
EV009,8/30/18 10:38 AM,8/30/18 10:43 AM,1.12,0.017672,0.066481,0.084153,82.7,82,0.7,0.35,69.8,1102.51,1102.51,21
EV009,8/30/18 10:21 AM,8/30/18 10:28 AM,1.31,0.030189,0.07391,0.104098,83.1,82.7,0.4,0.38,69.8,1101.19,1102.43,29
EV009,8/30/18 10:12 AM,8/30/18 10:20 AM,2.96,0.023852,0.108661,0.132514,85.1,83.1,2,1.27,66.2,1098.22,1100.71,18
EV009,8/30/18 12:38 AM,8/30/18 1:04 AM,14.22,0.077066,0.351077,0.428142,92.9,85.9,7,4.08,73.4,1084.02,1097.69,18
EV009,8/29/18 10:21 PM,8/29/18 10:21 PM,0,0.007115,0.000536,0.00765,0,0,0,0.01,78.8,,,93
EV009,8/29/18 9:58 PM,8/29/18 10:20 PM,1.94,0.181675,0.18909,0.370765,94.9,92.9,2,1.24,80.6,1082.06,1083.3,49
EV009,8/29/18 8:26 PM,8/29/18 9:04 PM,15.55,0.16424,0.467454,0.631694,100,94.9,5.1,3.65,84.2,1066.51,1081.42,26
EV009,8/29/18 4:04 PM,8/29/18 4:06 PM,0.07,0.005342,0.017883,0.023224,75.7,75.7,0,0.08,82.4,1066.44,1066.44,23
EV009,8/29/18 7:19 AM,8/29/18 7:59 AM,27.4,0.053202,0.611825,0.665027,87.5,75.7,11.8,6.86,71.6,1039.04,1066.38,8
EV009,8/28/18 11:40 PM,8/29/18 12:14 AM,27.74,0.062694,0.507251,0.569945,100,87.5,12.5,6.92,75.2,1011.31,1038.65,11
EV009,8/28/18 3:36 PM,8/28/18 3:39 PM,0,0.043989,0,0.043989,64.3,64.3,0,0.02,84.2,1011.31,1011.31,100
EV009,8/28/18 3:15 PM,8/28/18 3:24 PM,0,0.154098,0,0.154098,62.4,63.1,-0.7,-0.33,84.2,1011.31,1011.31,100
EV009,8/28/18 10:52 AM,8/28/18 11:11 AM,6.03,0.086311,0.233361,0.319672,26.3,25.5,0.8,0.55,66.2,1005.28,1010.25,27
EV009,8/27/18 6:20 PM,8/27/18 6:28 PM,1.46,0.040044,0.085093,0.125137,26.3,26.3,0,0.48,75.2,1003.81,1005.05,32
EV009,8/27/18 5:45 PM,8/27/18 6:07 PM,3.55,0.17482,0.189388,0.364208,28.2,26.7,1.5,0.54,73.4,1000.23,1002.72,48
EV009,8/27/18 4:27 PM,8/27/18 4:31 PM,0.52,0.026754,0.047563,0.074317,27.5,27.5,0,0.02,73.4,999.71,999.71,36
EV009,8/27/18 4:18 PM,8/27/18 4:20 PM,0.39,0.008549,0.032161,0.04071,27.1,27.1,0,0.14,73.4,999.32,999.32,21
EV009,8/27/18 3:20 PM,8/27/18 3:27 PM,1.71,0.015096,0.101025,0.11612,29.4,27.5,1.9,0.31,71.6,997.6,998.84,13
EV009,8/27/18 3:04 PM,8/27/18 3:09 PM,0.46,0.027934,0.049661,0.077596,28.6,28.6,0,0.09,71.6,997.14,997.14,36
EV009,8/27/18 1:23 PM,8/27/18 1:31 PM,2.75,0.024885,0.113366,0.138251,30.2,28.6,1.6,0.65,68,994.38,996.86,18
EV009,8/27/18 11:15 AM,8/27/18 11:49 AM,3.16,0.407377,0.166393,0.57377,30.2,30.6,-0.4,0.56,66.2,991.21,993.7,71
EV009,8/27/18 11:01 AM,8/27/18 11:14 AM,2.46,0.088869,0.139,0.227869,30.2,30.2,0,0.54,64.4,988.75,989.99,39
EV009,8/27/18 1:08 AM,8/27/18 1:10 AM,0,0.026393,0.002295,0.028689,30.6,30.6,0,0.03,69.8,988.74,988.74,92
EV009,8/27/18 1:02 AM,8/27/18 1:05 AM,0,0.050339,0.003213,0.053552,30.6,30.6,0,0.04,69.8,988.73,988.73,94
EV009,8/26/18 7:25 PM,8/26/18 7:31 PM,1.73,0.013,0.087,0.1,28.2,28.6,-0.4,0.07,82.4,987,988.24,13
EV009,8/26/18 5:38 PM,8/26/18 6:49 PM,63.19,0.047333,1.136,1.183333,62,28.2,33.8,17.94,86,923.85,985.99,4
EV009,8/26/18 4:32 PM,8/26/18 4:46 PM,6.31,0.049975,0.188003,0.237978,64.3,62.4,1.9,1.45,77,917.54,923.76,21
EV009,8/26/18 4:26 PM,8/26/18 4:27 PM,0.01,0.007344,0.004131,0.011475,0,0,0,0.01,78.8,,,64
EV009,8/26/18 4:25 PM,8/26/18 4:26 PM,0.12,0.00618,0.01759,0.02377,64.3,64.3,0,0.02,82.4,917.42,917.42,26
EV009,8/25/18 10:19 AM,8/25/18 10:21 AM,0.09,0.011615,0.018167,0.029781,64.7,64.7,0,0.03,68,917.33,917.33,39
EV009,8/25/18 8:59 AM,8/25/18 10:01 AM,69.14,0.020896,1.023913,1.044809,96.1,64.7,31.4,18.1,66.2,848.23,916.58,2
EV009,8/25/18 8:06 AM,8/25/18 8:12 AM,1.9,0.009467,0.095724,0.105191,97.3,96.1,1.2,0.69,60.8,846.33,847.57,9
EV009,8/24/18 10:27 PM,8/24/18 10:33 PM,1.33,0.018014,0.076795,0.094809,97.6,96.9,0.7,-0.06,77,845.01,845.01,19
EV009,8/24/18 8:45 PM,8/24/18 8:50 PM,0.72,0.031328,0.043262,0.07459,98,97.6,0.4,0.39,82.4,844.29,844.29,42
EV009,8/24/18 8:40 PM,8/24/18 8:44 PM,0.48,0.018951,0.036787,0.055738,98.4,98.4,0,0.21,82.4,843.8,843.8,34
EV009,8/24/18 8:06 PM,8/24/18 8:15 PM,5.78,0.005727,0.137443,0.143169,100,98.4,1.6,1.88,84.2,838.03,843,4
EV009,8/24/18 6:38 PM,8/24/18 6:41 PM,0.35,0.012858,0.036596,0.049454,100,100,0,0.07,84.2,837.68,837.68,26
EV009,8/24/18 6:28 PM,8/24/18 6:34 PM,0.69,0.026702,0.065374,0.092077,100,100,0,0.1,84.2,836.98,836.98,29
EV009,8/24/18 9:52 AM,8/24/18 10:01 AM,5.55,0.009328,0.146137,0.155464,93.3,91.4,1.9,0.96,66.2,831.43,836.4,6
EV009,8/23/18 7:42 PM,8/23/18 7:54 PM,5.56,0.033164,0.161918,0.195082,96.9,93.3,3.6,1.75,86,825.87,830.84,17
EV009,8/23/18 9:52 AM,8/23/18 10:02 AM,5.56,0.015639,0.158131,0.17377,98.4,96.9,1.5,0.92,68,820.32,825.29,9
EV009,8/22/18 7:17 PM,8/22/18 7:30 PM,5.55,0.042842,0.171366,0.214208,100,99.2,0.8,1.79,86,814.76,819.73,20
EV009,8/22/18 9:51 AM,8/22/18 10:00 AM,5.54,0.012546,0.144284,0.156831,87.1,85.1,2,1.03,71.6,809.22,814.19,8
EV009,8/21/18 11:45 PM,8/21/18 11:51 PM,1.74,0.004672,0.08877,0.093443,87.1,87.1,0,0.11,73.4,807.48,808.72,5
EV009,8/21/18 10:16 PM,8/21/18 10:28 PM,3.41,0.044601,0.158131,0.202732,88.6,87.1,1.5,1,78.8,804.06,806.55,22
EV009,8/21/18 8:43 PM,8/21/18 8:53 PM,2.93,0.030005,0.127918,0.157923,89.4,88.6,0.8,0.47,84.2,801.14,803.63,19
EV009,8/21/18 7:22 PM,8/21/18 7:35 PM,8.19,0.026295,0.192831,0.219126,94.1,89.4,4.7,2.64,86,792.96,800.41,12
EV009,8/21/18 10:49 AM,8/21/18 11:00 AM,5.56,0.021082,0.154601,0.175683,96.5,94.1,2.4,0.9,73.4,787.39,792.36,12
EV009,8/20/18 10:18 PM,8/20/18 10:30 PM,3.8,0.040164,0.151093,0.191257,98.4,96.5,1.9,1.2,80.6,783.6,786.08,21
EV009,8/20/18 7:32 PM,8/20/18 7:42 PM,3.81,0.009852,0.154355,0.164208,98.8,98.4,0.4,0.18,86,779.79,782.28,6
EV009,8/20/18 7:13 PM,8/20/18 7:23 PM,5.47,0.019716,0.159519,0.179235,100,98.8,1.2,1.66,87.8,774.32,779.29,11
EV009,8/20/18 5:06 PM,8/20/18 5:07 PM,0.11,0.005844,0.019566,0.02541,100,100,0,0.02,87.8,774.2,774.2,23
EV009,8/20/18 11:30 AM,8/20/18 11:38 AM,4.7,0.015448,0.124989,0.140437,62,60.8,1.2,0.99,73.4,769.51,773.24,11
EV009,8/20/18 7:14 AM,8/20/18 7:20 AM,1.63,0.015126,0.07941,0.094536,62.7,62.7,0,0.17,69.8,767.88,769.12,16
EV009,8/19/18 11:25 PM,8/20/18 12:06 AM,38.35,0.020828,0.673434,0.694262,83.9,63.1,20.8,12.19,78.8,729.56,766.84,3
EV009,8/19/18 9:11 PM,8/19/18 9:13 PM,0.01,0.031978,0.004361,0.036339,67.1,67.1,0,-0.02,80.6,729.55,729.55,88
EV009,8/19/18 9:09 PM,8/19/18 9:10 PM,0.01,0.004372,0.004372,0.008743,0,0,0,0.01,80.6,,,50
EV009,8/19/18 8:59 PM,8/19/18 9:08 PM,2.43,0.042549,0.104172,0.146721,68.2,67.1,1.1,0.63,82.4,727.1,728.34,29
EV009,8/19/18 8:10 PM,8/19/18 8:57 PM,13.31,0.179978,0.602536,0.782514,71,68.2,2.8,2.36,78.8,713.79,726.22,23
EV009,8/19/18 6:15 PM,8/19/18 6:27 PM,0,0.193716,0,0.193716,52.5,52.5,0,-0.59,82.4,713.79,713.79,100
EV009,8/19/18 5:28 PM,8/19/18 6:15 PM,40.11,0.062426,0.717902,0.780328,66.7,52.5,14.2,8.41,87.8,673.7,713.47,8
EV009,8/19/18 4:54 PM,8/19/18 5:05 PM,5.72,0.031475,0.143388,0.174863,69,66.7,2.3,1.95,89.6,667.98,672.95,18
EV009,8/19/18 3:44 PM,8/19/18 3:47 PM,0.16,0.013464,0.034623,0.048087,15.3,15.3,0,0.06,87.8,667.82,667.82,28
EV009,8/19/18 3:33 PM,8/19/18 3:42 PM,5.8,0.008541,0.133809,0.14235,16.5,15.3,1.2,1.18,91.4,662.03,667,6
EV009,8/18/18 11:59 PM,8/19/18 12:16 AM,12.14,0.01682,0.263508,0.280328,22,16.5,5.5,4.05,80.6,649.9,661.08,6
EV009,8/18/18 9:46 PM,8/18/18 10:04 PM,11.94,0.036,0.264,0.3,26.3,24.3,2,1.49,84.2,637.95,649.14,12
EV009,8/18/18 9:13 PM,8/18/18 9:27 PM,5.42,0.026839,0.21715,0.243989,27.1,26.7,0.4,0.88,84.2,632.54,637.51,11
EV009,8/18/18 7:56 PM,8/18/18 8:11 PM,5.53,0.02738,0.221527,0.248907,30.2,28.2,2,1.12,87.8,627.01,631.98,11
EV009,8/18/18 3:18 PM,8/18/18 4:57 PM,79.04,0.033126,1.623158,1.656284,62,27.5,34.5,19.1,89.6,548.03,626.32,2
EV009,8/18/18 9:57 AM,8/18/18 9:58 AM,0.04,0.006557,0.006557,0.013115,0,0,0,0.02,68,,,50
EV009,8/18/18 8:35 AM,8/18/18 9:56 AM,79.11,0.013593,1.345697,1.35929,97.3,62.4,34.9,20.72,69.8,468.93,547.22,1
EV009,8/17/18 8:09 PM,8/17/18 8:17 PM,3.22,0.005902,0.141639,0.147541,99.6,98,1.6,0.97,86,465.72,468.2,4
EV009,8/17/18 5:43 PM,8/17/18 5:57 PM,5.61,0.009246,0.221902,0.231148,100,99.6,0.4,1.28,87.8,460.11,465.08,4
EV009,8/17/18 10:03 AM,8/17/18 10:14 AM,5.61,0.014055,0.161628,0.175683,85.1,83.5,1.6,1.04,73.4,454.49,459.46,8
EV009,8/16/18 9:28 PM,8/16/18 9:30 PM,0.64,0.005115,0.03423,0.039344,85.1,85.1,0,0,86,453.85,453.85,13
EV009,8/16/18 7:10 PM,8/16/18 7:11 PM,0,0.006557,0,0.006557,0,0,0,0,5792,,,100
EV009,8/16/18 6:58 PM,8/16/18 7:10 PM,6.16,0.036344,0.165568,0.201913,89,85.1,3.9,2.39,87.8,447.69,452.66,18
EV009,8/16/18 9:59 AM,8/16/18 10:09 AM,5.57,0.016557,0.149016,0.165574,91,89,2,0.9,71.6,442.12,447.1,10
EV009,8/15/18 10:45 PM,8/15/18 11:17 PM,9.89,0.073596,0.452087,0.525683,96.5,91.4,5.1,2.78,75.2,432.24,440.94,14
EV009,8/15/18 8:29 PM,8/15/18 8:38 PM,5.86,0.022836,0.140279,0.163115,100,97.6,2.4,2.14,86,426.38,431.35,14
EV009,8/15/18 7:05 PM,8/15/18 7:10 PM,0.61,0.026667,0.056667,0.083333,88.2,88.2,0,0.09,86,425.77,425.77,32
EV009,8/15/18 3:31 PM,8/15/18 3:33 PM,0,0.019475,0.000197,0.019672,56.9,56.9,0,-0.05,84.2,425.77,425.77,99
EV009,8/15/18 3:29 PM,8/15/18 3:30 PM,0,0.004918,0,0.004918,0,0,0,0,5162,,,100
EV009,8/15/18 12:45 PM,8/15/18 12:45 PM,0,0.006831,0,0.006831,0,0,0,-0.02,4802,,,100
EV009,8/15/18 9:46 AM,8/15/18 9:56 AM,5.5,0.014311,0.144705,0.159016,18,16.5,1.5,1.03,66.2,420.26,425.23,9
EV009,8/15/18 2:34 AM,8/15/18 2:56 AM,16.74,0.010738,0.347186,0.357923,29.4,19.2,10.2,5.45,71.6,403.54,419.7,3
EV009,8/14/18 11:48 PM,8/15/18 12:20 AM,17.92,0.080902,0.458443,0.539344,33.7,28.6,5.1,2.84,73.4,385.62,403.02,15
EV009,8/14/18 11:34 PM,8/14/18 11:40 PM,1.73,0.008434,0.085281,0.093716,32.5,32.5,0,0.09,73.4,383.89,385.13,9
EV009,8/14/18 10:23 PM,8/14/18 10:29 PM,1.75,0.005803,0.090918,0.096721,35.7,34.1,1.6,0.57,78.8,382.13,383.38,6
EV009,8/14/18 9:31 PM,8/14/18 9:42 PM,5.61,0.042041,0.140746,0.182787,36.9,33.7,3.2,1.75,82.4,376.52,381.49,23
EV009,8/14/18 8:41 PM,8/14/18 8:54 PM,5.31,0.020164,0.20388,0.224044,37.6,37.6,0,0.42,82.4,371.21,376.18,9
EV009,8/14/18 8:06 PM,8/14/18 8:19 PM,5.33,0.012803,0.200585,0.213388,41.2,38.4,2.8,1.41,84.2,365.88,370.85,6
EV009,8/14/18 7:56 PM,8/14/18 8:00 PM,0.67,0.008893,0.050396,0.05929,41.2,41.2,0,0.13,86,365.21,365.21,15
EV009,8/14/18 7:50 PM,8/14/18 7:54 PM,0.11,0.040795,0.023959,0.064754,41.2,41.2,0,0.07,86,365.09,365.09,63
EV009,8/14/18 7:48 PM,8/14/18 7:49 PM,0,0.009016,0,0.009016,41.6,41.6,0,-0.03,86,365.09,365.09,100
EV009,8/14/18 7:44 PM,8/14/18 7:46 PM,0,0.04071,0,0.04071,41.6,41.6,0,0.02,86,365.09,365.09,100
EV009,8/14/18 3:22 PM,8/14/18 3:25 PM,0,0.052186,0,0.052186,38,38.4,-0.4,-0.27,86,365.09,365.09,100
EV009,8/14/18 12:08 PM,8/14/18 12:09 PM,0.06,0.004087,0.014492,0.018579,21.6,21.6,0,0.02,71.6,365.03,365.03,22
EV009,8/14/18 10:17 AM,8/14/18 10:23 AM,0.97,0.032525,0.072393,0.104918,21.2,21.2,0,0.31,71.6,364.06,364.06,31
EV009,8/13/18 10:07 PM,8/13/18 10:16 PM,0.98,0.068831,0.077617,0.146448,21.6,21.6,0,0.23,82.4,363.07,363.07,47
EV009,8/13/18 9:06 PM,8/13/18 9:12 PM,1.34,0.01223,0.089683,0.101913,21.6,21.6,0,0.36,82.4,361.73,361.73,12
EV009,8/13/18 8:24 PM,8/13/18 8:32 PM,0.97,0.040754,0.082743,0.123497,23.5,22.4,1.1,0.31,82.4,360.75,360.75,33
EV009,8/13/18 10:19 AM,8/13/18 10:25 AM,0.96,0.024112,0.072336,0.096448,24.7,23.5,1.2,0.43,73.4,359.78,359.78,25
EV009,8/12/18 11:49 PM,8/12/18 11:52 PM,0.43,0.016322,0.039962,0.056284,25.1,25.1,0,0.17,78.8,359.36,359.36,29
EV009,8/12/18 11:37 PM,8/12/18 11:40 PM,0.39,0.007617,0.037191,0.044809,25.5,25.1,0.4,0.14,80.6,358.96,358.96,17
EV009,8/12/18 6:57 PM,8/12/18 7:19 PM,13.61,0.025839,0.343287,0.369126,30.2,23.9,6.3,3.4,87.8,345.36,357.78,7
EV009,8/12/18 5:48 PM,8/12/18 6:55 PM,41.56,0.066869,1.047612,1.114481,48.6,30.2,18.4,11.45,89.6,303.82,345.36,6
EV009,8/12/18 3:51 PM,8/12/18 3:53 PM,0,0.030601,0,0.030601,22.4,22.4,0,0.05,87.8,303.82,303.82,100
EV009,8/12/18 1:39 PM,8/12/18 3:47 PM,98.34,0.063648,2.057937,2.121585,63.9,23.5,40.4,23.22,86,205.56,302.49,3
EV009,8/11/18 12:06 AM,8/11/18 12:07 AM,0,0.010656,0,0.010656,18,18,0,0.01,75.2,205.56,205.56,100
EV009,8/11/18 12:04 AM,8/11/18 12:06 AM,0.02,0.018612,0.01718,0.035792,0,0,0,0.06,75.2,,,52
EV009,8/10/18 5:15 PM,8/10/18 6:55 PM,61.36,0.116839,1.552287,1.669126,44.3,17.3,27,16.93,91.4,144.19,205.08,7
EV009,8/10/18 2:30 PM,8/10/18 4:40 PM,88.94,0.173355,1.993585,2.16694,82.4,45.1,37.3,21.65,91.4,55.31,143.55,8
EV009,8/10/18 2:03 PM,8/10/18 2:30 PM,13.35,0.069945,0.367213,0.437158,86.7,82.4,4.3,2.46,91.4,41.95,54.38,16
EV009,8/7/18 10:21 AM,8/7/18 10:25 AM,0.89,0.021541,0.05824,0.079781,87.1,86.7,0.4,0.28,78.8,41.06,41.06,27
EV009,8/7/18 10:15 AM,8/7/18 10:19 AM,0.59,0.023503,0.045623,0.069126,87.5,87.1,0.4,0.19,78.8,40.46,40.46,34
EV009,8/6/18 10:08 PM,8/6/18 10:14 PM,1.04,0.017046,0.083227,0.100273,88.2,87.8,0.4,0.31,89.6,39.42,39.42,17
EV009,8/6/18 9:04 PM,8/6/18 9:10 PM,1.07,0.015839,0.077331,0.093169,89,88.2,0.8,0.35,89.6,38.34,38.34,17
EV009,8/6/18 8:35 PM,8/6/18 8:41 PM,0.99,0.02459,0.077869,0.102459,89,89,0,0.23,89.6,37.35,37.35,24
EV009,8/3/18 8:10 PM,8/3/18 8:12 PM,0.01,0.010443,0.010869,0.021311,0,0,0,0.05,87.8,,,49
EV009,8/3/18 10:20 AM,8/3/18 10:26 AM,0.97,0.022732,0.064699,0.087432,86.7,86.3,0.4,0.37,77,36.36,36.36,26
EV009,8/2/18 9:58 PM,8/2/18 10:07 PM,1.03,0.05341,0.094951,0.148361,87.5,87.5,0,0.33,84.2,35.32,35.32,36
EV009,7/31/18 4:27 PM,7/31/18 4:34 PM,0,0.107104,0,0.107104,87.5,87.5,0,0.11,86,35.32,35.32,100
EV009,7/31/18 4:23 PM,7/31/18 4:24 PM,0,0.008743,0,0.008743,87.5,87.5,0,0.01,86,35.32,35.32,100
