Vehicle ID,Local Trip Start Time,Local Trip End Time,Total Distance,Idling Time,Driving Time,Total Run Time,Initial SOC,Final SOC,SOC Used,Total Energy Consumption,Average Ambient Temperature,Initial Odometer,Final Odometer,Percent Idling Time,Drive Cycle,Average Speed
EV192,10/03/2022 07:09:00,10/03/2022 08:52:00,26,0.09,1.33,1.4100000000000001,100,71.2,28.8,61.6,69.075,958,984,0.06338028169014083,,19.190349002849004
EV192,10/03/2022 14:18:00,10/03/2022 15:47:00,28,0.23,1.1,1.33,100,74,26,55.6,75.3,984,1012,0.17293233082706766,,21.377646824979244
EV192,10/04/2022 07:07:00,10/04/2022 08:56:00,26,0.12000000000000001,1.39,1.51,74,51.2,22.8,48.8,67.275,1012,1038,0.07947019867549669,,17.576704733531944
EV192,10/05/2022 06:25:00,10/05/2022 08:54:00,28,0.27,1.4000000000000001,1.65,100,72.8,27.2,58.3,65.85,1038,1066,0.16167664670658682,,10.541910599022668
EV192,10/05/2022 11:27:00,10/05/2022 12:39:00,11,0.21000000000000002,0.74,0.9400000000000001,88.8,78,10.799999999999999,23.099999999999998,73.5,1066,1077,0.2210526315789474,,10.948185367264315
EV192,10/05/2022 14:02:00,10/05/2022 14:24:00,13,0.02,0.33,0.35,86,76.8,9.2,19.7,74.6,1077,1090,0.05714285714285714,,33.74285714285715
EV192,10/05/2022 14:45:00,10/05/2022 15:58:00,17,0.11,0.8899999999999999,1.01,76.8,60.8,16,34.3,72.3,1090,1107,0.11000000000000001,,16.35
EV192,10/06/2022 07:14:00,10/06/2022 09:00:00,26,0.1,1.4,1.49,100,76,24,51.3,65.8,1107,1133,0.06666666666666667,,17.61811081638668
EV192,10/06/2022 14:20:00,10/06/2022 16:13:00,30,0.15000000000000002,1.4,1.55,100,74.8,25.2,54,73.15,1133,1163,0.09677419354838712,,14.869687804171729
EV192,10/12/2022 06:43:00,10/12/2022 09:06:00,28,0.5399999999999999,1.49,2.03,74.8,47.6,27.200000000000003,58.2,67,1163,1191,0.2660098522167488,,15.162381894089211
EV192,10/13/2022 07:05:00,10/13/2022 08:48:00,26,0.12000000000000001,1.34,1.45,96.4,70.8,25.6,54.8,66.8,1191,1217,0.0821917808219178,,16.713183568677792
EV192,10/13/2022 14:25:00,10/13/2022 16:05:00,29,0.22,1.26,1.49,100,77.2,22.8,48.7,70.3333333333333,1217,1246,0.14864864864864866,,19.956237562615797
EV192,10/14/2022 07:01:00,10/14/2022 08:43:00,27,0.07,1.3,1.36,100,75.2,24.8,53,64.5,1246,1273,0.051094890510948905,,13.149280560709132
EV192,10/14/2022 14:22:00,10/14/2022 16:27:00,31,0.33,1.49,1.79,100,73.6,26.4,56.6,69.08,1273,1304,0.1813186813186813,,14.150222103234036
EV192,10/17/2022 06:43:00,10/17/2022 08:55:00,27,0.33,1.32,1.65,100,69.2,30.799999999999997,66,62.4,1304,1331,0.19999999999999998,,10.555334138486312
EV192,10/17/2022 14:21:00,10/17/2022 15:58:00,29,0.11,1.35,1.46,100,72.8,27.2,58.3,73.6,1331,1360,0.07534246575342465,,21.296969696969697
EV192,10/20/2022 07:14:00,10/20/2022 09:02:00,26,0.13999999999999999,1.35,1.5,100,75.6,24.4,52.2,72.575,1361,1387,0.09395973154362415,,17.898544969465178
EV192,10/20/2022 12:38:00,10/20/2022 13:58:00,28,0.11,1.02,1.13,95.2,66.8,28.4,60.8,83.275,1387,1415,0.09734513274336282,,18.951431502833692
EV192,10/21/2022 06:57:00,10/21/2022 08:52:00,27,0.16999999999999998,1.34,1.51,100,74.8,25.2,53.900000000000006,65.275,1415,1442,0.11258278145695363,,10.076043688112653
EV192,10/21/2022 14:28:00,10/21/2022 15:29:00,23,0.15,0.85,1,100,78.8,21.200000000000003,45.3,75.2,1442,1465,0.15,,24.079166666666666
EV192,10/24/2022 07:08:00,10/24/2022 08:47:00,26,0.05,1.31,1.36,100,73.2,26.8,57.4,57.76,1465,1491,0.03676470588235294,,18.919715007215007
EV192,10/24/2022 14:17:00,10/24/2022 15:58:00,29,0.14,1.23,1.37,73.2,44.8,28.4,60.7,73.5333333333333,1491,1520,0.10218978102189781,,21.93872363760319
EV192,10/25/2022 07:07:00,10/25/2022 07:54:00,12,0.03,0.5800000000000001,0.6100000000000001,100,86.8,13.2,28.3,55.9666666666667,1520,1532,0.04918032786885245,,15.877289377289376
EV192,11/08/2022 06:41:00,11/08/2022 09:29:00,31,0.3,1.6099999999999999,1.91,100,63.2,36.800000000000004,78.7,62.38,1785,1816,0.15706806282722513,,9.212316715542523
EV192,11/09/2022 06:50:00,11/09/2022 09:01:00,27,0.2,1.46,1.6700000000000002,100,70,30,64.3,55.7375,1816,1843,0.12048192771084339,,9.626543368122018
EV192,11/09/2022 11:22:00,11/09/2022 12:39:00,12,0.18000000000000002,0.72,0.91,70,57.6,12.4,26.5,62.2666666666667,1843,1855,0.2,,11.572435897435899
EV192,11/09/2022 14:13:00,11/09/2022 15:56:00,29,0.21000000000000002,1.21,1.4,67.6,43.2,24.4,52.2,63.4333333333333,1855,1884,0.147887323943662,,21.16435185185185
EV192,11/10/2022 07:11:00,11/10/2022 09:04:00,26,0.12,1.29,1.4100000000000001,100,72,28,59.800000000000004,52.95,1884,1910,0.08510638297872339,,18.926923076923078
EV192,11/10/2022 12:28:00,11/10/2022 12:48:00,12,0,0.32,0.32,96.4,86.4,10,21.4,64.4,1910,1922,0,,36.90625
EV192,11/10/2022 13:11:00,11/10/2022 14:21:00,17,0.15,0.84,0.99,86.4,68.4,18,38.5,65.2333333333333,1922,1939,0.15151515151515152,,14.325551615445233
EV192,11/14/2022 07:19:00,11/14/2022 08:47:00,21,0.14,1.14,1.28,93.2,69.2,24,51.300000000000004,56.1333333333333,1946,1967,0.10937500000000003,,16.018810091430666
EV192,11/14/2022 11:38:00,11/14/2022 12:58:00,18,0.06,0.7,0.76,86,70,16,34.2,78.8333333333333,1967,1985,0.07894736842105263,,16.642857142857142
EV192,11/14/2022 14:15:00,11/14/2022 16:01:00,44,0.25,1.3900000000000001,1.64,77.6,41.6,36,77.1,67.3333333333333,1985,2029,0.1524390243902439,,18.75963963963964
EV192,11/15/2022 06:25:00,11/15/2022 08:53:00,27,0.41000000000000003,1.34,1.76,100,71.6,28.4,60.8,53.0375,2029,2056,0.2342857142857143,,10.124945887445886
EV192,11/15/2022 12:44:00,11/15/2022 13:54:00,27,0.21,0.9299999999999999,1.1400000000000001,93.2,72,21.2,45.4,73.1,2056,2083,0.1842105263157895,,24.029113924050634
EV192,11/15/2022 14:46:00,11/15/2022 17:06:00,28,0.27999999999999997,1.5,1.77,72,46.4,25.6,54.7,64.875,2083,2111,0.15730337078651682,,12.245128214467837
EV192,11/16/2022 06:57:00,11/16/2022 08:47:00,26,0.16,1.31,1.47,100,70,30,64.2,53.1428571428571,2111,2137,0.108843537414966,,7.989867679490321
EV192,11/16/2022 11:23:00,11/16/2022 12:35:00,12,0.21000000000000002,0.65,0.86,85.2,72,13.2,28.3,75.3,2137,2149,0.2441860465116279,,12.599244505494505
EV192,11/16/2022 14:12:00,11/16/2022 15:58:00,29,0.19,1.17,1.36,82.8,56.4,26.4,56.5,71.6,2149,2178,0.13970588235294118,,22.487662141779786
EV192,11/17/2022 06:56:00,11/17/2022 08:52:00,28,0.23,1.37,1.59,100,71.2,28.8,61.6,53.425,2178,2206,0.14375,,10.924428844605474
EV192,11/17/2022 12:31:00,11/17/2022 14:04:00,40,0.1,1.27,1.37,96,61.2,34.8,74.4,70.6,2206,2246,0.072992700729927,,29.66068580542265
EV192,11/28/2022 06:54:00,11/28/2022 08:54:00,28,0.23,1.36,1.6,100,73.2,26.8,57.300000000000004,56.7428571428571,2246,2274,0.14465408805031446,,11.604627297904608
EV192,11/28/2022 14:26:00,11/28/2022 16:34:00,42,0.11000000000000001,1.78,1.8900000000000001,100,62.8,37.2,79.7,60.6666666666667,2274,2316,0.058201058201058205,,23.905445795339414
EV192,11/29/2022 06:55:00,11/29/2022 09:04:00,28,0.22,1.38,1.61,100,73.2,26.8,57.4,55.7428571428571,2316,2344,0.1375,,11.944942031148928
EV192,11/29/2022 12:49:00,11/29/2022 15:30:00,61,0.18,1.96,2.14,96.8,43.2,53.6,114.7,63.64,2344,2405,0.08411214953271028,,26.659942595459235
EV192,11/30/2022 06:53:00,11/30/2022 08:43:00,25,0.2,1.22,1.42,100,72.8,27.2,58.3,53.8714285714286,2405,2430,0.14084507042253522,,10.112468435650122
EV192,11/30/2022 11:31:00,11/30/2022 12:56:00,11,0.15000000000000002,0.74,0.89,90,75.2,14.8,31.6,61.65,2430,2441,0.16853932584269665,,9.628472222222221
EV192,12/01/2022 07:07:00,12/01/2022 10:19:00,54,0.21000000000000002,2.33,2.53,99.6,45.2,54.4,116.4,58.775,2441,2495,0.08267716535433071,,15.514248768472907
EV192,12/01/2022 14:20:00,12/01/2022 16:24:00,33,0.39,1.43,1.81,73.6,42.8,30.8,65.9,62.6,2495,2528,0.2142857142857143,,18.50470673117732
EV192,12/02/2022 06:54:00,12/02/2022 08:29:00,18,0.24,1.08,1.32,100,78.4,21.6,46.1,54.3142857142857,2528,2546,0.1818181818181818,,8.831385058114899
EV192,12/02/2022 08:57:00,12/02/2022 09:16:00,9,0.02,0.3,0.32,78.4,68.4,10,21.4,63,2546,2555,0.0625,,29.125
EV192,12/02/2022 14:25:00,12/02/2022 16:38:00,40,0.18,1.72,1.89,100,60,40,85.60000000000001,63.025,2555,2595,0.09473684210526316,,17.512394030266222
EV192,12/05/2022 07:04:00,12/05/2022 09:06:00,27,0.22,1.38,1.61,99.6,69.6,30,64.1,59.65,2595,2622,0.1375,,16.312897739741057
EV192,12/05/2022 11:41:00,12/05/2022 13:22:00,30,0.04,1.37,1.4100000000000001,85.6,56.8,28.8,61.6,64.5,2622,2652,0.028368794326241134,,18.27958305462653
EV192,12/05/2022 14:02:00,12/05/2022 14:24:00,12,0.04,0.32,0.36,60.8,52.8,8,17.1,63.6,2652,2664,0.11111111111111112,,32.80555555555556
EV192,12/05/2022 14:48:00,12/05/2022 16:21:00,28,0.13,1.31,1.44,52.8,30.8,22,47.1,62.75,2664,2692,0.09027777777777779,,17.784103114930183
EV192,12/06/2022 07:10:00,12/06/2022 08:52:00,26,0.08,1.33,1.4100000000000001,99.6,67.6,32,68.5,55.05,2692,2718,0.05673758865248227,,19.231858974358975
EV192,12/06/2022 12:45:00,12/06/2022 14:03:00,27,0.22,0.93,1.15,92.4,72,20.4,43.7,64.0666666666667,2718,2745,0.19130434782608693,,20.506899985773224
EV192,12/06/2022 14:44:00,12/06/2022 16:31:00,28,0.11,1.53,1.64,72,44.4,27.6,59.1,62.9333333333333,2745,2773,0.06707317073170731,,10.479628422425032
EV192,12/07/2022 06:47:00,12/07/2022 09:12:00,28,0.45,1.3800000000000001,1.83,100,67.6,32.4,69.4,53.9375,2773,2801,0.2459016393442623,,10.611660040117487
EV192,12/07/2022 11:17:00,12/07/2022 12:39:00,12,0.27,0.76,1.04,81.6,67.2,14.4,30.9,64.95,2801,2813,0.2621359223300971,,7.960400049850449
EV192,12/07/2022 13:43:00,12/07/2022 14:11:00,13,0,0.47,0.47,73.6,64.4,9.2,19.7,62.9,2813,2826,0,,27.765957446808514
EV192,12/07/2022 14:50:00,12/07/2022 16:43:00,29,0.31,1.5,1.81,64.4,35.6,28.8,61.7,61.95,2826,2855,0.1712707182320442,,14.144673123486683
EV192,12/08/2022 06:59:00,12/08/2022 08:23:00,16,0.1,0.95,1.04,100,78,22,47.1,45.6555555555556,2855,2871,0.09523809523809523,,7.8146031746031746
EV192,12/08/2022 08:44:00,12/08/2022 09:06:00,10,0.02,0.34,0.37,77.6,68,9.6,20.5,57.5,2871,2881,0.05555555555555555,,25.18918918918919
EV192,12/08/2022 11:40:00,12/08/2022 13:09:00,26,0.13,1.14,1.27,84.4,61.2,23.2,49.599999999999994,61.45,2881,2907,0.10236220472440945,,18.300985747559892
EV192,12/09/2022 06:56:00,12/09/2022 08:55:00,26,0.24000000000000002,1.33,1.57,100,66.4,33.2,71.10000000000001,48.45,2907,2933,0.15286624203821655,,9.07011006422771
EV192,12/09/2022 14:22:00,12/09/2022 16:02:00,28,0.23,1.25,1.47,100,66.8,33.2,71.1,61.3,2933,2961,0.1554054054054054,,19.904578754578758
EV192,12/12/2022 06:51:00,12/12/2022 08:44:00,28,0.06,1.42,1.49,96.8,66.4,30.400000000000002,65,46.0333333333333,2961,2989,0.04054054054054054,,15.407380285563647
EV192,12/12/2022 14:26:00,12/12/2022 15:46:00,23,0.13,0.9299999999999999,1.06,100,78,22,47.2,55.9666666666667,2989,3012,0.12264150943396226,,21.40757808499744
EV192,12/13/2022 06:59:00,12/13/2022 08:52:00,27,0.17,1.37,1.55,100,67.6,32.4,69.3,46.1166666666667,3012,3039,0.1103896103896104,,11.608311170212765
EV192,12/15/2022 06:54:00,12/15/2022 08:21:00,17,0.15,0.99,1.1300000000000001,100,82.4,17.6,37.6,45.9,3077,3094,0.13157894736842105,,9.240175042348955
EV192,12/15/2022 12:46:00,12/15/2022 14:30:00,41,0.15000000000000002,1.42,1.58,96.8,57.2,39.6,84.8,62.1,3104,3145,0.09554140127388537,,25.718703703703703
EV192,12/16/2022 07:00:00,12/16/2022 08:49:00,25,0.12,1.21,1.32,100,70.4,29.2,62.6,51.4285714285714,3145,3170,0.09022556390977443,,11.099718348878012
EV192,12/16/2022 11:34:00,12/16/2022 13:22:00,30,0.17,1.34,1.51,88.4,55.6,32.8,70.2,67.2333333333333,3170,3200,0.11258278145695365,,14.39596450617284
EV192,01/04/2023 07:04:00,01/04/2023 09:00:00,30,0.28,1.3800000000000001,1.6600000000000001,100,70.4,29.2,62.5,57.84,3200,3230,0.1686746987951807,,9.20909948137671
EV192,01/05/2023 06:55:00,01/05/2023 08:57:00,28,0.81,1.18,1.99,100,72.8,27.2,58.2,55.8,3230,3258,0.407035175879397,,4.721934369602764
EV192,01/05/2023 14:20:00,01/05/2023 16:26:00,37,0.2,1.73,1.92,100,61.2,38.800000000000004,83,60.3333333333333,3258,3295,0.10362694300518135,,18.034343434343434
EV192,01/06/2023 07:11:00,01/06/2023 08:35:00,27,0.24000000000000002,1.09,1.33,100,70,30,64.2,48.9666666666667,3295,3322,0.1804511278195489,,6.904392764857881
EV192,01/06/2023 15:03:00,01/06/2023 16:13:00,20,0.04,1.03,1.07,100,82.4,17.599999999999998,37.7,60.1666666666667,3322,3342,0.037383177570093455,,16.619744415179007
EV192,01/17/2023 15:00:00,01/17/2023 17:12:00,31,0.44,1.54,1.98,100,67.2,32.8,70.2,58.125,3343,3374,0.22222222222222224,,8.791864691081912
EV192,01/19/2023 06:55:00,01/19/2023 09:04:00,29,0.53,1.45,1.98,100,60.8,39.199999999999996,83.9,50.7,3374,3403,0.2676767676767677,,12.421652421652421
EV192,01/19/2023 14:29:00,01/19/2023 15:59:00,33,0.04,1.35,1.3900000000000001,97.2,63.6,33.6,71.9,59.2666666666667,3403,3436,0.028776978417266185,,24.41795051353875
EV192,01/23/2023 07:08:00,01/23/2023 09:04:00,29,0.35,1.5299999999999998,1.88,100,63.2,36.8,78.7,49.3,3436,3465,0.18617021276595744,,17.130434782608695
EV192,01/23/2023 15:04:00,01/23/2023 16:34:00,20,0.26,1.24,1.49,100,83.2,16.8,36,61,3465,3485,0.17333333333333334,,13.34228187919463
EV192,01/24/2023 14:42:00,01/24/2023 16:32:00,23,0.36000000000000004,1.25,1.61,100,81.2,18.8,40.2,63.5,3485,3508,0.2236024844720497,,7.034591194968553
EV192,01/25/2023 06:59:00,01/25/2023 09:05:00,30,0.29000000000000004,1.62,1.92,100,70.4,29.6,63.4,51.2666666666667,3508,3538,0.1518324607329843,,16.668512043512045
EV192,01/25/2023 15:15:00,01/25/2023 16:39:00,21,0.2,1.2,1.4,100,83.2,16.8,36,63.1,3538,3559,0.14285714285714288,,14.650000000000002
EV192,01/26/2023 06:51:00,01/26/2023 09:05:00,30,0.27,1.67,1.94,100,74,25.6,54.8,60.12,3559,3589,0.13917525773195877,,9.193963384463137
EV192,01/26/2023 14:08:00,01/26/2023 17:05:00,42,0.49,2.1399999999999997,2.63,100,62.8,37.2,79.60000000000001,67.8,3589,3631,0.18631178707224336,,16.085216572504706
EV192,01/27/2023 07:01:00,01/27/2023 08:38:00,31,0.26,1.31,1.56,100,68,32,68.5,52.3,3631,3662,0.16560509554140126,,22.202512934220252
EV192,01/27/2023 15:09:00,01/27/2023 16:18:00,20,0.22,0.93,1.15,100,83.2,16.8,36,63.8,3662,3682,0.19130434782608693,,17.286956521739132
EV192,01/31/2023 07:02:00,01/31/2023 08:58:00,30,0.36,1.52,1.88,100,68,32,68.5,51.9,3682,3712,0.19148936170212766,,15.867021276595745
EV192,01/31/2023 15:08:00,01/31/2023 17:01:00,24,0.21000000000000002,1.2699999999999998,1.48,100,77.2,22.8,48.8,59.7,3712,3736,0.14189189189189194,,9.097476597476597
EV192,02/01/2023 07:06:00,02/01/2023 08:49:00,30,0.23,1.49,1.72,100,70.8,29.2,62.5,49.1,3736,3766,0.13372093023255816,,16.97674418604651
EV192,02/01/2023 12:18:00,02/01/2023 14:07:00,31,0.15,1.3699999999999999,1.52,94,64,30,64.2,69.05,3766,3797,0.0986842105263158,,16.630656934306568
EV192,02/02/2023 07:03:00,02/02/2023 08:47:00,29,0.32,1.41,1.74,100,69.6,30.4,65.1,50.6,3797,3826,0.18497109826589597,,16.7816091954023
EV192,02/02/2023 14:15:00,02/02/2023 16:58:00,44,0.5,2.18,2.69,88.8,50.4,38.4,82.2,67.2333333333333,3826,3870,0.18656716417910446,,5.430711610486892
EV192,02/03/2023 06:58:00,02/03/2023 08:48:00,30,0.34,1.48,1.83,100,74.8,25.2,53.9,53.7,3870,3900,0.18681318681318682,,16.30054644808743
EV192,02/03/2023 15:07:00,02/03/2023 17:03:00,21,0.42,1.3,1.71,100,82.4,17.599999999999998,37.699999999999996,63.85,3900,3921,0.2441860465116279,,6.659090909090909
EV192,02/06/2023 07:09:00,02/06/2023 08:48:00,31,0.06,1.58,1.6500000000000001,100,71.2,28.8,61.6,54.05,3921,3952,0.036585365853658534,,21.890151515151516
EV192,02/06/2023 13:42:00,02/06/2023 16:28:00,44,0.52,2,2.5300000000000002,100,59.6,40.4,86.5,62.8333333333333,3952,3996,0.20634920634920637,,16.700883838383838
EV192,02/07/2023 06:49:00,02/07/2023 08:51:00,30,0.45,1.54,1.99,100,68.4,31.6,67.6,50.8,3996,4026,0.22613065326633167,,5.506743737957611
EV192,02/07/2023 13:53:00,02/07/2023 14:29:00,17,0.03,0.59,0.62,100,85.2,14.8,31.7,69.2,4026,4043,0.04838709677419355,,28.064516129032256
EV192,02/07/2023 14:53:00,02/07/2023 16:36:00,25,0.34,1.37,1.72,85.2,58.8,26.4,56.5,67.9,4043,4068,0.19883040935672514,,14.447674418604652
EV192,02/08/2023 07:15:00,02/08/2023 08:53:00,30,0.16,1.47,1.63,100,70.4,29.6,63.3,54.4,4068,4098,0.09815950920245399,,17.914110429447852
EV192,02/08/2023 12:11:00,02/08/2023 14:45:00,45,0.34,1.9,2.2399999999999998,92.8,51.2,41.6,89,70.7,4098,4143,0.1517857142857143,,16.45598086124402
EV192,02/09/2023 07:12:00,02/09/2023 08:58:00,30,0.19,1.58,1.77,100,70,30,64.2,57.8,4143,4173,0.10734463276836158,,16.497175141242938
EV192,02/09/2023 14:09:00,02/09/2023 16:36:00,42,0.25,1.8499999999999999,2.1,100,60,40,85.7,77.925,4173,4215,0.11904761904761907,,13.41351560985069
EV192,02/10/2023 13:22:00,02/10/2023 15:15:00,36,0.19,1.44,1.6300000000000001,100,67.2,32.8,70.2,74.55,4245,4281,0.11656441717791412,,23.77389705882353
EV192,02/10/2023 15:52:00,02/10/2023 16:16:00,16,0,0.4,0.4,67.2,52,15.2,32.5,70.4,4281,4297,0,,38.824999999999996
EV192,02/13/2023 07:03:00,02/13/2023 08:41:00,30,0.35,1.29,1.63,100,73.6,26.4,56.5,49.9,4297,4327,0.21341463414634143,,17.533742331288344
EV192,02/13/2023 15:03:00,02/13/2023 16:06:00,19,0.14,0.92,1.05,100,82,18,38.5,59,4327,4346,0.1320754716981132,,18.342857142857145
EV192,02/14/2023 07:16:00,02/14/2023 08:48:00,29,0.07,1.46,1.53,100,70.8,29.2,62.5,54.2,4346,4375,0.04575163398692811,,18.6797385620915
EV192,02/14/2023 15:02:00,02/14/2023 16:07:00,20,0.12,0.95,1.07,100,81.6,18.4,39.400000000000006,52.9,4375,4395,0.11214953271028039,,19.17073934837093
EV192,02/15/2023 06:58:00,02/15/2023 08:47:00,29,0.13,1.47,1.6,100,70.8,29.2,62.5,45.7333333333333,4395,4424,0.08125,,21.32168458781362
EV192,02/15/2023 12:15:00,02/15/2023 13:59:00,32,0.28,1.3499999999999999,1.63,93.6,63.6,30,64.2,60.35,4424,4456,0.1717791411042945,,16.74658385093168
EV192,02/15/2023 15:01:00,02/15/2023 16:15:00,20,0.21,1.03,1.24,63.6,46,17.6,37.7,59.9,4456,4476,0.1693548387096774,,15.53225806451613
EV192,02/16/2023 07:06:00,02/16/2023 09:12:00,30,0.31000000000000005,1.54,1.85,100,69.2,30.8,66,53.0333333333333,4476,4506,0.16756756756756758,,12.029966219897569
EV192,02/16/2023 14:40:00,02/16/2023 16:20:00,37,0.21,1.46,1.67,97.2,60,37.2,79.6,65,4510,4547,0.12574850299401197,,21.952095808383234
EV192,02/21/2023 06:59:00,02/21/2023 08:46:00,29,0.11,1.5099999999999998,1.62,100,70,30,64.2,52.45,4547,4576,0.06790123456790124,,20.88843243243243
EV192,02/21/2023 15:07:00,02/21/2023 16:15:00,20,0.26,0.87,1.13,100,80.8,19.2,41.1,60,4576,4596,0.23008849557522126,,17.044247787610622
EV192,02/22/2023 07:09:00,02/22/2023 08:42:00,29,0.12,1.43,1.55,100,72,28,59.9,50.9,4596,4625,0.07741935483870968,,19.245161290322578
EV192,02/22/2023 12:36:00,02/22/2023 14:02:00,26,0.18,1.25,1.44,95.2,95.2,24,51.4,55.3,4629,4629,0.1258741258741259,,9.342657342657343
EV192,02/22/2023 14:57:00,02/22/2023 16:07:00,19,0.18000000000000002,0.87,1.04,71.2,53.6,17.6,37.7,52.3,4655,4674,0.17142857142857143,,20.315402298850575
EV192,02/23/2023 07:12:00,02/23/2023 08:42:00,29,0.09,1.41,1.5,100,68,32,68.5,48.8,4675,4704,0.06,,19.05333333333333
EV192,02/23/2023 11:39:00,02/23/2023 13:13:00,29,0.09,1.04,1.12,90,61.2,28.8,61.6,53.1333333333333,4704,4733,0.07964601769911503,,24.787790577645648
EV192,02/24/2023 07:13:00,02/24/2023 08:46:00,30,0.09,1.45,1.54,100,70.4,29.6,63.3,51.7,4733,4763,0.05844155844155844,,19.37012987012987
EV192,02/24/2023 15:02:00,02/24/2023 17:09:00,46,0.34,1.77,2.11,100,57.2,42.8,91.6,59.8,4763,4809,0.16113744075829387,,21.791469194312796
EV192,02/27/2023 14:41:00,02/27/2023 17:05:00,47,0.48,1.67,2.16,100,59.6,40.4,86.5,59.925,4809,4856,0.22325581395348837,,5.986979166666666
EV192,02/28/2023 07:09:00,02/28/2023 08:47:00,29,0.06,1.57,1.63,100,72.8,27.2,58.2,53,4856,4885,0.03680981595092024,,17.914110429447852
EV192,02/28/2023 15:08:00,02/28/2023 16:59:00,46,0.13,1.72,1.85,100,59.6,40.4,86.5,56,4885,4931,0.07027027027027027,,24.518918918918917
EV192,03/01/2023 07:14:00,03/01/2023 08:45:00,29,0.09,1.43,1.51,100,69.6,30.4,65.1,51.7,4931,4960,0.05921052631578947,,18.927152317880793
EV192,03/01/2023 12:18:00,03/01/2023 13:44:00,27,0.13,1.1199999999999999,1.25,94.8,68.4,26.400000000000002,56.5,55,4960,4987,0.10400000000000001,,11.353395061728394
EV192,03/01/2023 15:07:00,03/01/2023 17:00:00,46,0.26,1.62,1.88,68.4,22.8,45.6,97.6,50.3,4987,5033,0.13829787234042554,,24.127659574468087
EV192,03/02/2023 07:14:00,03/02/2023 08:43:00,30,0.1,1.4,1.49,98.4,62,36.4,77.9,47.6,5033,5063,0.06666666666666667,,20.020134228187917
EV192,03/02/2023 14:14:00,03/02/2023 16:19:00,42,0.35,1.74,2.09,99.2,46,53.2,113.9,60.7,5063,5105,0.1674641148325359,,19.91866028708134
EV192,03/03/2023 07:11:00,03/03/2023 08:44:00,30,0.17,1.39,1.56,100,66.8,33.2,71.1,49.4,5105,5135,0.10897435897435899,,19.12179487179487
EV192,03/03/2023 15:07:00,03/03/2023 17:33:00,51,0.29,1.98,2.27,100,45.6,54.400000000000006,116.5,59,5135,5186,0.1277533039647577,,17.631603773584906
EV192,03/07/2023 07:12:00,03/07/2023 09:48:00,53,0.33,2.27,2.6,100,44.8,55.2,118.1,52.6,5186,5239,0.12692307692307692,,20.315384615384616
EV192,03/07/2023 15:11:00,03/07/2023 17:16:00,46,0.28,1.8,2.08,82.8,39.6,43.2,92.5,57.1,5239,5285,0.13461538461538464,,22.10576923076923
EV192,03/08/2023 07:11:00,03/08/2023 09:55:00,58,0.13,2.37,2.5,100,44.8,55.2,118.1,54.825,5285,5343,0.052000000000000005,,22.01884360365373
EV192,03/08/2023 10:59:00,03/08/2023 11:11:00,5,0,0.2,0.2,44.8,38.8,6,12.8,71.4,5343,5348,0,,21.749999999999996
EV192,03/09/2023 07:14:00,03/09/2023 09:39:00,54,0.19,2.22,2.41,100,45.6,54.4,116.4,53.9,5348,5402,0.07883817427385892,,22.431535269709542
EV192,03/10/2023 07:14:00,03/10/2023 09:31:00,52,0.14,2.14,2.29,100,46.4,53.6,114.7,56.5,5402,5454,0.06140350877192982,,22.79475982532751
EV192,03/10/2023 10:42:00,03/10/2023 10:54:00,5,0,0.2,0.2,46.4,41.6,4.8,10.3,62.7,5454,5459,0,,21.749999999999996
EV192,03/13/2023 07:03:00,03/13/2023 09:27:00,53,0.36,2.04,2.4,100,48.4,51.6,110.4,55,5459,5512,0.15,,22.008333333333333
EV192,03/13/2023 15:10:00,03/13/2023 16:19:00,19,0.11000000000000001,0.92,1.04,88.4,69.2,19.2,41.1,67.1,5512,5531,0.10679611650485438,,18.75859213250518
EV192,03/14/2023 06:57:00,03/14/2023 09:33:00,53,0.25,2.1,2.3499999999999996,100,48.8,51.2,109.6,55.8,5531,5584,0.10638297872340426,,11.210869565217392
EV192,03/14/2023 15:11:00,03/14/2023 17:31:00,47,0.48,1.86,2.34,88.8,45.6,43.2,92.5,67.8,5584,5631,0.20512820512820512,,20.17948717948718
EV192,03/15/2023 07:15:00,03/15/2023 10:25:00,55,0.43,2.5,2.93,100,38.8,61.199999999999996,131,57.6666666666667,5631,5686,0.14675767918088736,,16.215813305468476
EV192,04/06/2023 06:53:00,04/06/2023 09:45:00,53,0.21,2.1999999999999997,2.43,99.2,48,51.2,109.60000000000001,60.475,5705,5758,0.08713692946058092,,9.719397993311036
EV192,04/06/2023 14:11:00,04/06/2023 16:11:00,38,0.16,1.59,1.75,79.2,40.8,38.4,82.19999999999999,74.55,5758,5796,0.09142857142857143,,18.88010485651214
EV192,04/07/2023 07:15:00,04/07/2023 09:35:00,53,0.16999999999999998,2.04,2.21,100,49.2,50.8,108.8,58.65,5796,5849,0.07692307692307691,,28.935842541436465
EV192,04/07/2023 15:07:00,04/07/2023 17:09:00,47,0.30000000000000004,1.73,2.02,88.8,44.8,44,94.2,67.55,5849,5896,0.1477832512315271,,15.150749063670412
EV192,04/11/2023 07:14:00,04/11/2023 09:44:00,52,0.2,2.26,2.46,99.2,48.8,50.4,107.8,54.9,5896,5948,0.0813008130081301,,22.613338902812586
EV192,04/11/2023 15:02:00,04/11/2023 17:00:00,41,0.35,1.41,1.76,90,50.4,39.6,84.7,66.4666666666667,5948,5989,0.19886363636363638,,11.717142857142857
EV192,04/12/2023 07:15:00,04/12/2023 09:29:00,52,0.14,2.0100000000000002,2.15,100,48,52,111.30000000000001,56.5,5989,6041,0.06511627906976744,,29.111785714285713
EV192,04/14/2023 07:14:00,04/14/2023 09:29:00,52,0.17,2,2.17,100,43.2,56.800000000000004,121.6,54.575,6041,6093,0.0783410138248848,,14.76507867132867
EV192,04/14/2023 15:12:00,04/14/2023 17:10:00,47,0.37,1.6,1.97,85.2,35.6,49.6,106.1,62.9,6093,6140,0.1878172588832487,,23.340101522842637
EV192,04/17/2023 07:05:00,04/17/2023 09:32:00,53,0.11,2.06,2.17,100,44,56,119.89999999999999,54.7333333333333,6140,6193,0.05069124423963134,,18.605258467023173
EV192,04/17/2023 15:04:00,04/17/2023 17:19:00,46,0.43,1.63,2.06,88,39.2,48.8,104.5,62.6,6193,6239,0.2087378640776699,,26.901837464545565
EV192,04/18/2023 07:11:00,04/18/2023 09:38:00,54,0.12,2.2199999999999998,2.32,100,42,58,124.19999999999999,56.7666666666667,6239,6293,0.05128205128205128,,23.718212227561867
EV192,04/18/2023 15:08:00,04/18/2023 17:31:00,46,0.15,1.99,2.14,81.6,32.8,48.8,104.4,63.2,6293,6339,0.07009345794392523,,29.305325443786984
EV192,04/19/2023 07:12:00,04/19/2023 09:01:00,24,0.6,1.05,1.65,100,74,26,55.7,57.7333333333333,6339,6363,0.36363636363636365,,15.432345130817117
EV192,04/19/2023 12:22:00,04/19/2023 13:50:00,32,0.22,1.0899999999999999,1.31,97.2,67.6,29.6,63.3,68.3,6363,6395,0.16793893129770995,,20.018907563025213
EV192,04/19/2023 15:09:00,04/19/2023 16:12:00,23,0.08,0.97,1.05,77.2,56,21.2,45.4,68.3,6395,6418,0.07619047619047618,,21.304761904761904
EV192,04/19/2023 16:34:00,04/19/2023 17:03:00,19,0,0.48,0.48,56,36.4,19.6,41.9,64.1,6418,6437,0,,40.12500000000001
EV192,04/28/2023 06:06:00,04/28/2023 08:41:00,47,0.16,1.75,1.8900000000000001,100,50,50,107.1,56.9857142857143,6437,6484,0.08376963350785341,,17.62009567463349
EV192,04/28/2023 15:07:00,04/28/2023 16:41:00,42,0.17,1.38,1.56,100,57.6,42.4,90.7,66,6484,6526,0.10967741935483873,,26.685897435897438
EV192,05/01/2023 06:10:00,05/01/2023 08:42:00,47,0.14,1.8099999999999998,1.96,100,49.6,50.400000000000006,107.8,57.3333333333333,6526,6573,0.07179487179487182,,15.435871822413176
EV192,05/01/2023 15:10:00,05/01/2023 17:07:00,47,0.21000000000000002,1.73,1.95,97.6,44.8,52.8,113,65.6,6573,6620,0.10824742268041239,,12.22872340425532
EV192,05/02/2023 06:07:00,05/02/2023 08:54:00,48,0.29000000000000004,2.11,2.3899999999999997,100,49.2,50.8,108.8,58.6666666666667,6620,6668,0.12083333333333335,,19.331328751431844
EV192,05/03/2023 06:13:00,05/03/2023 09:01:00,48,0.08,2.2,2.28,100,48,52,111.30000000000001,54.4,6668,6716,0.03508771929824561,,15.381354278553527
EV192,05/03/2023 12:26:00,05/03/2023 13:49:00,31,0.05,1.21,1.27,73.6,40.4,33.2,71.10000000000001,67.2,6716,6747,0.03968253968253969,,20.445652173913047
EV192,05/04/2023 06:00:00,05/04/2023 08:45:00,48,0.31,1.99,2.29,100,44.4,55.6,119,54.175,6747,6795,0.13478260869565217,,16.312945364719557
EV192,05/04/2023 14:10:00,05/04/2023 16:03:00,35,0.12,1.52,1.64,86.4,46.8,39.599999999999994,84.8,66.55,6795,6830,0.07317073170731707,,18.413237410071943
EV192,05/05/2023 06:09:00,05/05/2023 08:28:00,47,0.12,1.79,1.92,100,48,52,111.30000000000001,55.2666666666667,6830,6877,0.06282722513089005,,23.800902487343166
EV192,05/05/2023 15:10:00,05/05/2023 16:19:00,19,0.28,0.87,1.15,97.6,76.8,20.8,44.5,67.3,6877,6896,0.24347826086956526,,15.669565217391305
EV192,05/08/2023 06:07:00,05/08/2023 08:45:00,48,0.23,1.94,2.17,100,47.6,52.4,112.1,60,6896,6944,0.10599078341013826,,17.220743173362347
EV192,05/09/2023 15:14:00,05/09/2023 17:17:00,47,0.35,1.71,2.05,100,42.8,57.2,122.4,67.4,7038,7085,0.1699029126213592,,22.731707317073173
EV192,05/10/2023 06:10:00,05/10/2023 08:55:00,46,0.23,2.1100000000000003,2.35,100,45.2,54.8,117.3,57.9333333333333,7085,7131,0.09829059829059829,,19.37458619811561
EV192,05/11/2023 06:10:00,05/11/2023 08:42:00,48,0.15,1.8699999999999999,2.02,100,49.6,50.4,107.9,59.5,7131,7179,0.07425742574257425,,14.93813492063492
EV192,05/11/2023 14:15:00,05/11/2023 16:17:00,39,0.12000000000000001,1.66,1.78,92,46,46,98.39999999999999,70.8,7179,7218,0.06741573033707865,,20.3376582278481
EV192,05/12/2023 06:08:00,05/12/2023 08:38:00,49,0.13999999999999999,1.87,2,100,48,52,111.39999999999999,60.225,7218,7267,0.06965174129353233,,19.498788852890552
EV192,05/12/2023 15:13:00,05/12/2023 17:40:00,47,0.69,1.76,2.46,97.6,51.2,46.4,99.3,67.4,7267,7314,0.2816326530612244,,18.94308943089431
EV192,05/16/2023 06:12:00,05/16/2023 09:01:00,47,0.13999999999999999,2.17,2.3,99.6,51.6,48,102.7,59.525,7314,7361,0.0606060606060606,,16.207719825446183
EV192,05/16/2023 12:31:00,05/16/2023 13:25:00,23,0.07,0.82,0.89,79.6,58.4,21.2,45.4,71.7,7361,7384,0.07865168539325844,,26.528089887640448
EV192,05/16/2023 15:08:00,05/16/2023 17:12:00,47,0.37,1.7,2.07,71.2,27.6,43.6,93.3,68.5,7384,7431,0.17874396135265702,,22.21256038647343
EV192,05/17/2023 06:08:00,05/17/2023 08:54:00,47,0.15,2.1,2.25,100,52.8,47.2,101.1,60.9125,7431,7478,0.06666666666666667,,16.826745022411153
EV192,05/17/2023 15:12:00,05/17/2023 17:11:00,46,0.26,1.71,1.98,100,54,46,98.4,65.6,7478,7524,0.1319796954314721,,23.22222222222222
EV192,05/18/2023 06:07:00,05/18/2023 08:51:00,46,0.24,2.06,2.3,100,51.2,48.800000000000004,104.4,58.725,7524,7570,0.10434782608695653,,15.913236497545007
EV192,05/18/2023 14:13:00,05/18/2023 16:14:00,42,0.09,1.8,1.9000000000000001,97.6,45.2,52.4,112.2,71.1,7570,7612,0.047619047619047616,,20.888352638352636
EV192,05/19/2023 06:09:00,05/19/2023 08:42:00,47,0.3,1.73,2.04,100,48.8,51.2,109.60000000000001,60.44,7612,7659,0.1477832512315271,,18.992781655034896
EV192,05/19/2023 15:07:00,05/19/2023 16:41:00,42,0.21,1.37,1.58,94.8,48,46.8,100.2,67.8,7659,7701,0.13291139240506328,,26.348101265822784
EV192,05/22/2023 06:08:00,05/22/2023 07:45:00,28,0.13,1.24,1.3800000000000001,100,68.4,31.6,67.60000000000001,60.2666666666667,7701,7729,0.0948905109489051,,14.841666666666667
EV192,05/22/2023 08:09:00,05/22/2023 08:58:00,18,0.24,0.58,0.82,68.4,53.2,15.2,32.5,64,7729,7747,0.2926829268292683,,21.975609756097562
EV192,05/23/2023 06:09:00,05/23/2023 08:50:00,46,0.18,2.08,2.2600000000000002,100,52.8,47.2,100.9,59.475,7747,7793,0.07964601769911503,,16.0696725349997
EV192,05/23/2023 15:02:00,05/23/2023 16:59:00,47,0.27,1.67,1.94,100,49.6,50.4,107.9,64.4,7793,7840,0.13917525773195877,,24.02061855670103
EV192,05/25/2023 06:09:00,05/25/2023 08:44:00,47,0.19,1.85,2.04,100,55.6,44.4,95,60.65,7840,7887,0.09313725490196079,,18.265998646139902
EV192,05/25/2023 14:03:00,05/25/2023 16:07:00,38,0.11,1.6199999999999999,1.73,97.2,52.8,44.4,95,70.0333333333333,7887,7925,0.06358381502890173,,19.828590785907856
EV192,05/30/2023 06:02:00,05/30/2023 08:57:00,47,0.52,2.0100000000000002,2.5300000000000002,100,48.8,51.199999999999996,109.7,60.55,7925,7972,0.20553359683794464,,14.744212456051184
EV192,05/30/2023 12:30:00,05/30/2023 13:10:00,24,0,0.67,0.67,77.6,54,23.6,50.5,64.5,7972,7996,0,,35.23880597014925
EV192,05/30/2023 15:13:00,05/30/2023 16:35:00,19,0.12,0.96,1.08,70,51.6,18.4,39.4,65.05,7996,8015,0.1111111111111111,,17.665551839464882
EV192,05/31/2023 15:05:00,05/31/2023 17:06:00,47,0.34,1.68,2.02,100,49.2,50.8,108.7,65.6,8015,8062,0.16831683168316833,,23.06930693069307
EV192,06/01/2023 14:39:00,06/01/2023 16:14:00,35,0.15,1.42,1.58,93.6,51.2,42.4,90.7,65.9,8066,8101,0.09554140127388536,,21.632911392405063
EV192,06/02/2023 05:58:00,06/02/2023 08:33:00,47,0.05,1.82,1.87,100,51.6,48.4,103.60000000000001,61.48,8101,8148,0.026737967914438502,,21.41211603211603
EV192,06/02/2023 15:07:00,06/02/2023 17:29:00,47,0.47,1.9,2.37,100,46,54,115.6,68.6,8148,8195,0.19831223628691982,,19.400843881856538
EV192,06/05/2023 06:12:00,06/05/2023 08:41:00,49,0.15,1.84,2,100,48,52,111.3,61.95,8195,8244,0.07537688442211055,,19.914795918367346
EV192,06/05/2023 15:01:00,06/05/2023 17:05:00,46,0.34,1.73,2.07,97.6,46,51.6,110.4,68.9,8244,8290,0.16425120772946863,,22.512077294685994
EV192,06/06/2023 06:15:00,06/06/2023 08:56:00,47,0.14,2,2.14,100,52,48,102.7,60.8,8290,8337,0.06542056074766356,,17.34328066120519
EV192,06/06/2023 12:32:00,06/06/2023 13:14:00,24,0,0.69,0.69,80.4,59.2,21.2,45.4,69.9,8337,8361,0,,34.21739130434783
EV192,06/06/2023 15:11:00,06/06/2023 16:30:00,20,0.43,0.89,1.32,76,55.2,20.8,44.5,69.7,8361,8381,0.32575757575757575,,14.590909090909092
EV192,06/07/2023 06:17:00,06/07/2023 07:48:00,30,0.06,1.26,1.32,100,64.4,35.6,76.2,61.1,8381,8411,0.04545454545454545,,16.409074074074073
EV192,06/07/2023 08:10:00,06/07/2023 08:50:00,18,0,0.66,0.66,64.4,50,14.4,30.8,64.4,8411,8429,0,,27.3030303030303
EV192,06/07/2023 12:16:00,06/07/2023 13:56:00,32,0.27,1.15,1.41,77.6,44.4,33.2,71,67.25,8429,8461,0.19014084507042256,,17.787301587301588
EV192,06/08/2023 06:10:00,06/08/2023 07:35:00,23,0.04,0.81,0.85,100,77.2,22.8,48.8,61.675,8461,8484,0.047058823529411764,,13.684523809523808
EV192,06/08/2023 08:11:00,06/08/2023 09:06:00,17,0.28,0.6,0.88,77.2,59.6,17.6,37.7,63.9,8484,8501,0.31818181818181823,,19.06818181818182
EV192,06/09/2023 06:11:00,06/09/2023 08:31:00,47,0.07,1.85,1.9100000000000001,100,47.6,52.4,112.2,62.05,8502,8549,0.036458333333333336,,23.49396969025583
EV192,06/09/2023 15:02:00,06/09/2023 16:08:00,20,0.21,0.9,1.11,100,74,26,55.6,68.8,8549,8569,0.18918918918918917,,17.35135135135135
EV192,06/12/2023 05:49:00,06/12/2023 07:50:00,30,0.02,1.33,1.36,100,67.2,32.8,70.2,59.05,8569,8599,0.014814814814814814,,12.071480107194393
EV192,06/12/2023 08:12:00,06/12/2023 09:02:00,18,0.03,0.63,0.66,67.2,51.2,16.8,36,64.9,8599,8617,0.04545454545454545,,14.532258064516128
EV192,06/30/2023 12:21:00,06/30/2023 12:39:00,10,0.02,0.27,0.29,80.4,72,8.4,18,76.6,8995,9005,0.06896551724137931,,32.13793103448276
EV192,06/30/2023 13:04:00,06/30/2023 14:03:00,30,0.14,0.84,0.99,72,40.4,31.6,67.6,77.6,9005,9035,0.14285714285714288,,30.757575757575758
EV192,08/14/2023 06:48:00,08/14/2023 08:31:00,24,0.4,0.77,1.1700000000000002,91.2,63.6,26.8,57.4,66.1,9781,9805,0.34188034188034194,,8.562848031598032
EV192,08/16/2023 10:15:00,08/16/2023 11:24:00,14,0.32999999999999996,0.71,1.04,99.2,84,15.200000000000001,32.5,79.45,9877,9891,0.31730769230769224,,8.055555555555555
EV192,08/17/2023 06:46:00,08/17/2023 08:25:00,31,0.14,1.5,1.64,100,67.2,32.8,70.2,69.5,9891,9922,0.08536585365853659,,18.567073170731707
EV192,08/18/2023 06:43:00,08/18/2023 07:59:00,26,0.05,1.22,1.27,100,73.6,26.4,56.5,65.3,9922,9948,0.03937007874015748,,20.551181102362207
EV192,08/22/2023 06:44:00,08/22/2023 09:21:00,29,0.6100000000000001,1.6099999999999999,2.2199999999999998,100,66.4,33.6,72,71.45,9948,9977,0.27477477477477485,,11.461410799652326
EV192,08/22/2023 13:39:00,08/22/2023 15:22:00,31,0.33,1.27,1.5999999999999999,100,66.4,33.6,71.9,84.4,9977,10008,0.20625,,20.509838998211094
EV192,08/22/2023 15:43:00,08/22/2023 16:52:00,15,0.21,0.8600000000000001,1.06,66.4,45.6,20.799999999999997,44.5,80.15,10008,10023,0.19626168224299065,,13.62962962962963
EV192,08/23/2023 07:11:00,08/23/2023 09:16:00,30,0.07,1.6500000000000001,1.72,100,64.8,35.2,75.4,71.64,10023,10053,0.04069767441860465,,11.272450980392156
EV192,08/23/2023 13:31:00,08/23/2023 15:15:00,28,0.09000000000000001,1.28,1.37,100,66.8,33.2,71.1,82.8,10053,10081,0.06569343065693431,,13.412500000000001
EV192,08/24/2023 07:17:00,08/24/2023 09:23:00,29,0.16,1.45,1.6,100,62,38,81.39999999999999,69.66,10081,10110,0.09937888198757765,,14.252787581699346
EV192,08/24/2023 15:06:00,08/24/2023 16:52:00,22,0.31,1.06,1.3800000000000001,100,69.2,30.8,65.9,79.45,10110,10132,0.2262773722627737,,11.053804347826087
EV192,08/25/2023 07:09:00,08/25/2023 09:09:00,31,0.13999999999999999,1.39,1.52,100,67.6,32.4,69.3,66.92,10132,10163,0.09150326797385622,,16.046491365024583
EV192,08/25/2023 13:40:00,08/25/2023 16:41:00,45,0.3,2.05,2.35,100,38.4,61.6,131.8,80.3714285714286,10163,10208,0.12765957446808512,,13.720255724667489
EV192,08/28/2023 07:06:00,08/28/2023 09:17:00,30,0.15,1.48,1.6300000000000001,100,63.6,36.4,78,74.0333333333333,10208,10238,0.09202453987730061,,11.93053172657952
EV192,08/29/2023 07:08:00,08/29/2023 09:21:00,29,0.19999999999999998,1.48,1.68,99.6,64.8,34.8,74.5,76.14,10238,10267,0.11904761904761904,,13.586475553432075
EV192,08/29/2023 13:42:00,08/29/2023 17:03:00,45,0.48,2.27,2.73,98.4,40.4,58,124.10000000000001,93.0142857142857,10267,10312,0.17454545454545453,,13.647894715836527
EV192,08/30/2023 07:16:00,08/30/2023 08:25:00,21,0.2,0.9,1.1099999999999999,40.4,17.2,23.200000000000003,49.6,73.5,10312,10333,0.18181818181818182,,19.29563233376793
EV192,08/31/2023 07:11:00,08/31/2023 09:06:00,29,0.12,1.38,1.5,100,60.4,39.6,84.9,71.4,10333,10362,0.08,,14.895929824561405
EV192,08/31/2023 14:54:00,08/31/2023 15:18:00,9,0.02,0.37,0.39,100,89.6,10.4,22.3,81.5,10362,10371,0.05128205128205128,,20.71794871794872
EV192,08/31/2023 15:40:00,08/31/2023 16:54:00,15,0.32,0.76,1.07,89.6,70.4,19.2,41.2,76.925,10371,10386,0.2962962962962963,,9.528348899893437
EV192,09/01/2023 07:10:00,09/01/2023 08:57:00,28,0.12000000000000001,1.26,1.38,100,63.6,36.4,77.9,72.16,10386,10414,0.08695652173913043,,18.947045461143205
EV192,09/01/2023 13:35:00,09/01/2023 16:44:00,44,0.43,2.02,2.45,100,44.4,55.6,119.10000000000001,79.5166666666667,10414,10458,0.17551020408163265,,13.293410954125239
EV192,09/05/2023 07:04:00,09/05/2023 08:56:00,32,0.04,1.62,1.6400000000000001,100,65.6,34.4,73.7,69.2857142857143,10458,10490,0.024096385542168672,,12.251000816993464
EV192,09/05/2023 13:38:00,09/05/2023 16:44:00,46,0.3,2.15,2.46,100,45.6,54.4,116.4,75.15,10490,10536,0.12244897959183675,,15.738945818848196
EV192,09/06/2023 07:00:00,09/06/2023 09:02:00,32,0.11,1.6300000000000001,1.73,100,54.8,45.2,96.8,71.725,10536,10568,0.0632183908045977,,15.98791163901458
EV192,09/06/2023 11:17:00,09/06/2023 12:40:00,36,0.25,1.12,1.37,73.6,24.8,48.8,104.4,78.5,10568,10604,0.18248175182481752,,25.854014598540147
EV192,09/07/2023 07:08:00,09/07/2023 08:57:00,32,0.1,1.41,1.5,100,57.2,42.800000000000004,91.7,68.65,10604,10636,0.06622516556291391,,17.847484110169493
EV192,09/07/2023 13:22:00,09/07/2023 15:07:00,33,0.19,1.39,1.57,97.6,56.8,40.8,87.4,84.3,10636,10669,0.12025316455696204,,23.35545713886728
EV192,09/07/2023 15:29:00,09/07/2023 16:33:00,14,0.12,0.85,0.9600000000000001,56.8,35.2,21.599999999999998,46.2,82.0666666666667,10669,10683,0.12371134020618557,,11.022604422604424
EV192,09/08/2023 07:08:00,09/08/2023 08:54:00,32,0.03,1.44,1.47,100,56,44,94.3,71.82,10683,10715,0.02040816326530612,,18.5854484225452
EV192,09/08/2023 13:48:00,09/08/2023 16:28:00,45,0.25,2.0300000000000002,2.28,96.4,38.8,57.2,122.4,90.9,10715,10760,0.10964912280701754,,17.704389067192075
EV192,09/11/2023 13:34:00,09/11/2023 16:41:00,44,0.51,2.19,2.69,100,46,54,115.5,80.15,10760,10804,0.18888888888888888,,13.696596284003496
EV192,09/12/2023 06:56:00,09/12/2023 08:56:00,31,0.22000000000000003,1.5899999999999999,1.81,100,66,34,72.8,72.8,10804,10835,0.12154696132596687,,15.115751858204689
EV192,09/12/2023 13:48:00,09/12/2023 16:43:00,45,0.26,2.21,2.46,100,48,52,111.3,80.1166666666667,10835,10880,0.10526315789473685,,14.124318477534707
EV192,09/13/2023 07:08:00,09/13/2023 09:02:00,32,0.04,1.5899999999999999,1.63,100,59.2,40.800000000000004,87.4,69.92,10880,10912,0.024539877300613498,,15.454339817270851
EV192,09/13/2023 11:07:00,09/13/2023 12:26:00,29,0.3,1.02,1.32,77.6,42.8,34.8,74.5,78.4,10912,10941,0.22727272727272727,,21.65151515151515
EV192,09/14/2023 07:06:00,09/14/2023 08:59:00,32,0.09,1.38,1.47,100,60,40,85.6,68.94,10941,10973,0.061224489795918366,,16.80785363972784
EV192,09/14/2023 13:11:00,09/14/2023 16:47:00,48,0.47,2.54,3.01,97.6,32.8,64.8,138.7,76.8142857142857,10973,11021,0.15614617940199335,,15.390311542439346
EV192,09/15/2023 07:05:00,09/15/2023 08:54:00,32,0.03,1.44,1.46,100,67.2,32.8,70.3,69.525,11021,11053,0.02040816326530612,,19.09703621031746
EV192,09/15/2023 13:43:00,09/15/2023 16:29:00,45,0.21000000000000002,2.14,2.35,100,48.8,51.2,109.6,73.04,11053,11098,0.08936170212765958,,15.015455276430888
EV192,09/18/2023 07:13:00,09/18/2023 09:07:00,31,0.06,1.55,1.61,100,56.4,43.6,93.4,68.325,11098,11129,0.03726708074534161,,17.07581168831169
EV192,09/18/2023 12:03:00,09/18/2023 13:29:00,23,0.19,0.81,1,83.2,54,29.2,62.4,76.725,11129,11152,0.19,,14.631758241758241
EV192,09/19/2023 07:08:00,09/19/2023 09:07:00,35,0.05,1.56,1.6199999999999999,100,59.2,40.8,87.4,66.58,11152,11187,0.031055900621118012,,17.839711341525856
EV192,09/20/2023 06:57:00,09/20/2023 08:52:00,31,0.08,1.54,1.62,100,68.4,31.6,67.7,69.625,11240,11271,0.04938271604938271,,18.33113678505206
EV192,09/20/2023 11:01:00,09/20/2023 12:30:00,35,0.37,1.1,1.47,88,46,42,89.9,76.7,11271,11306,0.2517006802721088,,23.6734693877551
EV192,09/20/2023 13:39:00,09/20/2023 15:48:00,35,0.26,1.6800000000000002,1.9500000000000002,56.4,22,34.4,73.6,77,11306,11341,0.13402061855670103,,20.81612903225806
EV192,09/21/2023 07:06:00,09/21/2023 08:58:00,32,0.02,1.51,1.53,100,64,36,77.1,67.4,11341,11373,0.013071895424836602,,17.541993087557604
EV192,09/21/2023 13:12:00,09/21/2023 16:25:00,48,0.61,2.17,2.79,100,43.2,56.8,121.60000000000001,76.05,11373,11421,0.2194244604316547,,14.844794905577514
EV192,09/22/2023 07:05:00,09/22/2023 08:55:00,32,0.08,1.46,1.53,100,63.2,36.8,78.8,66.075,11421,11453,0.051948051948051945,,18.579624155405405
EV192,09/22/2023 13:36:00,09/22/2023 17:00:00,54,0.52,2.5,3.02,100,42.8,57.2,122.4,69.5,11453,11507,0.17218543046357615,,15.389481424057696
EV192,09/25/2023 07:02:00,09/25/2023 08:51:00,32,0.1,1.42,1.52,100,66.8,33.2,71.10000000000001,66.425,11507,11539,0.06578947368421052,,18.793560606060606
EV192,09/25/2023 11:28:00,09/25/2023 11:50:00,10,0.07,0.3,0.37,90,79.2,10.8,23.1,73.7,11539,11549,0.1891891891891892,,25.18918918918919
EV192,09/25/2023 12:17:00,09/25/2023 12:38:00,10,0,0.35,0.35,79.2,69.2,10,21.4,78.2,11549,11559,0,,28.400000000000002
EV192,09/25/2023 13:41:00,09/25/2023 17:11:00,53,0.51,2.55,3.07,78.4,24.4,54,115.6,77.7,11559,11612,0.16666666666666669,,14.641494049723105
EV192,09/26/2023 07:03:00,09/26/2023 09:07:00,33,0.13999999999999999,1.6300000000000001,1.77,100,66.4,33.6,72,65.775,11612,11645,0.0790960451977401,,16.353216374269003
EV192,09/27/2023 07:02:00,09/27/2023 09:06:00,32,0.15,1.61,1.77,100,62,38,81.3,64.5333333333333,11699,11731,0.08522727272727272,,17.902298850574713
EV192,09/27/2023 11:08:00,09/27/2023 12:38:00,37,0.23,1.27,1.5,80.8,42.4,38.4,82.2,77.5,11731,11768,0.15333333333333335,,23.613333333333333
EV192,09/28/2023 07:03:00,09/28/2023 09:12:00,32,0.09000000000000001,1.75,1.84,100,64.4,35.6,76.2,65.98,11768,11800,0.04891304347826087,,12.229198792711028
EV192,09/29/2023 06:57:00,09/29/2023 09:11:00,35,0.05,1.63,1.67,100,62.4,37.6,80.4,67.1833333333333,11800,11835,0.029761904761904764,,17.11804333978247
EV192,09/29/2023 13:38:00,09/29/2023 16:58:00,51,0.36,2.5500000000000003,2.92,100,42.4,57.6,123.39999999999999,72.46,11835,11886,0.12371134020618556,,15.218546145970455
EV192,10/03/2023 06:56:00,10/03/2023 09:08:00,32,0.06,1.69,1.74,100,64.4,35.6,76.3,62.05,11887,11919,0.03428571428571429,,13.802243366467504
EV192,10/03/2023 13:53:00,10/03/2023 17:00:00,45,0.54,2.2,2.73,100,46.4,53.6,114.8,78.12,11919,11964,0.19708029197080293,,12.25958377425044
EV192,10/04/2023 06:57:00,10/04/2023 08:56:00,33,0.08,1.5899999999999999,1.67,100,64.8,35.2,75.4,64.4,11964,11997,0.04790419161676647,,19.478719362745096
EV192,10/04/2023 10:55:00,10/04/2023 11:55:00,22,0.3,0.71,1.01,84.8,58.4,26.4,56.5,82.6,11997,12019,0.297029702970297,,21.534653465346533
EV192,10/04/2023 13:31:00,10/04/2023 15:02:00,15,0.38,0.8799999999999999,1.27,71.6,52.4,19.2,41.1,82.7333333333333,12019,12034,0.3015873015873016,,11.117831991951709
EV192,10/05/2023 07:00:00,10/05/2023 09:09:00,32,0.11,1.7,1.81,100,65.6,34.4,73.7,68.35,12034,12066,0.06077348066298342,,15.251004709576138
EV192,10/05/2023 13:08:00,10/05/2023 14:15:00,22,0.09,0.8200000000000001,0.91,100,76,24,51.400000000000006,93.425,12066,12088,0.0989010989010989,,18.350840336134453
EV192,10/05/2023 15:31:00,10/05/2023 16:27:00,13,0.12,0.65,0.76,74.4,55.6,18.8,40.2,87,12089,12102,0.15584415584415584,,12.93968253968254
EV192,10/18/2023 05:58:00,10/18/2023 07:57:00,35,0.23,1.45,1.6800000000000002,96,58.4,37.6,80.4,61.78,12240,12275,0.13690476190476192,,18.521734671125976
EV192,10/18/2023 08:35:00,10/18/2023 09:34:00,13,0,0.73,0.73,58.4,46.4,12,25.6,63.0666666666667,12275,12288,0,,12.305444380916079
EV192,10/20/2023 05:57:00,10/20/2023 07:52:00,39,0.16,1.41,1.56,100,62,38,81.3,61.925,12288,12327,0.10191082802547773,,24.28359885620915
EV192,10/20/2023 13:45:00,10/20/2023 17:07:00,41,0.97,1.98,2.88,100,44.8,55.199999999999996,118.10000000000001,79.5,12327,12368,0.3288135593220339,,12.31807844932845
EV192,10/24/2023 09:49:00,10/24/2023 10:29:00,7,0.13,0.48,0.61,100,93.6,6.4,13.7,66.2,12376,12383,0.21311475409836067,,6.431034482758621
EV192,10/25/2023 06:35:00,10/25/2023 08:31:00,40,0.3,1.57,1.87,93.2,53.6,39.6,84.8,64.7,12383,12423,0.160427807486631,,20.795065635255504
EV192,10/26/2023 14:10:00,10/26/2023 16:39:00,39,0.28,1.96,2.23,97.6,51.2,46.4,99.30000000000001,70.5,12426,12465,0.125,,16.682715270264854
EV192,10/27/2023 05:52:00,10/27/2023 07:52:00,32,0.44,1.25,1.69,100,68,32,68.5,60.175,12465,12497,0.2603550295857988,,13.330506822612085
EV192,10/27/2023 13:37:00,10/27/2023 16:38:00,42,0.46,2.05,2.5100000000000002,100,46,54,115.60000000000001,71.15,12497,12539,0.18326693227091637,,13.558346605085736
EV192,10/31/2023 05:49:00,10/31/2023 08:55:00,52,0.46,2.29,2.74,100,39.6,60.4,129.3,54.075,12598,12650,0.16727272727272727,,18.508912611717975
EV192,11/02/2023 06:02:00,11/02/2023 09:03:00,54,0.51,2.11,2.62,100,34.8,65.2,139.70000000000002,59.4777777777778,12704,12758,0.1946564885496183,,13.093608120185047
EV192,11/07/2023 06:02:00,11/07/2023 07:01:00,27,0.04,0.8300000000000001,0.88,100,69.6,30.400000000000002,65.1,60,12758,12785,0.045977011494252866,,30.14316239316239
EV192,11/07/2023 07:30:00,11/07/2023 08:51:00,23,0.24,1.05,1.29,69.6,41.6,28,60,63.85,12785,12808,0.18604651162790697,,8.7
EV192,11/07/2023 13:57:00,11/07/2023 16:43:00,38,0.29,2.04,2.33,89.6,42,47.6,102.1,68.2833333333333,12808,12846,0.12446351931330471,,13.370103363382933
EV192,11/08/2023 06:03:00,11/08/2023 07:04:00,27,0.05,0.81,0.8600000000000001,100,66,34,72.8,53.7,12846,12873,0.05813953488372093,,31.37507146941109
EV192,11/08/2023 07:29:00,11/08/2023 08:57:00,24,0.35,1.05,1.4000000000000001,66,36.4,29.599999999999998,63.4,61.5,12873,12897,0.25,,12.483201581027668
EV192,11/13/2023 06:02:00,11/13/2023 08:51:00,53,0.33,2.2,2.52,100,37.6,62.4,133.6,57.175,12952,13005,0.13043478260869565,,20.383839410363798
EV192,11/13/2023 13:36:00,11/13/2023 16:33:00,43,0.74,1.92,2.65,84,31.6,52.4,112.10000000000001,75.2555555555556,13005,13048,0.2781954887218045,,11.761493590879557
EV192,11/14/2023 05:57:00,11/14/2023 09:01:00,52,0.65,2.14,2.8,100,37.2,62.8,134.5,56.5,13048,13100,0.23297491039426524,,18.469178454565778
EV192,11/15/2023 06:01:00,11/15/2023 09:04:00,49,0.96,1.9300000000000002,2.9,100,41.6,58.4,125,64,13100,13149,0.33217993079584773,,18.469710002160042
EV192,11/16/2023 06:01:00,11/16/2023 07:48:00,32,0.13,1.25,1.3900000000000001,100,67.6,32.4,69.4,61.75,13149,13181,0.09420289855072465,,19.91358885659527
EV192,11/16/2023 14:45:00,11/16/2023 16:34:00,24,0.22,1.24,1.46,91.2,63.6,27.6,59.1,73.0333333333333,13199,13223,0.1506849315068493,,15.364652531319196
EV192,11/17/2023 06:03:00,11/17/2023 07:46:00,31,0.54,1,1.54,100,60.8,39.2,83.9,57.6333333333333,13223,13254,0.35064935064935066,,18.25264772109636
EV192,11/17/2023 11:45:00,11/17/2023 13:12:00,15,0.5,0.84,1.34,91.6,72.8,18.8,40.3,73.1666666666667,13256,13271,0.373134328358209,,10.545275181723781
EV192,11/17/2023 15:01:00,11/17/2023 16:43:00,23,0.12000000000000001,1.14,1.25,89.2,62.8,26.4,56.5,69.5571428571429,13271,13294,0.09523809523809525,,13.558216134686722
EV192,12/01/2023 06:03:00,12/01/2023 07:44:00,33,0.07,1.17,1.25,100,52.8,47.2,101,53.2,13532,13565,0.05645161290322581,,23.85249191749313
EV192,12/01/2023 14:09:00,12/01/2023 16:42:00,40,0.37,2.0300000000000002,2.4099999999999997,98.8,49.6,49.199999999999996,105.3,64.925,13566,13606,0.15416666666666665,,13.816337719298247
EV192,12/04/2023 06:02:00,12/04/2023 06:20:00,5,0.04,0.26,0.29,100,94.8,5.2,11.1,50.3,13606,13611,0.13333333333333333,,17.137931034482758
EV192,12/04/2023 07:37:00,12/04/2023 08:48:00,27,0.2,0.97,1.17,100,68,32,68.5,56,13611,13638,0.17094017094017097,,22.837606837606838
EV192,12/04/2023 13:39:00,12/04/2023 16:47:00,43,0.34,2.15,2.49,100,49.6,50.4,107.9,70.3142857142857,13638,13681,0.13654618473895586,,9.357515632515632
EV192,12/05/2023 13:45:00,12/05/2023 16:48:00,42,0.36,2.1799999999999997,2.56,100,51.2,48.8,104.3,76.3857142857143,13688,13730,0.14173228346456695,,9.448629793493016
EV192,12/06/2023 06:01:00,12/06/2023 06:21:00,7,0,0.34,0.34,100,94.8,5.2,11.1,54.7,13730,13737,0,,18.26470588235294
EV192,12/06/2023 08:10:00,12/06/2023 09:18:00,26,0.18,0.86,1.04,100,63.2,36.8,78.7,65.1,13737,13763,0.17307692307692307,,25.536283891547047
EV192,12/06/2023 11:48:00,12/06/2023 13:00:00,15,0.35,0.73,1.08,81.6,63.2,18.4,39.4,71.9666666666667,13765,13780,0.324074074074074,,11.38701259489303
EV192,12/07/2023 06:02:00,12/07/2023 06:21:00,5,0.02,0.3,0.32,100,94.8,5.2,11.1,54.2,13780,13785,0.0625,,15.531249999999998
EV192,12/07/2023 07:44:00,12/07/2023 09:00:00,26,0.31,0.89,1.2000000000000002,100,71.6,28.4,60.8,59.55,13785,13811,0.25833333333333336,,21.947293447293447
EV192,12/08/2023 05:59:00,12/08/2023 06:24:00,5,0.16,0.27,0.42,99.6,93.2,6.4,13.7,51,13811,13816,0.3720930232558139,,11.833333333333334
EV192,12/08/2023 14:05:00,12/08/2023 16:49:00,43,0.38,2.07,2.46,98.4,44,54.4,116.5,64.36,13819,13862,0.15510204081632656,,14.611537267080745
EV192,12/11/2023 06:00:00,12/11/2023 06:19:00,6,0,0.32,0.32,100,95.2,4.8,10.3,49.9,13862,13868,0,,15.531249999999998
EV192,12/11/2023 07:48:00,12/11/2023 09:05:00,26,0.22999999999999998,0.99,1.22,100,70,30,64.2,58.15,13868,13894,0.1885245901639344,,22.291463414634144
EV192,12/11/2023 14:09:00,12/11/2023 16:44:00,42,0.2,2.0300000000000002,2.22,98.4,45.6,52.800000000000004,113.1,67.6833333333333,13896,13938,0.0896860986547085,,14.00435114146952
EV192,12/12/2023 05:59:00,12/12/2023 06:16:00,6,0,0.28,0.28,100,95.6,4.4,9.4,54.1,13938,13944,0,,17.749999999999996
EV192,12/12/2023 07:39:00,12/12/2023 09:00:00,26,0.42,0.94,1.36,100,70,30,64.2,58,13944,13970,0.3088235294117647,,19.191176470588236
EV192,12/13/2023 06:02:00,12/13/2023 06:19:00,6,0.05,0.25,0.3,100,93.6,6.4,13.7,55,14006,14012,0.16666666666666669,,16.566666666666666
EV192,12/13/2023 07:52:00,12/13/2023 09:00:00,26,0.24,0.9,1.14,100,68,32,68.5,56,14012,14038,0.21052631578947364,,22.35087719298246
EV192,12/13/2023 11:49:00,12/13/2023 13:01:00,11,0.38,0.54,0.9199999999999999,86.8,72,14.8,31.7,68.15,14040,14051,0.41304347826086957,,9.422619047619047
EV192,12/14/2023 05:55:00,12/14/2023 06:24:00,5,0.18,0.29,0.48,100,94.8,5.2,11.1,47.9,14051,14056,0.3829787234042553,,10.354166666666666
EV192,12/14/2023 12:31:00,12/14/2023 13:12:00,18,0.08,0.61,0.7,96.8,75.2,21.6,46.2,72.4,14083,14101,0.11594202898550726,,25.742857142857144
EV192,12/14/2023 14:10:00,12/14/2023 16:43:00,39,0.42,1.89,2.31,74.8,30,44.8,96,70.46,14101,14140,0.1818181818181818,,13.379481009606469
EV192,12/15/2023 05:57:00,12/15/2023 06:22:00,7,0.11,0.3,0.41,100,93.2,6.8,14.6,51.2,14140,14147,0.2682926829268293,,15.146341463414634
EV192,12/15/2023 07:43:00,12/15/2023 09:06:00,26,0.31000000000000005,0.99,1.3,93.2,61.2,32,68.5,59.85,14147,14173,0.2384615384615385,,21.2043571237637
EV192,12/15/2023 11:20:00,12/15/2023 12:10:00,5,0.05,0.30000000000000004,0.36,82,75.2,3.5999999999999996,7.7,75.2,14173,14179,0.14285714285714285,,10.61090761090761
