Vehicle ID,Local Trip Start Time,Local Trip End Time,Total Distance,Idling Time,Driving Time,Total Run Time,Initial SOC,Final SOC,SOC Used,Total Energy Consumption,Average Ambient Temperature,Initial Odometer,Final Odometer,Max SOC,Min SOC,Percent Idling Time,Drive Cycle,Energy Consumed While Driving,Energy Consumed While Idling,Average Speed,Maximum Speed
EV166,08/08/2022 11:02:00,08/08/2022 12:49:00,4.1476527081841255,1.235117222222243,0.3634972222222234,1.5986144444444663,98.748438,95.173438,3.807812,,77.7009372907501,404.7394516026406,408.8871043108247,98.81875,95.010938,0.7726173290342424,,,,2.52755544102036,23.711525938519
EV166,08/08/2022 20:13:00,08/08/2022 20:18:00,0,0.07360388888889702,0,0.07360388888889702,95.592188,95.639063,0,0.482565999999906,78.5276944418443,408.8871043108247,408.8871043108247,95.639063,95.592188,1,,,0.48256600000002,,
EV166,08/12/2022 08:30:00,08/12/2022 11:03:00,12.79403284816675,1.368890833333296,0.8813241666666656,2.2502149999999617,95.3375,88.932813,7.41562200000003,30.6104350000001,81.1709702049216,408.8871043108247,421.6811371589915,95.465625,88.932813,0.6083377958698699,,25.001339,5.58676000000003,6.65147762166603,29.6606561431242
EV166,08/12/2022 11:46:00,08/12/2022 11:57:00,0,0.18185722222222012,0,0.18185722222222012,88.245313,88.432813,0.0109369999999984,0.617971000000125,83.9698775880978,421.6811371589915,421.6811371589915,88.44375,88.245313,1,,,0.617972000000009,,
EV166,08/12/2022 14:14:00,08/12/2022 14:33:00,0.7922482701026183,0.16702055555555262,0.13295777777777928,0.2999783333333319,88.082813,87.710938,0.629688000000002,2.48148999999989,83.6173778700976,421.6811371589915,422.4733854290941,88.257813,87.628125,0.5567753967416094,,1.592895,0.865386000000058,4.72015933200111,8.33929880746441
EV166,08/15/2022 01:59:00,08/15/2022 02:00:00,0,0.00994722222225164,0,0.00994722222225164,,,0,0.0209969999998521,77.2808204393435,422.4733854290941,422.4733854290941,,,1,,,0.0209969999999657,,
EV166,08/22/2022 08:27:00,08/22/2022 12:14:00,0.5996238218801864,3.620784722222197,0.0970847222222222,3.7178694444444194,87.465625,84.392188,4.553124,13.4725699999999,76.928884880184,422.4733854290941,423.0730092509743,87.59375,83.448438,0.9738870006940952,,0.902467000000001,12.5688309999999,1.3320489547639,9.70606626053846
EV166,08/22/2022 14:14:00,08/22/2022 14:32:00,0.9289499323948008,0.12964833333330716,0.16149194444444426,0.2911402777777514,83.751563,83.401563,0.464062000000013,2.1497159999999,83.3735787230316,423.433404542472,424.3623544748668,83.751563,83.379688,0.44531225402030145,,1.68331600000005,0.474832000000106,5.08385718808409,9.0830801245725
EV166,08/23/2022 10:29:00,08/23/2022 11:20:00,0,0.5718330555556008,0,0.5718330555556008,82.739063,82.726563,1.26875000000001,2.09942300000012,80.0124588790328,424.3623544748668,424.3623544748668,83.2625,82.2375,1,,,2.09942099999989,1.45060236005817,14.4964659513441
EV166,08/23/2022 13:35:00,08/23/2022 14:12:00,0,0.6136852777777904,0,0.6136852777777904,82.260938,82.5875,0.139062999999993,1.72801900000013,82.8261285030971,424.3623544748668,424.3623544748668,82.726563,82.260938,1,,,1.72802100000001,0.983074617261508,6.20414249532729
EV166,08/24/2022 07:48:00,08/24/2022 10:54:00,0.4194255547602097,1.032868055555582,0.09116583333333315,1.1240338888889152,81.923438,100,1.45156299999998,4.03404,81.0151725474033,424.3623544748668,424.781780029627,100,81.235938,0.918894052719844,,0.752533000000028,3.24250100000006,0.998939541293134,7.00832109232084
EV166,08/27/2022 13:37:00,08/27/2022 13:41:00,0,0.05407000000002426,0,0.05407000000002426,99.773438,99.807813,0,0.373297000000093,81.2745672443461,424.781780029627,424.781780029627,99.807813,99.773438,1,,,0.37329699999998,4.35922959914102,5.12146564065855
EV166,08/29/2022 10:48:00,08/29/2022 13:37:00,15.72690487552694,1.691853333333313,1.0702699999999972,2.76212333333331,99.621875,90.539063,9.51562500000001,36.2329460000001,85.4000212610561,424.781780029627,440.5086849051539,99.66875,90.178125,0.6125191127115952,,28.846,7.38620600000002,6.88500627724931,28.2871769491172
EV166,08/30/2022 12:44:00,08/30/2022 13:32:00,2.137516901296351,0.39489083333330655,0.38970777777777776,0.7845986111110843,90.515625,88.746875,1.92031299999999,5.61456999999996,82.7071458855172,440.5086849051539,442.6462018064503,90.667188,88.746875,0.5033029981713765,,3.621261,1.97877899999992,2.31094969238344,8.16258052970651
EV166,09/01/2022 06:28:10,09/01/2022 06:33:00,0,0.07705027777774376,0,0.07705027777774376,89.189063,89.3875,0,0.26525700000002,82.2589414568467,442.6462018064503,442.6462018064503,89.3875,89.189063,1,,,0.26525700000002,,
EV166,09/01/2022 10:07:00,09/01/2022 12:06:00,11.92411317903452,0.845673055555551,0.8155838888888898,1.6612569444444407,88.7,83.553125,5.80937500000002,,90.5217189375338,442.6462018064503,454.5703149854848,89.189063,83.553125,0.5090561447364554,,,,10.2959996024533,25.8869458611708
EV166,09/06/2022 07:52:00,09/06/2022 13:00:00,12.924520798536491,3.3527683333333584,0.871458333333333,4.2242266666666914,83.1,74.33125,15.429689,36.7984280000001,80.6958026471168,454.5703149854848,467.4948357840213,83.239063,73.715625,0.7936999119365451,,23.489719,13.108646,3.84021914650023,26.5949352655492
EV166,09/07/2022 07:55:00,09/07/2022 13:54:00,22.819857656287297,3.825791944444461,1.5319158333333365,5.357707777777797,74.285938,61.221875,20.398438,57.6626159999998,84.7500738683295,467.4948357840213,490.3146934403086,74.482813,61.221875,0.7140725293590526,,40.097017,17.331196,4.42777521300147,27.3308879270063
EV166,09/09/2022 05:56:00,09/09/2022 10:14:00,1.323520639465528,1.4517336111111376,0.22173194444444633,1.673465555555584,61.75625,100,1.059375,6.736942,78.5172077901546,490.3146934403086,491.6382140797741,100,60.790625,0.86750133953558894,,2.39039400000001,4.34491600000001,1.10217178783343,6.23434144595562
EV166,09/13/2022 12:15:00,09/13/2022 12:21:00,0,0.08785305555556988,0,0.08785305555556988,99.4125,99.31875,0.10468800000001,0.225483000000168,75.3120720143423,491.6382140797741,491.6382140797741,99.4125,99.31875,1,,,0.225484000000051,1.66465342400382,3.2278990694345
EV166,09/13/2022 12:47:00,09/13/2022 13:18:00,0,0.16556555555558816,0,0.16556555555558816,99.260938,99.14375,0.199999000000005,0.256452000000081,75.5976487089578,491.6382140797741,491.6382140797741,99.284375,99.14375,1,,,0.256451999999967,1.21734073013601,3.12164459556192
EV166,09/15/2022 08:07:00,09/15/2022 08:19:00,0.3355404438081564,0.12669833333336555,0.05548833333333292,0.18218666666669847,99.342188,99.342188,0.104687999999996,1.13777800000003,73.875141345705,491.6382140797741,491.9737545235823,99.435938,99.33125,0.6954314256440836,,0.521856999999954,0.488207999999986,5.61582856120258,11.597396206156
EV166,09/15/2022 10:03:00,09/15/2022 10:05:00,0,0.02242305555552093,0,0.02242305555552093,98.81875,98.81875,0,0.00206500000012966,75.6495717443425,491.9737545235823,491.9737545235823,98.81875,98.81875,1,,,0.00206500000001597,1.50657659269864,1.50657659269864
EV166,09/15/2022 13:32:00,09/15/2022 14:11:00,1.0501173148811065,0.4491311111111145,0.18180444444444177,0.6309355555555562,98.98125,98.55,0.559376,4.44737900000018,79.6610816930293,491.9737545235823,493.0238718384634,99.039063,98.55,0.7118494229028542,,2.01204699999994,2.3284329999999,0.883962658076831,3.36547065139585
EV166,09/15/2022 21:22:00,09/15/2022 21:55:00,0,0.5485286111111236,0,0.5485286111111236,97.864063,97.851563,0.151561999999998,2.02641600000015,81.2587469445023,493.0238718384634,493.0238718384634,97.979688,97.851563,1,,,2.02641500000004,4.25723386002668,27.2973329505687
EV166,09/16/2022 09:31:00,09/16/2022 09:36:00,0,0.06762972222225017,0,0.06762972222225017,97.246875,97.3625,0,0.358453999999938,78.2792571405942,493.0238718384634,493.0238718384634,97.3625,97.246875,1,,,0.358453999999938,4.4738725841088,4.4738725841088
EV166,09/19/2022 08:09:00,09/19/2022 08:39:00,0.19883878151591716,0.4655841666666447,0.024285277777782,0.4898694444444267,96.93125,95.75625,1.445313,2.25075900000002,78.5364645961185,493.0238718384634,493.2227106199793,97.142188,95.75625,0.9504249998582284,,0.362984999999981,1.69953199999998,6.83756849581776,10.896116678597
EV166,09/19/2022 09:33:00,09/19/2022 11:14:00,12.899665950847124,0.8146605555555766,0.8547536111111107,1.6694141666666873,96.478125,90.353125,6.20625,,83.0796283002972,493.2227106199793,506.1223765708264,96.559375,90.353125,0.4879918787212679,,,,8.62932217021075,26.0077401102561
EV166,09/19/2022 11:50:00,09/19/2022 13:21:00,13.104718444285368,0.5343863888888905,0.9614900000000012,1.4958763888888915,89.445313,83.775,6.33437499999999,,85.1387495462587,506.1223765708264,519.2270950151118,89.725,83.775,0.3572396709101227,,,,9.26869463723898,27.1295627286646
EV166,09/19/2022 14:40:00,09/19/2022 16:23:00,12.635583815517409,0.6685672222222365,1.0208922222222228,1.6894594444444593,83.16875,77.359375,6.078125,,84.5431308059658,519.2270950151118,531.8626788306292,83.4375,77.359375,0.3957284825159445,,,,8.79530304386022,22.5438442620099
EV166,09/20/2022 06:21:00,09/20/2022 06:47:00,0,0.42677694444444114,0,0.42677694444444114,77.126563,77.325,0.092187999999993,1.61827900000003,77.6918778028053,531.8626788306292,531.8626788306292,77.417188,77.126563,1,,,1.61827600000004,2.71065056990254,22.244094488189
EV166,09/20/2022 07:54:00,09/20/2022 12:01:00,13.269381810228197,1.8229316666666475,0.9186119444444428,2.7415436111110907,76.695313,92.960938,8.34218799999998,27.751358,81.0042420473831,531.8626788306292,545.1320606408574,100,76.264063,0.664928932473867,,22.0484329999999,5.68237999999997,3.87827419017893,25.7091091152668
EV166,09/20/2022 13:06:00,09/20/2022 14:39:00,12.433637556669057,0.7489558333333548,0.7774083333333373,1.526364166666692,92.123438,85.964063,6.31093700000001,,91.0535916791911,545.1320606408574,557.5656981975264,92.275,85.964063,0.4906796488605607,,,,9.23259996225701,26.5770397752128
EV166,09/21/2022 07:20:00,09/21/2022 07:24:00,0.07145768710734046,0.04940361111113134,0.01347722222222458,0.06288083333335592,85.357813,84.695313,0.732811999999996,0.573243000000048,83.3370655943474,557.5656981975264,557.6371558846338,85.428125,84.695313,0.7856704259821662,,0.185553000000027,0.370055999999977,5.04037685541438,5.71760947317665
EV166,09/21/2022 14:15:00,09/22/2022 01:26:00,0,1.2247602777778184,2.4602761111110283,3.685036388888846,,,,,82.9100199718583,557.6371558846338,557.6371558846338,,,0.3323604297289237,,,,2.06019112629961,34.6702762119224
EV166,09/22/2022 07:17:00,09/22/2022 07:22:00,0.20505249343818832,0.04220694444438777,0.02025861111111027,0.06246555555549804,100,100,0,0.54085699999996,73.8355106955913,557.6371558846338,557.842208378072,100,100,0.6756834877885407,,0.171935000000076,0.127632000000062,0,0
EV166,09/22/2022 08:21:00,09/22/2022 09:44:00,12.383927861290204,0.5273463888889296,0.8122916666666669,1.3396380555555965,100,97.432813,2.567187,,63.9773588598906,557.842208378072,570.2261362393622,100,97.432813,0.39364840876382834,,,,7.92754243047981,25.0234881417522
EV166,09/22/2022 10:46:00,09/22/2022 12:15:00,12.185089701145216,0.651583055555534,0.7922608333333336,1.4438438888888676,96.245313,91.16875,5.354688,,71.1278424071805,570.2261362393622,582.4112259405074,96.5125,91.16875,0.451283591370096,,,,8.22051215927393,25.6621328317625
EV166,09/22/2022 13:15:00,09/22/2022 14:33:00,12.424316988785565,0.4678375000000301,0.807957499999997,1.275795000000027,90.49375,85.532813,6.03124899999999,,71.4528978864917,582.4112259405074,594.835542929293,90.865625,85.532813,0.3667027226161101,,,,10.4371032953734,29.1662935332657
EV166,09/26/2022 10:21:00,09/26/2022 10:30:00,0.14912908613700893,0.11682861111114562,0.01753333333333273,0.13436194444447835,84.682813,84.857813,0.279687999999993,0.591100999999981,72.9073864380907,594.835542929293,594.98467201543,84.857813,84.484375,0.8695067014263258,,0.19856900000002,0.265911000000074,11.2146564687227,33.0809320443609
EV166,09/26/2022 10:58:00,09/26/2022 12:38:00,12.191302791696444,0.8236305555554964,0.797099444444445,1.6207299999999414,84.507813,79.129688,6.82187400000002,,68.4621439836464,594.98467201543,607.1759748071264,84.507813,79.129688,0.5081849262712026,,,,9.26246079295722,23.4766454530542
EV166,09/26/2022 16:22:00,09/26/2022 17:52:00,12.318683886105076,0.5472425000000385,0.9290513888888904,1.4762938888889288,78.651563,74.18125,6.05312600000001,,65.0157440445081,607.1759748071264,619.4946586932315,79.245313,74.18125,0.3706866932924161,,,,9.02179289991902,20.6223156764495
EV166,09/27/2022 10:11:00,09/27/2022 12:45:00,12.312470795553963,1.0927108333332851,0.8560461111111088,1.9487569444443944,73.715625,67.71875,7.501563,,66.6201870759583,619.4946586932315,631.8071294887854,74.18125,67.71875,0.5607219702017923,,,,5.8455863800328,21.9163830107174
EV166,09/27/2022 13:21:00,09/27/2022 14:46:00,12.328004453988797,0.5316313888888544,0.8427483333333328,1.3743797222221872,67.078125,61.209375,6.903125,,68.0572167071154,631.8071294887854,644.1351339427742,67.345313,61.209375,0.3868155068740959,,,,9.51309187195615,23.1701864237851
EV166,09/28/2022 07:22:00,09/28/2022 07:44:00,0,0.36627027777780086,0,0.36627027777780086,61.535938,60.882813,0.734375,0.492062000000033,70.8146324304758,644.1351339427742,644.1351339427742,61.535938,60.882813,1,,,0.492061999999919,1.94781227630637,3.03216714387974
EV166,09/28/2022 08:32:00,09/28/2022 10:15:00,0.2081593493995797,1.6580444444444424,0.03303777777777839,1.6910822222222208,61.279688,60.754688,1.398438,4.3775770000002,70.4141974922749,644.1351339427742,644.3432932921738,61.279688,60.126563,0.980463529600374,,0.315319000000045,3.92209300000002,1.86437453397161,13.7672240987632
EV166,09/28/2022 10:49:00,09/28/2022 12:20:00,12.231691919191803,0.6119275000000357,0.8326041666666697,1.4445316666667054,60.451563,53.875,7.72031300000001,,65.4241334961217,644.3432932921738,656.5749852113656,60.848438,53.875,0.4236165354630642,,,,7.93662337100145,47.6143080658952
EV166,09/28/2022 12:44:00,09/28/2022 12:55:00,0,0.1821924999999851,0,0.1821924999999851,53.517188,52.940625,0.920313,,66.0620794143364,656.5749852113656,656.5749852113656,53.517188,52.940625,1,,,,0,0
EV166,09/28/2022 13:25:00,09/28/2022 15:40:00,15.198739983496353,0.8009022222221915,1.1107402777777755,1.9116424999999673,53.451563,45.979688,9.92187500000001,,66.5415198202577,656.5749852113656,671.773725194862,54.251563,45.875,0.4189602513138336,,,,8.05065783936219,22.5371331424481
EV166,09/28/2022 17:32:00,09/28/2022 22:02:00,3.579098067287078,0.20942472222225209,0.25774527777777934,0.4671700000000314,46.189063,94.998438,2.07343700000001,7.86414000000013,67.4088487830175,671.773725194862,675.3528232621491,96.292188,46.039063,0.44828375585383906,,7.52203399999996,0.246193999999946,5.00067103428478,23.7350115947864
EV166,09/29/2022 09:08:00,09/29/2022 09:15:00,0.15534279805933693,0.08282972222224316,0.02083972222221675,0.10366944444445993,96.664063,97.0375,0.0343749999999972,0.451606000000083,70.5120758543392,675.3528232621491,675.5081660602084,97.0375,96.664063,0.7989791270331205,,0.133780000000002,0.149991999999997,0.441794917680744,0.883589835361489
EV166,09/29/2022 09:46:00,09/29/2022 11:20:00,12.191302791696444,0.6593627777777442,0.8250513888888875,1.4844141666666315,96.525,91.540625,5.35625,,63.6550960458054,675.5081660602084,687.6994688519048,96.525,91.540625,0.4441905720008015,,,,8.71617148607812,22.7339841575201
EV166,09/29/2022 12:17:00,09/29/2022 13:56:00,11.417695657361037,0.862371666666661,0.7369999999999983,1.5993716666666593,90.65625,86.289063,5.12500100000003,,69.5532608319175,687.6994688519048,699.1171645092659,90.65625,86.289063,0.5391940376585378,,,,8.17312205314712,25.9093146027201
EV166,09/29/2022 15:18:00,09/30/2022 08:40:00,12.501988387815118,16.348514166666632,0.9560336111111134,17.304547777777746,85.39375,80.2125,7.19531399999998,26.413933,68.9187532653609,699.1171645092659,711.619152897081,85.870313,79.792188,0.9447524648786928,,21.6446679999999,4.76770299999998,1.30230638763264,23.1992669062674
EV166,09/30/2022 11:48:00,09/30/2022 12:07:00,0,0.30431055555555986,0,0.30431055555555986,79.221875,79.640625,1.03750000000001,1.61744799999997,70.0808261993389,711.619152897081,711.619152897081,79.6875,79.221875,1,,,1.61744399999998,0,0
EV166,09/30/2022 12:43:00,09/30/2022 13:57:00,12.09809773423217,0.4818650000000275,0.7408249999999938,1.2226900000000214,78.814063,74.192188,5.424999,,71.6487936949649,711.619152897081,723.7172506313132,79.26875,74.192188,0.3941023481013332,,,,9.82039893963696,22.1870529234272
EV166,09/30/2022 15:15:00,09/30/2022 17:02:00,11.815373220392758,0.7393908333332888,1.026554444444443,1.7659452777777318,73.423438,68.359375,6.007813,,70.3615453143863,723.7172506313132,735.5326238517059,73.760938,68.359375,0.4186940799568486,,,,6.66703505449742,23.6142176563867
EV166,10/01/2022 07:10:41,10/01/2022 07:29:00,0.177090789787826,0.25796083333335673,0.03612138888888694,0.29408222222224367,68.114063,68.90625,0.606250000000003,1.32753899999989,67.049578624337,735.5326238517059,735.7097146414937,68.90625,67.753125,0.8771724838858524,,0.339359000000059,0.983384000000001,1.12699646564066,3.07243199713672
EV166,10/01/2022 07:51:00,10/01/2022 09:21:00,11.560611031575604,0.7430805555555366,0.7429691666666685,1.486049722222205,67.485938,61.76875,6.77343899999998,,64.9522692556729,735.7097146414937,747.2703256730694,67.485938,61.76875,0.5000374781836713,,,,8.15424536776653,28.8106215948859
EV166,10/01/2022 10:17:00,10/01/2022 11:52:00,11.417695657361037,0.8042391666666617,0.7624483333333316,1.5666874999999931,61.326563,55.789063,9.09843800000001,,74.4145727323417,747.2703256730694,758.6880213304304,62.420313,55.789063,0.5133373226419852,,,,7.45482430570584,27.6697840859381
EV166,10/01/2022 12:22:00,10/01/2022 12:23:00,0,0.01116972222223466,0,0.01116972222223466,,,0,0,,758.6880213304304,758.6880213304304,,,1,,,0,,
EV166,10/01/2022 13:17:00,10/01/2022 14:41:00,11.336917402369975,0.6538077777777289,0.7179700000000011,1.37177777777773,55.832813,48.821875,8.717187,,73.9922559970244,758.6880213304304,770.0249387328004,56.475,48.821875,0.4766134780495517,,,,9.21988605458595,30.0353429720433
EV166,10/04/2022 06:07:00,10/04/2022 06:12:00,0,0.07496666666668261,0,0.07496666666668261,92.170313,92.1,0.162500000000009,0.173661000000038,71.5714500068399,788.0975204803943,788.0975204803943,92.170313,92.1,1,,,0.173660999999925,1.04912312097351,1.66875447387258
EV166,10/04/2022 10:12:00,10/04/2022 10:26:00,0.3293267318859989,0.1505713888889204,0.05020944444444808,0.2007808333333685,92.146875,91.914063,0.745312000000013,1.02172200000018,72.7301990798406,788.0975204803943,788.4268472122803,92.4375,91.878125,0.749929096264471,,0.53995400000008,0.365011999999979,0.861639897995705,1.86448639942734
EV166,10/04/2022 10:56:00,10/04/2022 12:28:00,11.377306529865564,0.6627258333332406,0.8349927777777708,1.4977186111110117,92.053125,86.115625,7.22031400000003,,75.6167592705925,788.4268472122803,799.8041537421459,92.251563,86.115625,0.442490217065293,,,,7.91671206053387,21.7609165597908
EV166,10/04/2022 13:02:00,10/04/2022 15:04:00,12.300042750337866,0.915748055555639,0.9441194444444464,1.8598675000000853,86.615625,80.584375,6.812501,,80.8154212701995,799.8041537421459,812.1041964924838,86.895313,80.584375,0.49237273921695873,,,,6.41621566702997,23.4184863522031
EV166,10/04/2022 16:52:00,10/04/2022 17:12:00,0.5157380895570896,0.21047750000002452,0.09130333333333596,0.3017808333333605,80.921875,79.95625,1.245313,2.8109300000001,77.2708939766965,812.1041964924838,812.6199345820409,81.201563,79.95625,0.6974515169673541,,1.36805099999992,1.42122199999994,1.32147011453114,3.55561023622047
EV166,10/05/2022 06:07:00,10/05/2022 07:52:00,1.1308955698719956,1.5133047222222444,0.21431305555555724,1.7276177777778017,80.46875,79.303125,1.49062500000001,6.71410600000036,67.600151578374,812.6199345820409,813.7508301519129,80.79375,79.303125,0.8759488016896749,,1.679261,4.84913299999994,0.948925257627531,13.0144953471725
EV166,10/05/2022 09:43:00,10/05/2022 09:51:00,0.19883878151574663,0.08121777777773787,0.02492472222223085,0.10614249999996872,78.395313,78.709375,0.196875000000006,0.668003000000226,72.7406455000549,813.7508301519129,813.9496689334286,78.709375,78.279688,0.7651767932521073,,0.272052000000031,0.171944000000053,1.86840103793844,5.03981746599857
EV166,10/05/2022 10:42:00,10/05/2022 12:13:00,12.29382965978698,0.6078200000000038,0.888484444444444,1.4963044444444478,78.209375,73.564063,5.15781199999999,,75.8103732461361,813.9496689334286,826.2434985932156,78.407813,73.564063,0.406214124576551,,,,9.57757584841431,25.5637073242265
EV166,10/05/2022 13:49:00,10/05/2022 17:36:00,25.078541318698857,1.268551944444425,2.19591472222222,3.4644666666666453,73.120313,61.640625,12.515624,45.4504450000004,81.1367152419516,826.2434985932156,851.3220399119144,73.459375,61.640625,0.36616081680040213,,39.4363390000001,5.96128999999996,7.51095451421869,23.354733357194
EV166,10/06/2022 08:40:00,10/06/2022 08:50:00,0.18019764574876265,0.1162238888889533,0,0.1162238888889533,62.129688,62.501563,0.0703120000000013,0.90510200000017,75.3058220193423,851.3220399119144,851.5022375576632,62.571875,62.129688,1,,0,0.482116000000019,0.760558339298497,2.23917322834646
EV166,10/06/2022 09:49:00,10/06/2022 11:18:00,12.424316988785565,0.5200750000000198,0.923474722222224,1.4435497222222438,61.884375,55.235938,6.960937,,75.6243562472735,851.5022375576632,863.9265545464488,62.164063,55.235938,0.36027508577910344,,,,9.13049765387578,21.634528727233
EV166,10/06/2022 12:18:00,10/06/2022 13:57:00,12.340432499204669,0.6824002777777878,0.9483122222222278,1.6307125000000156,54.93125,48.659375,7.06875,,80.187636295709,863.9265545464488,876.2669870456534,55.69375,48.659375,0.41846755806298247,,,,8.00387709182629,22.9174113800406
EV166,10/06/2022 14:37:00,10/07/2022 01:53:00,6.0583691243140265,0.5636105555554991,0.516627777777785,1.080238333333284,48.6125,100,3.190625,,72.4353794004421,876.2669870456534,882.3253561699674,100,46.492188,0.5217464870149255,,,,1.63612317347938,24.5201771653543
EV166,10/07/2022 08:02:00,10/07/2022 10:33:00,12.74743000874878,1.2094944444444309,1.043200000000006,2.252694444444437,100,93.671875,6.44374999999999,27.1352260000003,56.4215276862183,882.3253561699674,895.0727861787162,100,93.671875,0.5369101199797731,,22.98505,4.15244799999994,5.12609272380122,21.0417415418953
EV166,10/07/2022 11:21:00,10/07/2022 13:01:00,12.414996420901955,0.7404063888888572,0.901188888888889,1.6415952777777465,94.23125,89.05,5.192188,,57.5135635258763,895.0727861787162,907.4877825996182,94.242188,89.05,0.4510285811074927,,,,7.78856006189809,25.5122581001949
EV166,10/07/2022 14:11:00,10/07/2022 16:01:00,12.874811724528628,0.5920277777777869,1.2084905555555636,1.8005183333333503,88.234375,83.69375,5.44687399999999,,61.0657292447498,907.4877825996182,920.3625943241468,88.44375,83.69375,0.3288096359906256,,,,6.99466768552784,21.8817117409329
EV166,10/08/2022 07:09:00,10/08/2022 07:21:00,0.26718961266215047,0.137900555555575,0.06057361111110992,0.19847416666668496,83.029688,83.751563,0.243750000000006,1.01076400000011,65.3046936566086,920.3625943241468,920.629783936809,83.751563,82.890625,0.6948035498602874,,0.499811000000136,0.500493000000006,1.20253966833691,2.5657659269864
EV166,10/08/2022 08:04:00,10/08/2022 09:47:00,12.359073013600664,0.7993694444444372,0.8834472222222232,1.6828166666666604,83.110938,77.346875,5.950001,,53.3819666076069,920.629783936809,932.9888569504096,83.285938,77.346875,0.4750187351233192,,,,7.32417681365824,21.7273615833532
EV166,10/08/2022 10:24:00,10/08/2022 11:54:00,12.247226198997964,0.5853116666667688,0.8860377777777799,1.4713494444445487,76.928125,70.25625,6.695312,,60.0297808693887,932.9888569504096,945.2360831494076,76.928125,70.25625,0.3978060200972385,,,,8.4090660197226,24.6834738253599
EV166,10/08/2022 13:20:00,10/08/2022 14:58:00,12.62626262626236,0.5992038888888374,1.0167174999999986,1.615921388888836,69.976563,64.75,5.86562599999999,,63.8388208836648,945.2360831494076,957.86234577567,69.976563,64.75,0.3708125240553137,,,,8.02761059515689,26.7783640414977
EV166,10/10/2022 06:17:00,10/10/2022 14:05:00,38.406954013560835,4.544116111111066,2.930983888888882,7.475099999999948,64.5625,43.290625,23.107812,74.086804,69.7357251240684,957.86234577567,996.2692997892308,65.00625,43.25625,0.607900377401118,,59.481086,14.5509749999999,5.78081050386401,25.8578650680029
EV166,10/10/2022 15:59:00,10/10/2022 16:22:00,2.9328720273601903,0.14707166666670446,0.2150636111111126,0.36213527777781707,43.965625,42.428125,2.003125,5.44168199999967,77.738157029996,996.2692997892308,999.202171816591,44.245313,42.242188,0.40612355573084535,,4.66836699999999,0.676907000000028,6.6446328700804,19.1492934388173
EV166,10/10/2022 23:31:00,10/11/2022 06:49:00,3.0571462658077735,0.14943944444445378,0.21122861111111743,0.3606680555555712,42.359375,100,0.164062000000001,6.29376599999978,70.9749946913212,999.202171816591,1002.2593180823987,100,42.195313,0.4143406718242846,,5.62842000000001,0.380234999999857,2.08186396103618,22.9520848246242
EV166,10/11/2022 07:19:00,10/11/2022 07:27:00,0.1833045017100403,0.09105583333331424,0.0217572222222202,0.11281305555553443,100,100,0,0.603359000000182,70.7839506368394,1002.2593180823987,1002.4426225841088,100,100,0.8071391461291483,,0.339654999999993,0.201403999999911,0.949299838940587,2.87110773085183
EV166,10/11/2022 08:10:00,10/11/2022 09:43:00,12.387034717251254,0.6883477777778353,0.8276269444444466,1.515974722222282,100,93.473438,6.53281199999999,,65.5307611580723,1002.4426225841088,1014.82965730136,100,93.473438,0.45406283342823794,,,,8.6456858589857,25.9093146027201
EV166,10/11/2022 10:50:00,10/11/2022 12:12:00,12.213051404796149,0.6347405555555952,0.7057605555555568,1.340501111111152,93.753125,88.817188,5.00624999999999,,71.6565193832288,1014.82965730136,1027.0427087061562,93.823438,88.817188,0.47350990632857715,,,,10.9171615152379,31.2555932727869
EV166,10/11/2022 13:49:00,10/11/2022 15:21:00,12.66975860971911,0.5361877777777977,0.971288611111106,1.5074763888889038,87.873438,83.529688,4.97500099999999,,65.6018462660394,1027.0427087061562,1039.7124673158753,88.095313,83.529688,0.3556856888305884,,,,9.53299690373694,23.665667191104
EV166,10/12/2022 03:57:00,10/12/2022 04:00:00,0,0.03359472222217619,0,0.03359472222217619,82.645313,82.645313,0.09375,0.104061999999885,72.6964491068406,1039.7124673158753,1039.7124673158753,82.645313,82.645313,1,,,0.104062000000113,3.41020937723694,6.2007874015748
EV166,10/12/2022 08:41:00,10/12/2022 08:50:00,0.17398393382632094,0.09733305555556626,0.03461972222221732,0.13195277777778358,82.621875,83.204688,0.140625,0.621291000000383,69.5558266193386,1039.7124673158753,1039.8864512497016,83.204688,82.551563,0.7376355177568219,,0.363941000000068,0.22137500000008,4.48975495605663,20.0284097122803
EV166,10/12/2022 09:12:00,10/12/2022 10:29:00,12.234798775153196,0.4733575000000201,0.6631372222222183,1.1364947222222384,82.446875,78.034375,4.94843800000002,,62.4685609476877,1039.8864512497016,1052.1212500248548,82.657813,78.034375,0.41650655365512235,,,,10.5051403330193,27.8140652340332
EV166,10/12/2022 12:36:00,10/12/2022 16:14:00,25.70923370019068,1.4084300000000098,1.837430833333329,3.2458608333333387,77.1375,65.878125,12.85625,46.957355,62.4753975010732,1052.1212500248548,1077.8304837250455,77.1375,65.878125,0.4339157075177563,,41.8007339999999,5.07308199999989,7.53896526132624,23.6198099971168
EV166,10/12/2022 17:25:00,10/12/2022 17:49:00,2.9080171796708782,0.1739697222221821,0.20622722222221768,0.3801969444443998,65.634375,64.120313,2.71249899999999,5.16628100000025,64.5120806543354,1077.8304837250455,1080.7385009047164,65.971875,63.492188,0.45757790735644255,,4.71745699999997,0.359882999999854,7.08055572643263,23.0382065611827
EV166,10/12/2022 18:19:00,10/13/2022 04:50:00,2.9608337310110073,0.3578027777778061,0.18597194444444656,0.5437747222222526,64.120313,99.796875,0.367187999999985,5.48254399999996,68.4444716082713,1080.7385009047164,1083.6993346357274,100,64.120313,0.6579981804148011,,4.94745899999998,0.173275999999987,0.623613592271319,26.7213230981071
EV166,10/13/2022 08:00:00,10/13/2022 09:48:00,12.514415811659774,0.989373333333333,0.7589758333333378,1.7483491666666708,100,95.698438,4.301562,,55.0804776226947,1083.6993346357274,1096.2137504473872,100,95.698438,0.5658900133888191,,,,6.22547506652061,28.5623204237254
EV166,10/13/2022 11:20:00,10/13/2022 12:46:00,12.21926449534726,0.7463577777776891,0.6621955555555488,1.4085533333332378,94.195313,89.30625,5.17031299999999,,61.886309559076,1096.2137504473872,1108.4330149427344,94.195313,89.30625,0.5298754119671765,,,,9.30419470086362,26.9662657579734
EV166,10/13/2022 14:20:00,10/13/2022 16:17:00,13.890753623836872,0.8586652777777886,1.0159844444444488,1.8746497222222376,88.292188,82.145313,6.84687599999999,,56.3470218878749,1108.4330149427344,1122.3237685665713,88.571875,82.145313,0.4580403835442464,,,,7.44042299004515,26.9852815805695
EV166,10/14/2022 07:07:00,10/14/2022 11:46:00,25.025724767358497,2.7488052777777057,1.8734972222222197,4.622302499999925,81.528125,68.55625,14.193749,57.3032529999996,55.3877269314541,1122.3237685665713,1147.3494933339298,81.807813,68.55625,0.5946831211885744,,42.7693239999999,14.5370949999999,6.03268918678452,22.5841091152668
EV166,10/14/2022 13:21:00,10/14/2022 15:15:00,12.669758609719338,0.77203361111111235,1.1030713888888926,1.875105000000005,68.021875,61.407813,7.26562400000002,,64.4306662457827,1147.3494933339298,1160.0192519436491,68.103125,61.407813,0.41172820247992,,,,7.19957941570304,22.4398264137437
EV166,10/14/2022 15:36:00,10/14/2022 16:04:00,3.196954784061063,0.19718527777774852,0.2526130555555568,0.4497983333333053,60.754688,59.471875,2.21718700000001,5.30203000000029,66.7287455476701,1160.0192519436491,1163.2162067277102,61.303125,59.471875,0.4383859680325497,,4.81236199999989,0.489426000000094,6.66111700082234,13.789594083055
EV166,10/14/2022 18:28:00,10/15/2022 03:55:00,0,0.08830583333332243,0.00442555555551393,0.09273138888883636,60.067188,100,0,0.0288930000001528,68.4157533963066,1163.2162067277102,1163.2162067277102,100,60.067188,0.95227553896751,,,0.0288929999999255,0.458846114469707,12.1510373170683
EV166,10/15/2022 07:35:00,10/15/2022 08:17:00,2.96083373101078,0.3981769444444012,0.1737455555555556,0.5719224999999568,100,100,0,,58.6636478330816,1163.2162067277102,1166.177040458721,100,100,0.6962078681017643,,,,5.48937590500887,21.7441395376004
EV166,10/15/2022 08:55:00,10/15/2022 09:07:00,0.26097590073982246,0.15696138888893074,0.0390669444444427,0.19602833333337344,100,99.517188,0.482811999999996,1.03965999999991,65.563954812836,1166.177040458721,1166.4380163594608,100,99.517188,0.8007076641415711,,0.354910000000018,0.605617999999822,0.8977570985445,1.93942376521117
EV166,10/15/2022 10:22:00,10/15/2022 12:05:00,12.427424466117827,0.88331527777774,0.8076758333333345,1.6909911111110745,99.83125,94.3125,5.59843799999999,,56.2108005306536,1166.4380163594608,1178.8654408255786,99.889063,94.3125,0.5223654175197604,,,,7.59596457314285,26.1688001446552
EV166,10/15/2022 13:16:00,10/15/2022 14:46:00,11.61032072695457,0.6816147222222071,0.7951572222222154,1.4767719444444225,93.38125,88.8625,4.739063,,59.7008345033323,1178.8654408255786,1190.4757615525332,93.601563,88.8625,0.46155719898825537,,,,8.61122609585023,31.4915884981707
EV166,10/17/2022 07:25:00,10/17/2022 09:18:00,11.703526405790171,1.0968452777778452,0.7617483333333439,1.8585936111111891,88.0125,82.0625,7.31250100000001,,53.3169215432358,1190.4757615525332,1202.1792879583234,88.164063,82.0625,0.5901479867468603,,,,8.42834099437986,27.2570687186829
EV166,10/17/2022 13:05:00,10/17/2022 14:40:00,12.703934025292256,0.6559969444443823,0.9091452777777675,1.5651422222221498,81.48125,72.29375,9.210938,,46.0868660367089,1202.1792879583234,1214.8832219836156,81.504688,72.29375,0.4191292875052685,,,,7.59483082576164,23.7182358153384
EV166,10/17/2022 21:07:00,10/18/2022 05:44:00,11.694206459277892,7.488785277777765,0.7765636111111149,8.26534888888888,70.745313,59.578125,12.006249,45.9216150000002,63.6330917330206,1214.8832219836156,1226.5774284428935,71.10625,59.578125,0.9060458763991136,,26.1705010000001,19.6928,2.51001493177079,25.2997497738209
EV166,10/19/2022 08:01:00,10/20/2022 00:29:00,6.2230324902568555,2.8240463888889167,0.4090391666666733,3.23308555555559,59.282813,99.81875,2.78593800000001,18.446766,76.0829437082156,1226.5774284428935,1232.8004609331504,100,58.08125,0.8734833459746221,,14.710345,3.72928000000002,1.63874355972658,31.7040993100294
EV166,10/20/2022 08:15:00,10/20/2022 10:31:00,0.18330450170992665,2.228684722222283,0.03384472222222712,2.2625294444445103,100,100,0,0.859598999999889,50.3794720974085,1232.8004609331504,1232.9837654348603,100,100,0.9850412014281932,,0.470424999999977,0.372735000000148,0.427656781272369,1.98639942734431
EV166,10/20/2022 11:26:00,10/20/2022 15:33:00,24.019103435934312,2.4065766666666377,1.6767530555555652,4.083329722222203,100,86.848438,13.174999,57.476138,62.1527075418339,1232.9837654348603,1257.0028688707946,100,86.848438,0.5893662354939454,,44.5234010000001,12.785423,6.21365439932037,24.7763063707946
EV166,10/21/2022 07:31:00,10/21/2022 14:32:00,24.91077171816596,5.281886388888893,1.6788424999999876,6.96072888888888,85.9875,72.596875,14.031251,65.294312,65.3579087820207,1257.0028688707946,1281.9136405889606,86.534375,72.596875,0.7588122556130791,,49.490057,15.697484,4.15814982836916,31.2477636850791
EV166,10/22/2022 07:41:00,10/22/2022 08:43:00,12.33111130994962,0.2562969444444434,0.7559458333333424,1.0122427777777858,72.096875,67.625,5.33437500000001,,64.2937972468725,1281.9136405889606,1294.2447518989102,72.876563,67.625,0.2531971085109657,,,,13.952770230337,27.9818360773085
EV166,10/24/2022 14:24:00,10/24/2022 14:25:00,0,0.00916777777780453,0,0.00916777777780453,,,0,0,76.437071114343,1294.2447518989102,1294.2447518989102,,,1,,,0,,
EV166,10/25/2022 10:56:00,10/25/2022 14:19:00,14.909801757734613,2.3885841666667034,0.98043638888889,3.3690205555555934,67.159375,58.201563,10.062501,33.781551,63.8026783200715,1294.2447518989102,1309.1545536566448,68.114063,58.189063,0.7089847411966284,,27.661353,6.10656199999994,5.69777322350126,25.3467257466396
EV166,10/26/2022 07:31:00,10/26/2022 15:40:00,30.409906769466716,4.061726388888928,2.113263333333336,6.174989722222264,58.45,65.728125,15.753126,67.4379300000001,63.7407760890374,1309.1545536566448,1339.5644604261115,78.08125,55.921875,0.6577705504952951,,55.1905529999999,12.1555880000001,4.85892460893481,26.5826327373141
EV166,10/28/2022 09:28:00,10/28/2022 09:51:00,0.6213711922373477,0.24935138888889696,0.11619972222221976,0.3655511111111167,65.239063,65.576563,0.606250000000003,1.88981400000011,69.5253578937136,1339.5644604261115,1340.1858316183489,65.576563,64.854688,0.6821245547058439,,1.16293299999984,0.68476899999996,8.05968161561481,16.5320776664281
EV166,10/28/2022 10:17:00,10/28/2022 10:24:00,0.17398393382632094,0.0659638888888594,0.03061777777777763,0.09658166666663703,64.551563,65.4125,0.0703120000000013,0.456579000000147,71.1636378330896,1340.1858316183489,1340.3598155521752,65.4125,64.551563,0.6829856137867398,,0.232438000000002,0.162146000000121,,
EV166,10/29/2022 07:11:00,10/29/2022 09:11:00,13.073649884673388,1.0321369444445168,0.9444166666666832,1.9765536111112,64.49375,57.867188,7.32343600000001,,56.2285831827727,1340.3598155521752,1353.4334654368486,64.49375,57.867188,0.5221902095861994,,,,6.92989813447798,27.0087687902649
EV166,10/29/2022 10:04:00,10/29/2022 11:46:00,12.679079177602944,0.8097875000000272,0.8646233333333271,1.6744108333333545,56.85,50.801563,6.459375,,64.7125052512772,1353.4334654368486,1366.1125446144515,56.85,50.801563,0.4836253348814834,,,,7.14107673051623,20.287894011473
EV166,10/29/2022 15:18:00,10/29/2022 15:23:00,0.24544162093388877,0.03761305555553918,0.03523583333333136,0.07284888888887053,51.035938,50.89375,0.225000000000001,0.861675999999989,71.71207489434,1366.1125446144515,1366.3579862353854,51.035938,50.810938,0.5163161186015769,,0.572028000000046,0.200460000000021,3.20497047244095,6.40994094488189
EV166,11/01/2022 07:06:42,11/01/2022 12:42:00,18.352198784100665,2.2033536111111403,1.1726886111111128,3.376042222222253,50.539063,70.035938,10.026561,38.3505060000002,65.9505956078179,1366.3579862353854,1384.710185019486,74.995313,47.271875,0.6526439736469885,,34.8716519999998,3.477216,3.74257100253271,28.7356839184164
EV166,11/01/2022 15:15:00,11/01/2022 15:23:00,0.2734033245842511,0.07810722222222921,0.04245888888890192,0.12056611111113114,70.292188,70.420313,0.0812500000000114,1.21249499999976,78.2745696443442,1384.710185019486,1384.9835883440703,70.454688,70.292188,0.6478372861361873,,0.674857999999858,0.46683199999984,2.96310173586256,11.3748210450966
EV166,11/01/2022 16:38:00,11/01/2022 17:49:00,0.0994193907583849,0.0764400000000478,0.0087255555555572,0.08516555555560501,69.871875,93.659375,0.0234379999999987,0.255124000000251,75.8933215493427,1384.9835883440703,1385.0830077348287,93.682813,69.871875,0.8975459562421306,,0.0892139999996289,0.156938999999966,3.47450195813347,14.6441031252485
EV166,11/02/2022 09:11:00,11/02/2022 11:04:00,12.536163803388035,1.0412841666666282,0.8047888888888792,1.8460730555555072,96.059375,91.389063,4.995312,,65.720969773431,1385.0830077348287,1397.6191715382167,96.128125,91.389063,0.5640536074848307,,,,8.18992083339777,27.0781131939473
EV166,11/02/2022 12:09:00,11/02/2022 13:24:00,12.188195935735166,0.5067936111111067,0.7245766666666498,1.2313702777777564,90.295313,86.173438,4.87968699999999,,74.7086634061601,1397.6191715382167,1409.807367473952,90.935938,86.173438,0.41156881910915766,,,,11.4218625360249,26.7839563822278
EV166,11/02/2022 15:35:00,11/02/2022 17:10:00,12.56101927244913,0.703724722222205,0.8451802777777857,1.5489049999999909,85.032813,79.875,5.717189,,76.0398058071552,1409.807367473952,1422.368386746401,85.195313,79.875,0.45433691686850336,,,,7.29477350191548,24.0347619899785
EV166,11/04/2022 09:54:00,11/04/2022 11:39:00,11.889937763461376,0.8521441666666192,0.8703172222222406,1.7224613888888598,79.525,74.354688,5.471875,,66.8618429254689,1422.368386746401,1434.2583245098624,79.664063,74.34375,0.49472468420109417,,,,8.14322617462929,24.7763063707946
EV166,11/04/2022 13:42:00,11/04/2022 13:48:00,0,0.08596833333331233,0,0.08596833333331233,73.598438,73.459375,0.196875000000006,0.164805999999771,72.8933239493407,1434.2583245098624,1434.2583245098624,73.598438,73.459375,1,,,0.164805999999999,,
EV166,11/04/2022 15:17:00,11/05/2022 11:38:00,11.579252167342702,4.31915861111105,0.8208855555555488,5.140044166666598,73.621875,98.434375,1.753125,26.8185309999999,77.500061664442,1434.2583245098624,1445.837576677205,100,73.504688,0.8402960112912986,,23.6236780000004,3.15869500000008,2.77458053375275,27.1821316635847
EV166,11/05/2022 13:08:00,11/05/2022 14:42:00,11.576145311381197,0.7050397222221818,0.8450863888888875,1.5501261111110691,97.375,92.275,5.23906199999999,,55.7062982252771,1445.837576677205,1457.4137219885863,97.490625,92.275,0.4548273312529631,,,,6.7716954988078,23.1768972326613
EV166,11/07/2022 08:39:00,11/07/2022 08:49:00,0.18641135767165903,0.12978166666670177,0.01761722222222772,0.1473988888889295,91.401563,91.553125,0.140625,0.671623000000181,66.1944656720637,1457.4137219885863,1457.600133346258,91.553125,91.284375,0.8804792739278859,,0.15210500000012,0.266256000000112,7.49597345253718,12.33670365068
EV166,11/07/2022 09:56:00,11/07/2022 11:34:00,12.331111931321177,0.7985991666666337,0.8153511111110987,1.6139502777777324,91.215625,86.267188,5.19218799999999,,60.564924721151,1457.600133346258,1469.9312452775791,91.273438,86.267188,0.4948102662532048,,,,8.07892372828396,28.7010107845184
EV166,11/07/2022 15:35:00,11/07/2022 15:41:00,0.3200061640018248,0.043882500000052,0.04806888888889205,0.09195138888894404,85.323438,85.928125,0.0578119999999984,0.702995000000101,58.2522642336171,1469.9312452775791,1470.251251441581,85.928125,85.323438,0.47723585831913734,,0.4946359999999,0.156587000000172,4.73745824385588,9.10880458124553
EV166,11/08/2022 13:39:00,11/08/2022 14:30:00,9.040950847053637,0.2744133333333707,0.5476347222222273,0.822048055555598,85.195313,82.342188,3.457812,,62.0251836053915,1470.251251441581,1479.2922022886346,85.4625,82.342188,0.3338166564336714,,,,11.9097152096045,28.7468685998767
EV166,11/09/2022 08:36:00,11/09/2022 11:56:00,1.1712846973671276,3.134028611111148,0.18708472222222383,3.321113333333372,81.364063,80.45625,1.743751,6.82942800000001,66.0865196932916,1479.4071559591985,1480.5784406565656,81.364063,80.375,0.943668070479712,,1.28524900000002,5.54037699999981,5.28743106875167,26.5580270594727
EV166,11/09/2022 12:54:00,11/09/2022 13:01:00,0.1335948063313026,0.08494249999995418,0.00939250000000413,0.09433499999995831,79.373438,80.084375,0.0578120000000126,0.364354999999705,72.7597303062156,1480.5784406565656,1480.712035462897,80.084375,79.373438,0.9004346212963558,,0.0476340000000164,0.220303000000058,,
EV166,11/11/2022 13:09:00,11/11/2022 14:37:00,12.585873498767114,0.6670024999999669,0.7915655555555503,1.4585680555555172,79.407813,74.390625,5.55468799999998,,57.1699161983966,1480.712035462897,1493.297908961664,79.467188,74.390625,0.4572995394074561,,,,11.2197841130235,26.6184230966158
EV166,11/12/2022 07:04:00,11/12/2022 10:01:00,11.622748150799223,2.270773333333352,0.6420505555555422,2.9128238888888944,74.285938,65.017188,10.829687,37.6528330000001,43.5699363911016,1493.297908961664,1504.9206571124632,74.309375,64.726563,0.7795779696792948,,27.9165789999997,9.71855600000004,4.48756053338977,31.7678510622962
EV166,11/12/2022 13:37:00,11/12/2022 13:54:00,0.2547621888172671,0.22156944444446935,0.05276666666665619,0.27433611111112555,64.726563,61.535938,3.37656199999999,,42.2527234618211,1504.9206571124632,1505.1754193012805,64.726563,61.535938,0.8076568686020268,,,,1.47513521037143,7.69841624910523
EV166,11/14/2022 09:54:00,11/14/2022 10:00:00,0.19573192555458263,0.05874000000000023,0.02259055555556699,0.08133055555556723,62.642188,62.571875,0.0812500000000042,0.740467999999964,61.8602970614765,1505.1754193012805,1505.371151226835,62.653125,62.571875,0.7222377813448905,,0.192979999999807,0.385031000000026,1.38130816034359,1.38130816034359
EV166,11/14/2022 11:12:00,11/14/2022 14:43:00,12.396355906506187,1.036680555555506,0.8247380555555566,1.8614186111110629,61.151563,92.809375,11.720313,,56.6325333865446,1505.371151226835,1517.7675071333413,92.809375,50.720313,0.5569303698627583,,,,4.32266429436705,26.1229423292969
EV166,11/15/2022 09:42:00,11/15/2022 09:46:00,0.2268004851666774,0.02661833333331742,0.02533916666666869,0.05195749999998611,95.803125,95.74375,0.0703129999999987,0.593277999999827,63.3083316173346,1517.7675071333413,1517.994307618508,95.814063,95.74375,0.5123097403324743,,0.370801999999912,0.173577000000023,0.441794917680744,0.441794917680744
EV166,11/15/2022 10:13:00,11/15/2022 11:46:00,12.45227869243604,0.7659405555555736,0.7722286111111032,1.5381691666666768,95.267188,89.189063,6.46249899999999,,43.7156687200363,1517.994307618508,1530.446586310944,95.58125,89.189063,0.4979559934980506,,,,7.84491017062627,23.8446224051539
EV166,11/15/2022 13:05:00,11/15/2022 14:49:00,12.315577030143912,0.907300277777722,0.8078486111111118,1.7151488888888338,87.884375,81.539063,7.03125000000001,,43.5158474513219,1530.446586310944,1542.762163341088,88.478125,81.539063,0.5289921380327046,,,,6.81178423009624,24.8971003091943
EV166,11/15/2022 21:37:00,11/15/2022 22:20:00,0,0.7074916666666695,0,0.7074916666666695,80.317188,79.804688,0.570312000000001,0,65.7316819513816,1542.762163341088,1542.762163341088,80.317188,79.804688,1,,,0,3.41779010578223,8.26547959914102
EV166,11/16/2022 07:27:00,11/16/2022 13:57:00,12.039066849598612,2.0577199999999607,0.8664208333333363,2.924140833333297,81.31875,94.440625,4.35312600000003,28.492056,55.1842022748013,1542.762163341088,1554.8012301906865,98.667188,81.31875,0.7037007166492447,,21.8439579999999,6.408365,3.62782061203294,24.5593238611509
EV166,11/17/2022 09:55:00,11/17/2022 14:45:00,23.379091729300853,3.173213333333365,1.6396547222222182,4.812868055555583,94.964063,76.985938,18,77.6081599999998,40.6423832552479,1554.8012301906865,1578.1803219199874,94.964063,76.985938,0.6593185802528839,,53.705027,23.8991130000002,5.7727047419057,25.0123028389207
EV166,11/18/2022 07:48:00,11/18/2022 08:31:00,0,0.6697205555556138,0,0.6697205555556138,76.067188,76.742188,0.314061999999993,0.0261310000000776,58.8039886298999,1578.1803219199874,1578.1803219199874,77.021875,76.067188,1,,,0.0261309999998502,1.7435240694345,7.5205798138869
EV166,11/18/2022 10:18:00,11/18/2022 14:54:00,23.751913823271707,2.6127758333333873,1.746478333333343,4.35925416666673,77.534375,52.875,25.239062,97.6632940000004,34.2885963103956,1578.1803219199874,1601.932235743259,77.74375,52.864063,0.5993630408871584,,65.0427370000002,32.4535800000001,6.06498226695385,31.8931194946512
EV166,11/19/2022 07:26:00,11/19/2022 09:30:00,0,1.912947222222158,1.1194444437023776e-4,1.913059166666528,52.44375,57.8125,0.439062999999997,0.15248100000008,58.3799355600514,1601.932235743259,1601.932235743259,57.954688,52.360938,0.9999414840657724,,,0.15248100000008,1.2769177951162,16.3766102834447
EV166,11/19/2022 13:43:00,11/19/2022 13:57:00,0,0.2193525000000136,0,0.2193525000000136,57.3875,57.301563,0.193750000000001,2.06044599999996,56.3783371613302,1601.932235743259,1601.932235743259,57.495313,57.301563,1,,,2.06044599999996,2.43378673013885,6.01064812743577
EV166,11/21/2022 07:48:00,11/21/2022 15:15:00,37.953353043227935,3.288548611111139,2.8135277777777645,6.102076388888904,56.459375,73.179688,21.695313,99.5847819999999,51.2068318119273,1601.932235743259,1639.885588786487,83.157813,44.954688,0.5389228848559096,,79.6731560000003,19.8583119999998,5.58553331781035,29.2814960629921
EV166,11/22/2022 07:37:00,11/22/2022 09:23:00,12.679079177602487,0.9238038888889264,0.8215727777777744,1.7453766666667008,72.364063,64.598438,8.557812,,47.811980378052,1639.885588786487,1652.5646679640895,72.8875,64.598438,0.5292862603997084,,,,9.02930939562952,24.1432524680864
EV166,11/22/2022 10:13:00,11/22/2022 11:52:00,12.340431877833453,0.7968494444444332,0.8017405555555683,1.5985900000000015,63.223438,57.485938,7.17031300000001,,54.9284249549233,1652.5646679640895,1664.905099841923,63.817188,57.485938,0.49847017962356355,,,,8.42524161397439,25.4496245053885
EV166,11/22/2022 13:05:00,11/23/2022 06:50:00,12.62004953571136,2.634831944444443,0.9155163888888892,3.550348333333332,56.76875,100,9.135938,29.3122250000006,66.5425898419315,1664.905099841923,1677.5251493776343,100,48.903125,0.7421333618751335,,24.1413899999998,5.1207559999998,2.12994110034193,22.0494816521514
EV166,11/23/2022 08:15:00,11/23/2022 09:55:00,12.225478207269587,0.8421799999999848,0.8068622222222217,1.6490422222222063,100,97.28125,2.71875,,48.6774649436496,1677.5251493776343,1689.750627584904,100,97.28125,0.5107085729224597,,,,7.35042349898813,21.4790622763064
EV166,11/23/2022 11:16:00,11/23/2022 12:54:00,12.306256462260537,0.8123311111111207,0.7769816666666571,1.5893127777777778,96.151563,91.307813,5.146874,,61.4590473824763,1689.750627584904,1702.0568840471644,96.26875,91.307813,0.5111209841570299,,,,8.84319169798377,47.7093772369363
EV166,11/23/2022 13:51:00,11/23/2022 13:56:00,0.33554044380821324,0.02907694444451181,0.05173583333333909,0.0808127777778509,90.457813,90.83125,0,0.615472999999838,66.0308294393363,1702.0568840471644,1702.3924244909726,90.83125,90.457813,0.35980627376084573,,0.484877000000324,0.110429000000067,14.355538757821,22.9017540687386
EV166,11/25/2022 08:11:00,11/25/2022 12:59:00,12.505095243776395,3.889506111111132,0.8855480555555602,4.775054166666692,90.81875,83.529688,7.348437,30.438623,53.1622552971096,1702.466989034041,1714.9720842778174,90.83125,83.529688,0.8145470135737262,,22.9549669999997,7.43840799999998,5.6990105906506,24.4139223807961
EV166,11/25/2022 14:17:00,11/25/2022 15:48:00,12.399462762467463,0.6484961111110579,0.813321111111108,1.461817222222166,82.446875,77.639063,5.64687500000002,,57.9318775851645,1714.9720842778174,1727.371547040285,82.540625,77.639063,0.4436232527930225,,,,10.1143633679313,46.1133241246123
EV166,11/26/2022 08:05:00,11/26/2022 08:10:00,0.220586773244122,0.02509027777773553,0.03778833333333864,0.06287861111107418,77.440625,77.278125,0.209374999999994,0.654156000000512,63.2277066818345,1727.371547040285,1727.592133813529,77.4875,77.278125,0.3990272261805197,,0.464621000000079,0.141362000000072,3.12462728084652,8.06527411168774
EV166,11/26/2022 10:05:00,11/26/2022 11:48:00,12.203730215540872,0.991229722222272,0.7108969444444284,1.7021266666667003,76.695313,70.09375,7.02187599999999,,55.9804769026953,1727.592133813529,1739.79586402907,76.964063,70.09375,0.5823478015084574,,,,8.82670736864105,28.6775238855086
EV166,11/26/2022 13:08:00,11/26/2022 14:50:00,12.30625646226099,0.9249100000000112,0.7456372222222285,1.6705472222222395,69.104688,63.98125,5.77499999999999,,59.3771015408422,1739.79586402907,1752.1021204913309,69.314063,63.98125,0.5536569021794265,,,,8.35188668518986,26.4070319956454
EV166,11/28/2022 09:09:00,11/28/2022 15:25:00,12.508202099737218,1.673560000000009,0.8998308333333256,2.573390833333334,64.190625,100,10.381249,31.4544109999997,60.5750244045026,1752.1021204913309,1764.610322591068,100,54.123438,0.650332618863118,,20.0661149999996,11.2725290000001,3.30397382534586,23.9251511796111
EV166,11/29/2022 07:21:00,11/29/2022 09:12:00,12.533057568798313,0.984482499999956,0.8532513888888928,1.8377338888888488,100,96.221875,3.778125,,52.708128043926,1764.610322591068,1777.1433801598664,100,96.221875,0.5357046011679116,,,,7.42610921193445,26.0077397995705
EV166,11/29/2022 13:39:00,11/29/2022 15:25:00,12.691506601447372,0.6998708333333639,1.045471111111098,1.745341944444462,95.220313,89.539063,5.773438,,60.1571775962017,1777.1433801598664,1789.8348867613138,95.301563,89.539063,0.4009935334225472,,,,7.33819955651702,21.898487520381
EV166,11/29/2022 18:37:00,11/29/2022 19:02:00,0.20194563747736535,0.3568555555555122,0.04365027777778607,0.40050583333329826,88.653125,89.410938,0.046875,0.7886239999998,68.7345772763381,1789.8348867613138,1790.0368323987911,89.410938,88.653125,0.891012129799716,,0.606405999999879,0.176409999999805,,
EV166,11/30/2022 07:59:00,11/30/2022 10:18:00,12.632476338185144,1.4394166666666024,0.8518799999999942,2.2912966666665966,89.026563,79.210938,9.873437,44.6036280000008,42.9959422068688,1790.0368323987911,1802.6693087369763,89.084375,79.210938,0.6282105183527725,,32.787863,11.7730729999998,10.6487236162433,25.3456063464368
EV166,11/30/2022 11:11:00,11/30/2022 13:13:00,12.54548437127164,1.0732588888888586,0.9524961111111168,2.0257549999999753,77.814063,67.45,11.340625,48.9979409999996,38.0314332342021,1802.6693087369763,1815.214793108248,78.489063,67.45,0.5298068566479518,,36.750078,12.1862839999999,7.06321408952112,25.8410880458125
EV166,11/30/2022 14:06:00,12/01/2022 09:32:00,25.597386885588097,6.13033833333327,2.1335505555555585,8.263888888888829,66.798438,96.221875,18.29375,91.7283539999999,52.2223799389112,1815.214793108248,1840.812179993836,100,52.621875,0.7418224537815103,,73.7355770000004,17.8628079999999,2.51343317016148,21.801180480991
EV166,12/01/2022 10:41:00,12/01/2022 12:37:00,12.237905631114472,1.1438619444444384,0.7690886111111155,1.912950555555554,95.3375,86.989063,8.46249999999999,,40.5140229297046,1840.812179993836,1853.0500856249505,95.382813,86.989063,0.5979568792943742,,,,8.85528516667788,22.1590915304621
EV166,12/01/2022 13:09:00,12/01/2022 14:54:00,12.511309577069824,0.8029294444444304,0.92332277777777,1.7262522222222003,86.15,78.978125,7.346875,,43.3997744309728,1853.0500856249505,1865.5613952020203,86.325,78.978125,0.46512869562642545,,,,6.8412179303158,24.3110233113616
EV166,12/02/2022 06:11:00,12/02/2022 08:58:00,0,0,0.01758722222220399,0.01758722222220399,78.8375,97.851563,0,,66.637336307072,1865.5613952020203,1865.5613952020203,97.851563,78.8375,0,,,,1.54645427992192,12.927255142468
EV166,12/02/2022 09:25:00,12/02/2022 14:09:00,24.093667979002475,3.0308924999999363,1.6615441666666726,4.692436666666609,100,89.8875,10.125,50.3870420000003,51.0111662905932,1865.5613952020203,1889.6550631810228,100,89.8875,0.6459101561306756,,42.1946250000001,8.18075499999986,5.31278211179547,27.1754205440229
EV166,12/03/2022 06:58:00,12/03/2022 07:05:00,0.20815934939969336,0.07505055555566287,0.02861722222220919,0.10366777777787206,89.317188,89.246875,0.115624999999994,0.727843000000576,54.4363074649539,1889.6550631810228,1889.8632225304225,89.328125,89.2125,0.7239525835739719,,0.314068000000134,0.411400000000185,0,0
EV166,12/03/2022 08:52:00,12/03/2022 10:45:00,13.157534995625156,1.0662816666666686,0.7946230555555474,1.860904722222216,88.909375,76.370313,12.551562,,33.135461018789,1889.8632225304225,1903.0207575260476,88.909375,76.370313,0.5729910048233737,,,,7.66740418908122,36.0426347629842
EV166,12/03/2022 11:57:00,12/03/2022 13:48:00,11.554397319653615,1.0993752777777672,0.7038222222222146,1.8031974999999816,75.204688,64.05,43.640625,,41.0507818558068,1903.0207575260476,1914.5751548457013,75.204688,32.321875,0.6096810126332686,,,,6.57556029637876,31.3103975905711
EV166,12/05/2022 07:19:00,12/05/2022 09:15:00,11.548184229101707,1.056309166666665,0.7792227777777754,1.8355319444444405,64.49375,52.49375,13.373438,,50.0881748706254,1914.5751548457013,1926.123339074803,64.49375,52.49375,0.5754784981344346,,,,7.17746118408292,24.0515390121689
EV166,12/05/2022 10:07:00,12/05/2022 11:33:00,12.328004453989024,0.6940097222221766,0.7126838888888898,1.4066936111110664,51.535938,42.835938,9.695312,,49.3790282446483,1926.123339074803,1938.451343528792,52.53125,42.835938,0.4933623901753689,,,,10.2363447121588,25.9786593170882
EV166,12/05/2022 12:05:00,12/05/2022 15:14:00,6.114292531615092,0.8270338888888773,0.42652111111111424,1.2535549999999915,41.870313,63.735938,8.69843700000001,,64.8367072603057,1938.451343528792,1944.565636060407,66.939063,37.107813,0.6597507798930904,,,,2.56716755949055,28.4348150550783
EV166,12/06/2022 06:30:00,12/06/2022 09:04:00,1.0376898910360524,0.28638583333338374,0.1733555555555597,0.45974138888894345,63.945313,96.629688,1.840625,2.46868200000063,61.5589580168335,1944.565636060407,1945.6033259514431,96.629688,62.245313,0.6229281075290873,,1.62626,0.791220000000067,1.00168003467956,9.01932712956335
EV166,12/06/2022 18:23:00,12/07/2022 02:03:00,0,7.631798611111094,0,7.631798611111094,99.959375,95.15,4.807813,,68.2456714174628,1945.6033259514431,1945.6033259514431,99.959375,95.15,1,,,,1.3596469937074,14.1575697924123
EV166,12/08/2022 03:36:00,12/08/2022 04:10:00,0,0.5523569444444547,0,0.5523569444444547,95.75625,95.871875,0.0234379999999987,0.833201999999801,66.9067215957655,1945.6033259514431,1945.6033259514431,95.871875,95.75625,1,,,0.833202000000028,1.93575769243728,6.02183280889605
EV166,12/08/2022 07:24:00,12/08/2022 07:37:00,0.24544162093411617,0.14017916666671226,0.05498805555555464,0.1951672222222669,95.395313,95.371875,0.106250000000003,1.23827999999958,60.8196728939759,1945.6033259514431,1945.8487675723773,95.465625,95.371875,0.7182515848233404,,0.457463000000189,0.730907000000116,1.0815586972083,1.0815586972083
EV166,12/08/2022 08:09:00,12/08/2022 09:28:00,11.461191640817788,0.6045241666666925,0.6917291666666756,1.296253333333368,94.976563,87.478125,7.59062499999999,,45.3667053456356,1945.8487675723773,1957.309959213195,95.06875,87.478125,0.4663626708770994,,,,11.4417596784024,26.9685045583791
EV166,12/08/2022 10:50:00,12/08/2022 11:54:00,11.41458942277086,0.33374222222221306,0.7303247222222069,1.06406694444442,86.5,79.828125,6.90468799999999,,46.7898832936317,1957.309959213195,1968.724548635966,86.732813,79.828125,0.31364776808894246,,,,10.6312635148234,24.1544377709178
EV166,12/08/2022 13:47:00,12/08/2022 15:04:00,11.523328760041297,0.5260336111111883,0.7494941666666648,1.275527777777853,78.651563,70.885938,7.8125,,45.2773068855279,1968.724548635966,1980.2478773960072,78.698438,70.885938,0.412404669091262,,,,11.4893114551926,28.5041610121888
EV166,12/09/2022 10:58:00,12/09/2022 13:04:00,0,0.02392444444444663,6.0972222220812e-4,0.02453416666665475,70.582813,96.676563,0,0.0137149999991379,65.8736867079077,1980.2478773960072,1980.2478773960072,96.676563,70.582813,0.9751480361859278,,,0.0137150000000474,1.81321662961519,8.99136573659827
EV166,12/09/2022 18:01:00,12/09/2022 18:09:00,0.05903026326245708,0.10772277777778072,0.02042361111109869,0.1281463888888794,100,100,0,1.0462120000002,66.1058293793364,1980.2478773960072,1980.3069076592697,100,100,0.8406228120184582,,0.320584000000053,0.712241000000176,,
EV166,12/10/2022 05:58:00,12/10/2022 07:12:00,12.592087210689442,0.3872230555556371,0.8180477777777924,1.2052708333334294,99.865625,94.90625,5.11093700000001,,50.1750921239262,1980.3069076592697,1992.898994869959,99.99375,94.90625,0.32127472502150445,,,,11.1455350111964,26.5423675733715
EV166,12/10/2022 08:10:00,12/10/2022 09:47:00,12.58276664280652,0.7485488888888767,0.8447475000000111,1.5932963888888878,93.659375,86.40625,7.57968799999999,,48.8365574804682,1992.898994869959,2005.4817615127656,93.870313,86.40625,0.4698114513464064,,,,10.3038741023763,24.7763063707946
EV166,12/10/2022 11:40:00,12/10/2022 13:17:00,12.644904383400444,0.673537222222194,0.9193833333333288,1.5929205555555228,85.05625,78.1625,7.62656300000002,,48.8803223264087,2005.4817615127656,2018.126665896166,85.626563,78.1625,0.42283164711080107,,,,9.4805554468156,27.9415709133659
EV166,12/12/2022 07:11:00,12/12/2022 07:18:00,0.2050524934384157,0.06688111111122907,0.03478777777777964,0.10166888888900873,77.74375,77.74375,0.046875,1.15868399999999,66.1503605937114,2018.126665896166,2018.3317183896045,77.790625,77.74375,0.6578326156809166,,0.557189000000108,0.448086000000103,2.85433070866142,6.11913922691482
EV166,12/12/2022 07:59:00,12/12/2022 09:14:00,11.299635130835895,0.558678888888835,0.6693311111111058,1.2280099999999408,77.160938,71.746875,5.659375,,47.6688248981707,2018.3317183896045,2029.6313535204404,77.40625,71.746875,0.45494653047520944,,,,9.38254160879038,26.2437362676967
EV166,12/12/2022 10:14:00,12/12/2022 11:31:00,11.51400819215769,0.5016316666667535,0.7665580555555493,1.2681897222223029,71.10625,62.665625,8.440625,,47.5197331371023,2029.7587346148491,2041.2727428070068,71.10625,62.665625,0.3955493865600196,,,,9.93229322923246,22.5841094259524
EV166,12/12/2022 13:13:00,12/12/2022 14:42:00,11.737701821363087,0.6311897222223024,0.8375811111111062,1.4687708333334086,63.223438,53.170313,10.065625,,47.0804539746367,2041.2727428070068,2053.01044462837,63.235938,53.170313,0.42974009824923,,,,9.35273976350067,23.700340325002
EV166,12/12/2022 19:24:00,12/12/2022 23:46:00,0.10873995864176322,1.2675488888888822,0.0243969444444474,1.2919458333333296,52.270313,97.3625,4.2375,4.82224399999996,72.0060329925068,2053.01044462837,2053.1191845870117,97.3625,50.692188,0.9811161243645168,,0.319698000000244,4.49219700000003,4.19094081473287,22.6612831066571
EV166,12/13/2022 07:20:00,12/13/2022 09:02:00,11.669351611588354,0.508166944444497,0.859445000000008,1.367611944444505,100,95.826563,4.17343700000001,,49.0565783128549,2053.1191845870117,2064.7885361986,100,95.826563,0.3715724672548862,,,,8.79371609088637,23.7976464323352
EV166,12/13/2022 09:42:00,12/13/2022 09:48:00,0.12738109440851986,0.07680527777779389,0.00475027777775949,0.08155555555555338,94.89375,94.859375,0.046875,1.09037100000023,42.8156694400358,2064.7885361986,2064.9159172930085,94.90625,94.859375,0.9417540871936833,,0.100116999999955,0.845051000000012,0.504429133858268,0.909314602720115
EV166,12/13/2022 10:21:00,12/13/2022 11:29:00,11.507794480235589,0.4091466666666293,0.7167661111110988,1.125912777777728,94.4875,87.76875,6.76406300000001,,42.5460656184517,2064.9159172930085,2076.423711773244,94.532813,87.76875,0.3633910856524633,,,,10.4034687528997,36.022505132526
EV166,12/13/2022 13:21:00,12/13/2022 14:47:00,11.66935099021748,0.5782747222223179,0.8203233333333344,1.3985980555556523,86.464063,77.859375,9.59375000000001,,42.3437117611235,2076.423711773244,2088.0930627634616,87.360938,77.859375,0.4134674146909018,,,,8.09765346159677,27.0199531610395
EV166,12/14/2022 12:33:00,12/14/2022 12:37:00,0.1025262467187531,0.04231666666669298,0.01489388888887788,0.05721055555557086,77.114063,77.220313,0,0.696484999999484,67.099578584337,2088.0930627634616,2088.1955890101804,77.220313,77.114063,0.7396653686676603,,0.231718999999885,0.385912999999846,,
EV166,12/14/2022 14:42:00,12/14/2022 16:07:00,11.85576234788823,0.3996230555555939,0.982729166666644,1.382352222222238,76.4625,70.653125,6.40312500000002,,53.029895072642,2088.1955890101804,2100.0513513580686,76.742188,70.653125,0.2890891692662591,,,,9.44210807150132,22.6590452383083
EV166,12/16/2022 07:06:00,12/16/2022 07:11:00,0.09631253479710722,0.05965555555553692,0.01305916666666462,0.07271472222220154,70.653125,70.198438,0.454687000000007,0.629719999999907,72.0120746543402,2100.0513513580686,2100.1476638928657,70.653125,70.198438,0.820405465804319,,0.218766999999843,0.371024000000034,,
EV166,12/16/2022 08:14:00,12/16/2022 10:01:00,12.511308955698496,0.861469444444424,0.9041850000000125,1.7656544444444364,69.790625,60.21875,10.224999,,42.4225149926546,2100.1476638928657,2112.658972848564,69.790625,60.21875,0.48790376121160306,,,,7.8291342324125,27.4114179442058
EV166,12/16/2022 10:42:00,12/16/2022 15:01:00,25.317769849081287,1.242373611111134,1.910560000000004,3.1529336111111377,59.190625,73.376563,20.757812,89.7202280000001,41.7432786446579,2112.658972848564,2137.9767426976455,82.5875,48.390625,0.3940373519863947,,72.5135179999997,16.6863250000001,6.46165633988491,24.529124599837
EV166,12/19/2022 06:49:00,12/19/2022 11:19:00,25.122037302155604,1.2987441666666657,1.7831950000000063,3.081939166666672,71.526563,87.570313,21.975,89.2257399999999,36.092561437896,2137.9767426976455,2163.098779999801,95.126563,57.665625,0.4214048676604302,,70.8427579999998,17.527073,6.43123486722158,25.0861229793009
EV166,12/19/2022 12:13:00,12/19/2022 13:46:00,12.315577651515468,0.7586394444444977,0.7549638888888808,1.5136033333333785,86.173438,76.8,10.001562,,34.6336189801816,2163.098779999801,2175.4143576513165,86.696875,76.8,0.5012141739763225,,,,9.21559289064364,25.2717883808558
EV166,12/20/2022 01:07:00,12/20/2022 01:29:00,0,0.3504913888889405,0,0.3504913888889405,75.798438,74.390625,1.44374999999999,,67.1545785403371,2175.4143576513165,2175.4143576513165,75.798438,74.390625,1,,,,1.3219050743657,2.34207229778096
EV166,12/20/2022 06:08:00,12/20/2022 06:15:00,0,0.10716916666660836,0,0.10716916666660836,73.925,73.83125,0.09375,1.01593699999921,63.949581104335,2175.4143576513165,2175.4143576513165,73.925,73.83125,1,,,1.01593700000012,,
EV166,12/20/2022 07:39:00,12/20/2022 07:43:00,0.09631253479619772,0.0407327777777482,0.00289000000003625,0.04362277777778445,73.435938,73.504688,0,0.64243499999975,61.3540474664762,2175.4143576513165,2175.5106701861127,73.504688,73.435938,0.9337502069501858,,-0.028182999999899,0.302822999999989,,
EV166,12/20/2022 08:48:00,12/20/2022 09:52:00,11.529542471964303,0.382167777777795,0.6746719444444125,1.0568397222222077,72.748438,65.239063,8.289062,,41.3771559804569,2175.5106701861127,2187.040212658077,73.48125,65.239063,0.3616137525321382,,,,11.8810769999039,33.9533375089477
EV166,12/20/2022 11:34:00,12/20/2022 12:45:00,11.498473912351528,0.4820505555555883,0.6765866666666511,1.1586372222222394,64.214063,54.557813,9.935937,,40.374275289255,2187.040212658077,2198.5386865704286,64.48125,54.557813,0.4160496023345655,,,,11.3954380480494,27.7469580773284
EV166,12/20/2022 13:27:00,12/20/2022 13:34:00,0.25476218881749446,0.05318555555550119,0.05964805555555586,0.11283361111105704,54.360938,53.884375,0.476562999999999,2.07007299999987,45.6808457193233,2198.5386865704286,2198.793448759246,54.360938,53.884375,0.4713626997469136,,1.32082300000002,0.742457999999942,7.16080568645775,11.4766010250139
EV166,12/21/2022 05:59:00,12/21/2022 09:15:00,2.3984928020358893,1.416256388888769,0.32996277777780847,1.7462191666665774,53.790625,93.03125,0.760936999999991,,61.7911589180293,2198.793448759246,2201.191941561282,93.415625,53.790625,0.8110416011481041,,,,1.6220324849272,17.1930926514157
EV166,12/21/2022 09:48:00,12/21/2022 09:57:00,0.19883878151586032,0.10308722222214328,0.03134222222220728,0.13442944444435057,93.578125,93.554688,0.209373999999997,0.873563999999533,62.2845824363339,2201.191941561282,2201.390780342798,93.625,93.439063,0.7668500204567761,,0.493999000000258,0.333888999999999,0,0
EV166,12/21/2022 11:08:00,12/21/2022 12:45:00,12.570339840332508,0.7617769444444775,0.8321066666666752,1.5938836111111527,93.298438,84.439063,9.23124900000001,,36.5553507875764,2201.390780342798,2213.9611201831303,93.578125,84.439063,0.4779376230071252,,,,9.09895248318966,25.6453558095721
EV166,12/21/2022 13:43:00,12/21/2022 13:46:00,0.2112662053600616,0.00972500000000309,0.03720277777776459,0.04692777777776769,83.529688,83.553125,0,,51.6758409233272,2213.9704407510144,2214.1817069563745,83.553125,83.529688,0.20723333727961796,,,,,
EV166,12/21/2022 16:27:00,12/21/2022 16:32:00,0.29825817227401785,0.03456444444441331,0.0308727777777733,0.06543722222218662,83.239063,83.228125,0.0687499999999943,1.05494499999986,59.1201206821891,2214.1817069563745,2214.4799651286485,83.296875,83.228125,0.5282076969442961,,0.415282999999818,0.339179000000058,,
EV166,12/22/2022 10:43:00,12/22/2022 12:47:00,1.7243050584588673,1.646865277777806,0.4063663888888698,2.053231666666676,82.378125,82.203125,1.36250099999999,5.25796300000002,65.3103800156959,2214.4799651286485,2216.2042701871073,83.367188,82.203125,0.802084491737561,,3.20952299999999,1.94506300000012,2.40160741866458,12.9373213557822
EV166,12/22/2022 23:46:00,12/23/2022 00:17:00,0,0.5069550000000618,0,0.5069550000000618,81.609375,81.784375,0.0234379999999987,1.24126800000067,63.0794646129282,2216.2042701871073,2216.2042701871073,81.795313,81.609375,1,,,1.24126499999988,1.24408609967788,3.72897279885469
EV166,12/23/2022 00:53:00,12/23/2022 06:30:00,0,5.604018888888959,0,5.604018888888959,81.2125,77.498438,3.86562500000001,,63.0156321473522,2216.2042701871073,2216.2042701871073,81.364063,77.498438,1,,,,1.28396834454243,18.6538117394417
EV166,12/23/2022 07:43:00,12/23/2022 09:16:00,12.812673983933564,0.658463611111074,0.8834797222222335,1.5419433333333077,76.415625,60.089063,17.117187,,11.9194544592056,2216.2042701871073,2229.016944171041,77.114063,60.089063,0.4270348960798938,,,,9.57943652547384,22.8424743249423
EV166,12/23/2022 10:42:00,12/24/2022 09:08:00,13.865898154776003,6.300911388888835,1.15331611111111,7.454227499999945,58.078125,100,26.082813,92.9853210000001,46.2512468174066,2229.016944171041,2242.882842325817,100,32.764063,0.8452802639695236,,60.5643180000002,32.4150279999999,1.7159328748221,39.3477112413505
EV166,12/27/2022 08:18:00,12/27/2022 08:32:00,0.05592340730163414,0.20766805555547307,0,0.20766805555547307,100,100,0,6.47061399999984,56.7795868403304,2242.882842325817,2242.9387657331185,100,100,1,,0,6.11766899999998,2.1749731567645,5.67287043664996
EV166,12/29/2022 06:54:00,12/29/2022 06:58:00,0.158449654020842,0.03492722222210887,0.01150305555555064,0.04643027777765951,100,100,0,0.367021000000022,69.4958266673386,2242.9387657331185,2243.0972153871394,100,100,0.7522509856470108,,0.0812769999997727,0.0824709999999413,9.24302060342599,11.209287448799
EV166,12/29/2022 08:09:00,12/29/2022 09:38:00,12.346645589755552,0.7419383333333371,0.7286552777777615,1.4705936111110989,99.970313,92.798438,7.23749999999998,,52.9978320532343,2243.0972153871394,2255.443860976895,100,92.798438,0.5045162223795939,,,,9.79842009864771,26.2034714144397
EV166,12/29/2022 12:22:00,12/29/2022 13:44:00,12.107418302115548,0.45021555555558734,0.8927411111111212,1.3429566666667083,91.657813,87.465625,4.623437,,59.287866083707,2255.443860976895,2267.5512792790105,92.065625,87.465625,0.33524205711942057,,,,9.68986316227335,28.7580539027082
EV166,12/29/2022 15:32:00,12/29/2022 15:37:00,0.23301419708923277,0.03512250000005679,0.0355930555555517,0.07071555555560849,86.510938,87.046875,0.0578119999999984,0.553732000000309,68.3745775643378,2267.5512792790105,2267.7842934760997,87.046875,86.510938,0.496672899252521,,0.325369000000137,0.0775499999999738,,
EV166,12/30/2022 08:57:00,12/30/2022 09:06:00,0.34486101169159156,0.04868111111113649,0.08213555555556695,0.13081666666670344,86.464063,87.232813,0.0703120000000013,0.891047000000071,68.4058275393379,2267.7842934760997,2268.1291544877913,87.232813,86.464063,0.3721323310826052,,0.660409999999501,0.218012999999928,4.2148353614889,8.75984251968504
EV166,01/05/2023 08:10:03,01/05/2023 08:17:00,0,0.10457833333339296,0,0.10457833333339296,86.24375,86.034375,0.278125000000003,0.301288999999997,73.4487922549661,2268.1291544877913,2268.1291544877913,86.24375,86.034375,1,,,0.301288999999997,5.69151157241708,10.2015479599141
EV166,01/11/2023 10:51:00,01/11/2023 14:32:00,12.741216296826678,2.71954638888883,0.9487827777777796,3.66832916666661,86.115625,81.096875,5.098437,22.4060170000002,64.7382722106703,2268.1291544877913,2280.870370784618,86.115625,81.085938,0.7413583310900278,,19.3043690000004,3.08798999999999,4.7187555353342,22.1009299441263
EV166,01/11/2023 21:12:00,01/11/2023 21:22:00,0,0.16018472222208402,0,0.16018472222208402,80.596875,80.28125,0.384375000000006,0.329651000000013,67.2683284493371,2280.870370784618,2280.870370784618,80.596875,80.28125,1,,,0.329651000000013,,
EV166,01/16/2023 22:25:00,01/16/2023 22:55:00,0,0.4941444444444869,0,0.4941444444444869,80.55,79.909375,0.721874999999997,0.717251000000033,70.011874641597,2280.870370784618,2280.870370784618,80.55,79.909375,1,,,0.717251000000033,2.64547540281423,8.31469188688062
EV166,01/16/2023 23:28:00,01/17/2023 00:09:00,0,0.5005072222221543,0,0.5005072222221543,80.340625,80.129688,0.839061999999998,0.683309000000008,70.3462556744954,2280.870370784618,2280.870370784618,80.340625,79.6875,1,,,0.683309000000008,0.811137954346616,3.31961345740873
EV166,01/17/2023 00:47:00,01/17/2023 04:38:00,0,3.838592222222246,0,3.838592222222246,80.071875,77.370313,3.55,,71.203885645719,2280.870370784618,2280.870370784618,80.503125,77.359375,1,,,,1.36120466497208,23.1153817953154
EV166,01/18/2023 05:44:00,01/18/2023 05:47:00,0,0.05018500000005588,0,0.05018500000005588,76.904688,76.940625,0,0.315876000000571,66.4245791243366,2280.870370784618,2280.870370784618,76.940625,76.904688,1,,,0.315875000000005,,
EV166,01/18/2023 10:41:00,01/18/2023 11:04:00,0.233014197088778,0.32798277777772,0.04787555555552103,0.37585833333324103,76.195313,75.86875,0.721874999999997,1.31344600000011,69.4966920512616,2280.870370784618,2281.1033849817068,76.195313,75.520313,0.8726234027301081,,0.390966999999364,0.899287000000186,2.4196660254116,7.45123478883321
EV166,01/18/2023 12:39:00,01/18/2023 14:03:00,12.449171836475216,0.5330994444444741,0.8113741666666385,1.3444736111111126,75.810938,68.848438,7.523438,,45.3255518859113,2281.1033849817068,2293.552556818182,76.242188,68.848438,0.3965116459250584,,,,10.7920369434862,27.9986130994989
EV166,01/19/2023 07:58:00,01/19/2023 09:47:00,12.759857432593437,0.8511944444444453,0.9376152777777804,1.7888097222222257,68.23125,60.40625,9.11562499999999,,48.2020826403869,2293.552556818182,2306.3124142507754,69.278125,60.40625,0.4758440396818799,,,,9.35661352791163,23.9654163435536
EV166,01/21/2023 07:07:00,01/21/2023 07:14:00,0.24854847689493909,0.04765583333335144,0.05026250000000232,0.09791833333335376,100,100,0,0.990711999999803,59.0277100418319,2318.662167317864,2318.9107157947587,100,100,0.4866895882624108,,0.494322000000466,0.419104999999945,2.38848872584109,6.48935218324982
EV166,01/21/2023 07:39:00,01/21/2023 09:22:00,12.241012487075295,0.9398602777778252,0.762614722222196,1.702475000000021,100,93.682813,6.317187,,36.8711772862888,2318.9107157947587,2331.151728281834,100,93.682813,0.5520552594180904,,,,8.93653387135794,25.6050909563151
EV166,01/21/2023 10:07:00,01/21/2023 11:16:00,12.188195935735166,0.42671583333333274,0.7003444444444256,1.1270602777777583,92.34375,85.742188,6.83437499999999,,37.5980843283896,2331.151728281834,2343.339924217569,92.495313,85.742188,0.3786095932461525,,,,10.9426317858851,28.3039542819932
EV166,01/23/2023 08:25:00,01/23/2023 08:46:00,0.1025262467187531,0.3199511111110951,0.01875472222224061,0.3387058333333357,100,100,0,1.59344699999929,59.9916297252416,2355.8916223007636,2355.9941485474824,100,100,0.9446282869188638,,0.13971599999968,1.390175,0.960967495282098,2.8822924123121
EV166,01/23/2023 09:11:00,01/23/2023 11:26:00,12.40878333035107,1.361515833333442,0.8358863888888948,2.197402222222337,100,94.323438,5.676562,37.0496370000001,39.1225176326525,2355.9941485474824,2368.4029318778335,100,94.323438,0.6196024649308294,,29.4722230000007,7.41074400000002,6.05024919301786,22.6187816277937
EV166,01/23/2023 11:54:00,01/23/2023 12:07:00,0.32311301996332986,0.15249277777775205,0.04992861111111324,0.2024213888888653,93.125,92.996875,0.139062999999993,1.58611800000017,43.7397758436078,2368.4029318778335,2368.726044897797,93.135938,92.996875,0.7533432045635979,,0.630699000000277,0.916515000000118,2.4233476497256,5.84511453113815
EV166,01/26/2023 10:42:00,01/26/2023 11:12:00,0.02485484768931201,0.4697483333334276,0,0.4697483333334276,92.576563,90.598438,2.14218699999999,7.39510599999994,58.6995853043316,2368.726044897797,2368.750899745486,92.740625,90.598438,1,,,7.39510900000005,0.906561450360663,3.66074624194703
EV166,01/27/2023 10:08:00,01/27/2023 10:34:00,1.3390549192718026,0.19174388888893645,0.23326861111112865,0.4250125000000651,90.470313,90.48125,0.467187999999993,3.72157100000004,57.1829198509973,2368.750899745486,2370.089954664758,90.83125,90.4,0.45114882242029847,,3.02866300000005,0.691245000000208,2.98642182777579,17.287043975682
EV166,01/27/2023 12:59:00,01/27/2023 13:37:00,0.792248270102391,0.4680830555555531,0.1534594444444508,0.6215425000000039,89.539063,89.840625,0.698437999999982,2.66968399999951,69.6322688658771,2370.089954664758,2370.8822029348603,90.167188,89.2125,0.7530990327379867,,1.11422700000003,1.46066300000007,1.47170670344014,11.6980583392985
EV166,01/30/2023 07:48:00,01/30/2023 07:55:00,0.183304501710154,0.07288055555557094,0.02342361111115565,0.0963041666667266,89.3875,89.11875,0.279687999999993,2.63337700000011,56.18083731933,2370.8822029348603,2371.0655074365704,89.398438,89.11875,0.7567746866839502,,0.727013999999144,1.54487300000005,,
EV166,01/30/2023 09:53:00,01/30/2023 11:11:00,12.29693589437693,0.5110630555556099,0.7661086111111217,1.2771716666667317,88.221875,79.61875,9.16249999999999,,32.0532095626087,2371.0655074365704,2383.3624433309474,88.78125,79.61875,0.4001522026317923,,,,10.7747334759086,26.1005726556908
EV166,01/30/2023 12:56:00,01/30/2023 14:16:00,12.43053070070755,0.4602605555555783,0.8605063888888651,1.3207669444444434,78.429688,67.404688,11.025,,26.203150458106,2383.3624433309474,2395.792974031655,78.429688,67.404688,0.34847976585996293,,,,9.60919631789374,22.7384570980474
EV166,01/31/2023 08:16:00,01/31/2023 08:36:00,0.22369362920562708,0.29755972222210403,0.03092833333329281,0.32848805555539684,67.1125,66.4375,0.931249999999991,2.15682800000013,61.6995829043336,2395.792974031655,2396.0166676608605,67.1125,66.321875,0.9058463989474436,,1.20316899999943,0.790138999999954,,
EV166,01/31/2023 11:43:00,01/31/2023 14:46:00,12.51441581166,2.2543802777777273,0.7873097222222043,3.0416899999999316,66.217188,53.55625,13.10625,48.6240640000005,43.2990384142429,2396.0166676608605,2408.5310834725205,66.217188,53.164063,0.7411604331071799,,36.7432010000002,11.878937,4.68860630075252,25.2315222848564
EV166,02/01/2023 07:34:26,02/01/2023 11:51:00,11.80916012984153,0.5322063888888806,0.8207080555555706,1.3529144444444512,,,,,49.6025337584435,2408.5310834725205,2420.340243602362,,,0.3933777121489904,,,,5.07618631670213,47.7250345482383
EV166,02/01/2023 13:10:00,02/01/2023 14:51:00,12.529950091465707,0.7284358333333785,0.923081111111088,1.6515169444444666,94.545313,87.478125,7.42812499999999,,42.0602356350422,2420.340243602362,2432.870193693828,94.90625,87.478125,0.44107075969384496,,,,7.94410638615278,24.960853614889
EV166,02/02/2023 07:21:00,02/02/2023 09:11:00,11.7097401177125,0.7837825000000294,0.8104219444444709,1.5942044444445005,86.989063,78.360938,9.34999999999999,,42.0580169849332,2432.870193693828,2444.5799338115403,87.023438,78.360938,0.49164490961705853,,,,9.70648273819268,21.08424364213
EV166,02/02/2023 10:37:00,02/02/2023 12:02:00,11.47672592062372,0.67383555555557,0.6920322222221955,1.3658677777777657,77.440625,68.532813,9.26875,,42.6359043350517,2444.5799338115403,2456.056659732164,77.801563,68.532813,0.49333878909705625,,,,9.07237881951834,25.5648267244293
EV166,02/02/2023 13:08:00,02/02/2023 14:19:00,11.579252788714255,0.40256333333343264,0.7649147222222155,1.167478055555648,68.04375,59.960938,8.2,,44.7782281981741,2456.056659732164,2467.6359125208783,68.114063,59.960938,0.34481447545653193,,,,10.1287488877456,23.2574260071184
EV166,02/06/2023 06:04:00,02/06/2023 11:17:00,0.01553427980570632,1.129446111111065,0,1.129446111111065,60.276563,100,0.128125000000004,3.5908529999997,63.5169152873257,2467.6359125208783,2467.651446800684,100,60.148438,1,,0,3.537282,1.57825175374849,13.443987115247
EV166,02/08/2023 10:19:00,02/08/2023 11:43:00,7.198585262069173,0.785088611111064,0.5563616666666462,1.3414502777777102,100,96.85,3.45312500000001,,47.6384176826775,2467.651446800684,2474.850032062753,100,96.85,0.5852536050845412,,,,5.50674684840531,26.8935662605385
EV166,02/08/2023 15:18:00,02/08/2023 15:39:00,0.6524397518492151,0.16802194444449017,0.16613111111112744,0.3341530555556176,95.557813,95.871875,0.290624999999991,1.75254500000028,68.576139903088,2474.850032062753,2475.5024718146024,95.989063,95.442188,0.5028292922987322,,1.26351599999998,0.484588000000031,4.87260641603038,18.4413027916965
EV166,02/08/2023 16:11:00,02/08/2023 16:16:00,0.0932056788360569,0.04103972222208085,0.03656666666668684,0.0776063888887677,95.06875,95.371875,0,0.496290999999474,62.9145819323344,2475.5024718146024,2475.5956774934384,95.371875,95.06875,0.5288188615618051,,0.29845000000023,0.17584799999986,,
EV166,02/09/2023 07:58:00,02/09/2023 09:47:00,6.894113377873055,1.1965988888888432,0.6097911111110932,1.8063899999999364,95.267188,91.6,4.95937499999999,,54.3068804851622,2475.5956774934384,2482.4897908713115,95.267188,91.6,0.6624255497920634,,,,5.31096610082831,30.3317376521117
EV166,02/09/2023 12:21:00,02/09/2023 14:35:00,7.956658116599101,1.6793819444443443,0.5383249999999862,2.2177069444443305,91.260938,79.967188,11.329687,49.3783749999993,43.8377035371206,2482.4897908713115,2490.4464489879106,91.260938,79.967188,0.757260533747001,,22.9931559999995,26.2520550000002,5.44789852854567,24.1152910751213
EV166,02/09/2023 16:16:00,02/09/2023 16:31:00,0,0.01386500000000978,0,0.01386500000000978,79.60625,86.58125,0,0,58.8951208621889,2490.4464489879106,2490.4464489879106,86.58125,79.60625,1,,,0,,
EV166,02/10/2023 00:38:00,02/10/2023 03:45:00,0,3.109386944444509,0,3.109386944444509,86.079688,84.4625,1.734375,,65.1943381730455,2490.4464489879106,2490.4464489879106,86.196875,84.4625,1,,,,1.21243162417893,14.9740515390122
EV166,02/10/2023 09:43:00,02/10/2023 10:27:00,6.002445717012961,0.33734916666662684,0.38222361111110104,0.7195727777777279,83.717188,79.082813,5.17031300000001,,49.0668895221162,2490.4464489879106,2496.4488947049235,83.903125,78.76875,0.46881868948471,,,,8.5756002841135,33.620033690746
EV166,02/10/2023 12:26:00,02/10/2023 14:27:00,7.882093573530256,1.4075297222221934,0.5793347222221996,1.986864444444393,79.44375,73.66875,5.785938,,48.2627667307096,2496.4488947049235,2504.330988278454,79.454688,73.66875,0.7084175904188548,,,,8.64554366681274,23.0449164380021
EV166,02/14/2023 07:49:00,02/14/2023 09:05:00,11.67556532351,0.49297999999987496,0.7446891666666602,1.2376691666665351,73.31875,67.148438,6.38125000000001,,54.5290855919509,2504.330988278454,2516.006553601964,73.459375,67.148438,0.3983132272153455,,,,10.0312262908054,39.6463416149686
EV166,02/15/2023 06:09:00,02/15/2023 06:26:00,0.0031068559619598,0.25321472222219654,0.00741972222223807,0.2606344444444346,66.960938,67.520313,0.431250000000006,0.789331999999376,68.1788745959002,2516.006553601964,2516.0096604579257,67.520313,66.589063,0.971532073444652,,0.0373479999998381,0.687464000000091,4.31393151495268,13.206871246918
EV166,02/15/2023 07:05:00,02/15/2023 13:35:00,25.202815557146096,3.995413888888947,1.7836347222222173,5.779048611111165,66.659375,45.014063,23.971874,77.8066960000006,52.2662031453379,2516.0096604579257,2541.212476015072,66.915625,44.59375,0.6913618759335424,,51.049634,26.417578,5.46715323342273,23.2395308274676
EV166,02/16/2023 23:38:00,02/17/2023 00:09:00,0,0.501561944444461,0,0.501561944444461,45.63125,45.223438,0.896875000000001,,57.9589608968312,2541.212476015072,2541.212476015072,45.63125,44.78125,1,,,,1.23176896921976,5.37312097351467
EV166,02/17/2023 01:51:00,02/17/2023 02:23:00,0,0.5185124999999289,0,0.5185124999999289,43.93125,44.664063,0,1.62755600000037,59.205834899332,2541.212476015072,2541.212476015072,44.664063,43.93125,1,,,1.62755600000037,1.32056135916249,4.20208482462419
EV166,02/17/2023 08:18:00,02/17/2023 08:22:00,0,0.05081944444452802,0,0.05081944444452802,43.395313,43.348438,0.046875,0.998287000000346,54.8370883943292,2541.212476015072,2541.212476015072,43.395313,43.348438,1,,,0.998286999999891,1.91407182056788,3.2278990694345
EV166,02/17/2023 12:44:00,02/17/2023 12:51:00,0,0.1064450000000079,0,0.1064450000000079,42.940625,42.55625,0.443750000000001,2.86856700000044,58.1317286157599,2541.212476015072,2541.212476015072,42.940625,42.55625,1,,,2.86856699999998,1.70538430565497,2.3230583392985
EV166,02/23/2023 01:50:00,02/23/2023 01:55:00,0,0.08205277777778974,0,0.08205277777778974,42.3,42.417188,0,0.709972999999991,64.9170803303356,2541.212476015072,2541.212476015072,42.417188,42.3,1,,,0.709972000000107,4.79151753758053,4.79151753758053
EV166,02/28/2023 01:43:00,02/28/2023 02:06:00,0,0.36847000000011576,0,0.36847000000011576,42.103125,42.65,0,1.44809499999974,61.6714579268336,2541.212476015072,2541.212476015072,42.65,42.103125,1,,,1.44809200000009,2.75786277928564,22.6333207816352
EV166,02/28/2023 06:01:00,02/28/2023 06:10:00,0,0.14837694444440783,0,0.14837694444440783,41.671875,41.89375,0,0.650892999999996,64.3558307793353,2541.212476015072,2541.212476015072,41.89375,41.671875,1,,,0.650891999999658,0.419872942018611,1.60500178954903
EV166,02/28/2023 13:00:00,03/01/2023 10:21:00,6.44672611946271,3.826446666666584,0.66275444444448794,4.489201111111072,41.36875,100,4.170312,15.088984,71.9093741805037,2541.212476015072,2547.6592021345346,100,38.353125,0.8523669517045858,,11.7781219999997,3.31035800000018,1.48778936332763,20.2252591739243
EV166,03/06/2023 08:09:00,03/06/2023 09:22:00,11.762556669052628,0.40828444444446177,0.7889752777777801,1.197259722222242,100,96.164063,3.835937,,54.7464634668291,2547.6592021345346,2559.421758803587,100,96.164063,0.3410157686476266,,,,9.75071215179739,27.2268710107969
EV166,03/08/2023 00:42:00,03/08/2023 02:38:00,0,1.926087222222236,0,1.926087222222236,94.953125,93.415625,1.67656299999999,4.50928300000032,67.8084194806789,2559.421758803587,2559.421758803587,94.953125,93.415625,1,,,4.50927799999999,1.0346588686899,14.367842114551
EV166,03/16/2023 06:11:00,03/16/2023 06:14:00,0,0.03875861111112044,0.0053902777777921004,0.04414888888891255,93.19375,93.159375,0.0703129999999987,0.125557999999728,67.4183283293372,2559.421758803587,2559.421758803587,93.19375,93.159375,0.8779068304220492,,0.0325140000004467,0.0922630000000026,,
EV166,03/16/2023 09:13:00,03/16/2023 12:50:00,20.07650384255885,2.4505850000000464,1.147613611111126,3.5981986111111723,93.125,82.33125,11.001563,48.8163000000004,57.2782859929406,2559.421758803587,2579.498262646146,93.217188,82.33125,0.6810588477336088,,39.8672829999996,8.66793999999982,8.98596167508258,33.3650226427662
EV166,03/23/2023 06:02:00,03/23/2023 06:15:00,0.08388511095245121,0.0754172222221996,0.01314194444444183,0.08855916666664143,81.248438,80.782813,0.546875,0.329606999999669,68.1402027518377,2579.498262646146,2579.5821477570985,81.248438,80.782813,0.8516026636303913,,0.0826600000000326,0.23347799999965,,
EV166,03/23/2023 08:10:00,03/23/2023 09:28:00,6.782266563270241,0.7147063888889988,0.5716944444444323,1.2864008333334311,81.073438,76.04375,5.834374,,48.7504049519876,2579.5821477570985,2586.3644143203687,81.353125,76.04375,0.5555860742386111,,,,5.73503369434346,19.3338400615406
EV166,03/23/2023 12:16:00,03/23/2023 13:46:00,6.0614759802751905,1.0033711111110506,0.4679113888888935,1.471282499999944,75.35625,68.65,6.776563,,47.4594959817964,2586.414124015748,2592.475599996023,75.35625,68.65,0.6819703973309604,,,,5.31642532017778,23.7115246957767
