Vehicle ID,Local Trip Start Time,Local Trip End Time,Total Distance,Idling Time,Driving Time,Total Run Time,Initial SOC,Final SOC,SOC Used,Total Energy Consumption,Average Ambient Temperature,Initial Odometer,Final Odometer
EV031,9/28/18 9:36 PM,9/28/18 9:40 PM,0.292,0.011,0.042,0.053,86,85.5,0.5,0.441,58.64,,
EV031,9/28/18 7:02 PM,9/28/18 7:15 PM,0.266,0.119,0.089,0.208,90,86.5,3.5,0.969,68.72,,
EV031,9/28/18 4:58 PM,9/28/18 6:05 PM,16.424,0.319,0.800,1.119,98,91.5,6.5,32.856,77.72,,
EV031,9/28/18 1:45 PM,9/28/18 4:46 PM,44.165,0.939,2.083,3.022,87,53,34,102.603,86.36,,
EV031,9/28/18 10:54 AM,9/28/18 1:11 PM,29.789,0.822,1.458,2.281,98.5,93.5,5,67.536,82.04,,
EV031,9/28/18 10:25 AM,9/28/18 10:37 AM,2.359,0.025,0.186,0.211,88,81.5,6.5,4.354,78.44,,
EV031,9/28/18 9:52 AM,9/28/18 9:53 AM,0.175,0.000,0.025,0.025,89,88,1,0.283,78.8,,
EV031,9/28/18 8:21 AM,9/28/18 8:25 AM,0.353,0.031,0.050,0.081,91.5,88.5,3,0.708,60.08,,
EV031,9/27/18 9:40 PM,9/27/18 9:51 PM,0.218,0.133,0.050,0.183,95.5,93,2.5,0.692,71.24,,
EV031,9/27/18 6:36 PM,9/27/18 7:35 PM,16.753,0.178,0.817,0.994,94,89.5,4.5,35.395,81.32,,
EV031,9/27/18 11:53 AM,9/27/18 6:13 PM,86.366,1.953,4.372,6.325,94,49,45,203.804,96.8,,
EV031,9/26/18 9:18 PM,9/26/18 9:28 PM,0.26,0.094,0.081,0.175,99.5,95.5,4,0.788,73.04,,
EV031,9/26/18 6:35 PM,9/26/18 7:35 PM,16.308,0.239,0.767,1.006,94.5,88,6.5,34.824,87.08,,
EV031,9/26/18 2:19 PM,9/26/18 6:15 PM,55.417,1.133,2.800,3.933,97.5,50,47.5,132.88,96.08,,
EV031,9/26/18 1:15 PM,9/26/18 2:05 PM,13.696,0.144,0.694,0.839,96.5,52.5,44,31.099,96.8,,
EV031,9/26/18 11:54 AM,9/26/18 1:04 PM,16.924,0.278,0.894,1.172,64.5,50.5,14,38.023,98.24,,
EV031,9/25/18 5:11 PM,9/25/18 5:18 PM,0.278,0.025,0.083,0.108,74,68,6,0.691,93.92,,
EV031,9/24/18 4:54 PM,9/24/18 4:58 PM,0.212,0.039,0.036,0.075,79,77,2,0.463,95,,
EV031,9/23/18 10:07 PM,9/23/18 10:13 PM,0.311,0.056,0.044,0.100,81.5,78.5,3,0.785,69.08,,
EV031,9/21/18 11:19 PM,9/21/18 11:24 PM,0.356,0.028,0.064,0.092,83.5,80.5,3,0.725,66.2,,
EV031,9/21/18 4:32 PM,9/21/18 4:38 PM,0.293,0.042,0.053,0.094,86,83,3,0.627,100.4,,
EV031,9/20/18 7:28 PM,9/20/18 7:30 PM,0.219,0.000,0.033,0.033,86.5,86,0.5,0.325,77.72,,
EV031,9/20/18 7:07 PM,9/20/18 7:10 PM,0.08,0.022,0.017,0.039,73,71.5,1.5,0.219,80.6,,
EV031,9/20/18 5:14 PM,9/20/18 5:16 PM,0.178,0.000,0.033,0.033,90,88.5,1.5,0.333,92.48,,
EV031,9/20/18 4:18 PM,9/20/18 4:22 PM,0.206,0.022,0.047,0.069,92.5,90,2.5,0.421,98.96,,
EV031,9/19/18 5:57 PM,9/19/18 6:00 PM,0.301,0.008,0.039,0.047,95,93,2,0.568,86.72,,
EV031,9/18/18 4:52 PM,9/18/18 4:55 PM,0.225,0.008,0.042,0.050,97.5,95,2.5,0.481,87.44,,
EV031,9/17/18 5:06 PM,9/17/18 5:12 PM,0.325,0.031,0.083,0.114,100,97,3,0.805,80.96,,
EV031,9/14/18 6:31 PM,9/14/18 6:41 PM,0.231,0.097,0.067,0.164,100,100,0,0.672,73.76,,
EV031,9/14/18 5:41 AM,9/14/18 6:14 PM,170.889,3.331,9.206,12.536,89,93,-4,349.648,68,,
EV031,9/13/18 4:33 PM,9/13/18 4:38 PM,0.31,0.011,0.064,0.075,93,90,3,0.604,85.64,,
EV031,9/12/18 6:30 PM,9/12/18 7:46 PM,16.779,0.447,0.817,1.264,98.5,93,5.5,35.083,68,,
EV031,9/12/18 5:48 PM,9/12/18 6:14 PM,7.424,0.081,0.350,0.431,79.5,53,26.5,16.473,73.76,,
EV031,9/12/18 2:48 PM,9/12/18 5:35 PM,41.293,0.747,2.050,2.797,87.5,80,7.5,95.209,83.84,,
EV031,9/12/18 2:17 PM,9/12/18 2:35 PM,6.484,0.006,0.303,0.308,100,89,11,13.707,87.08,,
EV031,9/12/18 10:23 AM,9/12/18 2:05 PM,54.939,0.744,2.958,3.703,100,55,45,113.886,79.88,,
EV031,9/12/18 7:25 AM,9/12/18 10:12 AM,41.441,0.433,2.342,2.775,99,61,38,85.977,66.56,,
EV031,9/12/18 6:28 AM,9/12/18 7:14 AM,13.656,0.050,0.719,0.769,96,54,42,29.043,58.64,,
EV031,9/12/18 5:40 AM,9/12/18 6:15 AM,11.999,0.036,0.550,0.586,80.5,49,31.5,20.343,57.92,,
EV031,9/11/18 5:51 PM,9/11/18 5:54 PM,0.247,0.017,0.039,0.056,87.5,85.5,2,0.486,89.96,,
EV031,9/10/18 11:18 PM,9/10/18 11:24 PM,0.35,0.011,0.092,0.103,90,87.5,2.5,0.806,65.84,,
EV031,9/10/18 9:16 PM,9/10/18 9:30 PM,0.287,0.147,0.083,0.231,94,89.5,4.5,0.992,72.68,,
EV031,9/10/18 7:17 PM,9/10/18 7:18 PM,0.133,0.000,0.019,0.019,96,95,1,0.207,86.72,,
EV031,9/10/18 6:34 PM,9/10/18 6:35 PM,0.13,0.000,0.022,0.022,98,96.5,1.5,0.226,88.16,,
EV031,9/10/18 5:53 PM,9/10/18 6:03 PM,2.376,0.014,0.147,0.161,96,97.5,-1.5,4.317,88.88,,
EV031,9/10/18 4:42 PM,9/10/18 5:37 PM,13.977,0.158,0.764,0.922,98,52.5,45.5,32.747,94.64,,
EV031,9/10/18 9:38 AM,9/10/18 4:24 PM,97.265,1.642,5.131,6.772,99.5,51.5,48,197.835,86.36,,
EV031,9/10/18 5:59 AM,9/10/18 9:24 AM,53.261,0.828,2.597,3.425,86.5,61,25.5,104.261,65.12,,
EV031,9/7/18 5:21 PM,9/7/18 5:30 PM,0.211,0.044,0.111,0.156,92,87.5,4.5,0.796,90.68,,
EV031,9/7/18 8:02 AM,9/7/18 8:04 AM,0.141,0.000,0.025,0.025,92.5,91.5,1,0.319,64.76,,
EV031,9/6/18 7:50 PM,9/6/18 7:58 PM,0.212,0.089,0.050,0.139,95.5,94.5,1,0.654,79.88,,
EV031,9/6/18 6:33 PM,9/6/18 7:35 PM,16.393,0.267,0.781,1.047,95.5,89.5,6,35.879,83.84,,
EV031,9/6/18 5:48 PM,9/6/18 6:15 PM,7.249,0.094,0.361,0.456,66,45.5,20.5,15.701,89.24,,
EV031,9/6/18 2:18 PM,9/6/18 5:37 PM,48.414,0.731,2.589,3.319,98.5,72,26.5,114.356,92.48,,
EV031,9/6/18 11:18 AM,9/6/18 2:04 PM,41.709,0.636,2.136,2.772,99,53.5,45.5,88.944,84.2,,
EV031,9/6/18 9:18 AM,9/6/18 11:05 AM,28.054,0.281,1.494,1.775,99.5,65.5,34,56.998,74.84,,
EV031,9/6/18 5:45 AM,9/6/18 9:03 AM,53.294,0.733,2.569,3.303,92.5,73,19.5,106.035,60.44,,
EV031,9/5/18 9:49 PM,9/5/18 9:52 PM,0.14,0.022,0.028,0.050,97,96,1,0.437,74.48,,
EV031,9/5/18 9:49 PM,9/5/18 9:52 PM,0.145,0.022,0.031,0.053,97,96,1,0.46,74.84,,
EV031,9/5/18 6:24 PM,9/5/18 6:29 PM,0.194,0.036,0.047,0.083,99,96.5,2.5,0.484,76.28,,
EV031,9/5/18 3:40 PM,9/5/18 5:30 PM,19.168,0.583,1.250,1.833,77.5,99,-21.5,37.533,87.44,,
EV031,9/4/18 9:19 PM,9/4/18 9:26 PM,0.209,0.061,0.053,0.114,82.5,80,2.5,0.429,78.8,,
EV031,9/4/18 9:19 PM,9/4/18 9:26 PM,0.22,0.061,0.056,0.117,83,80,3,0.485,78.8,,
EV031,9/4/18 4:41 PM,9/4/18 4:42 PM,0.096,0.000,0.017,0.017,93.5,92.5,1,0.179,102.56,,
EV031,8/30/18 5:19 PM,8/30/18 6:52 PM,20.807,0.481,1.067,1.547,78,95,-17,42.499,78.44,,
EV031,8/30/18 4:40 PM,8/30/18 6:52 PM,30.196,0.692,1.514,2.206,100,95,5,63.347,80.6,,
EV031,8/30/18 12:40 PM,8/30/18 4:28 PM,54.477,0.992,2.814,3.806,100,56,44,108.482,82.04,,
EV031,8/30/18 11:33 AM,8/30/18 12:28 PM,13.98,0.211,0.706,0.917,100,58.5,41.5,30.143,79.52,,
EV031,8/30/18 10:14 AM,8/30/18 11:23 AM,20.818,0.200,0.958,1.158,86.5,62,24.5,44.984,76.64,,
EV031,8/30/18 8:40 AM,8/30/18 9:32 AM,14.105,0.108,0.747,0.856,99.5,55.5,44,31.06,70.88,,
EV031,8/30/18 5:58 AM,8/30/18 8:29 AM,39.342,0.656,1.847,2.503,81,73,8,83.454,61.16,,
EV031,8/28/18 6:29 PM,8/28/18 7:29 PM,16.377,0.214,0.783,0.997,99,91.5,7.5,33.322,73.4,,
EV031,8/28/18 2:17 PM,8/28/18 5:06 PM,42.075,0.669,2.150,2.819,97,49.5,47.5,97.045,86.72,,
EV031,8/28/18 8:29 AM,8/28/18 2:03 PM,82.616,1.258,4.311,5.569,97,45,52,172.801,75.56,,
EV031,8/28/18 6:32 AM,8/28/18 8:17 AM,27.57,0.222,1.528,1.750,96.5,45,51.5,58.326,61.88,,
EV031,8/28/18 5:41 AM,8/28/18 6:22 AM,12.307,0.106,0.567,0.672,83.5,50.5,33,22.13,57.92,,
EV031,8/22/18 5:16 PM,8/22/18 6:08 PM,11.767,0.244,0.625,0.869,96.5,90,6.5,27.226,85.28,,
EV031,8/22/18 4:12 PM,8/22/18 5:05 PM,14.461,0.072,0.808,0.881,98.5,49.5,49,33.875,89.96,,
EV031,8/22/18 1:58 PM,8/22/18 4:02 PM,29.651,0.383,1.675,2.058,96.5,46.5,50,73.763,90.32,,
EV031,8/22/18 9:39 AM,8/22/18 1:47 PM,63.927,0.864,3.269,4.133,76.5,50,26.5,146.294,79.88,,
EV031,8/22/18 5:38 AM,8/22/18 9:27 AM,55.066,0.817,3.008,3.825,62.5,77.5,-15,108.259,63.32,,
EV031,8/21/18 6:29 AM,8/21/18 12:35 PM,89.04,1.236,4.864,6.100,97,74,23,187.728,69.8,,
EV031,8/21/18 5:34 AM,8/21/18 6:18 AM,14.532,0.175,0.556,0.731,92.5,51.5,41,25.832,56.48,,
EV031,8/20/18 5:50 AM,8/20/18 6:12 PM,179.399,3.111,9.244,12.356,88,90,-2,401.923,73.04,,
EV031,8/16/18 4:55 PM,8/16/18 6:06 PM,16.03,0.378,0.800,1.178,99.5,93.5,6,33.57,95,,
EV031,8/16/18 2:59 PM,8/16/18 4:44 PM,27.463,0.333,1.425,1.758,100,57.5,42.5,59.474,98.96,,
EV031,8/16/18 1:58 PM,8/16/18 2:48 PM,13.67,0.089,0.742,0.831,99,56,43,29.971,97.88,,
EV031,8/16/18 5:46 AM,8/16/18 1:45 PM,113.145,2.169,5.811,7.981,88,58.5,29.5,238.138,75.92,,
EV031,8/15/18 5:44 AM,8/15/18 6:10 PM,171.046,3.667,8.775,12.442,98,92,6,367.786,70.52,,
EV031,8/14/18 5:46 PM,8/14/18 6:52 PM,16.32,0.317,0.775,1.092,100,95,5,33.216,83.84,,
EV031,8/14/18 6:44 AM,8/14/18 4:57 PM,145.044,2.806,7.408,10.214,99.5,87,12.5,289.258,75.56,,
EV031,8/14/18 5:59 AM,8/14/18 6:32 AM,10.897,0.033,0.511,0.544,94.5,56.5,38,23.67,61.16,,
EV031,8/13/18 3:59 PM,8/13/18 5:51 PM,27.715,0.408,1.450,1.858,98.5,54,44.5,62.445,95.72,,
EV031,8/13/18 1:57 PM,8/13/18 3:48 PM,27.798,0.331,1.517,1.847,100,54,46,59.743,97.16,,
EV031,8/13/18 5:47 AM,8/13/18 1:46 PM,113.101,2.300,5.678,7.978,89,59.5,29.5,241,78.44,,
EV031,8/11/18 5:22 PM,8/11/18 7:14 PM,31.007,0.458,1.397,1.856,98.5,93,5.5,59.822,95.36,,
EV031,8/11/18 4:17 PM,8/11/18 5:11 PM,13.808,0.206,0.694,0.900,100,55.5,44.5,28.854,102.92,,
EV031,8/11/18 2:18 PM,8/11/18 4:05 PM,27.467,0.469,1.314,1.783,100,57.5,42.5,61.423,106.16,,
EV031,8/11/18 1:13 PM,8/11/18 2:06 PM,13.989,0.219,0.661,0.881,98,55.5,42.5,29.702,105.44,,
EV031,8/11/18 9:06 AM,8/11/18 12:58 PM,55.664,1.161,2.708,3.869,98,52.5,45.5,130.605,93.92,,
EV031,8/11/18 8:03 AM,8/11/18 8:55 AM,13.766,0.242,0.631,0.872,87.5,44,43.5,31.658,78.8,,
EV031,8/10/18 4:59 PM,8/10/18 6:05 PM,16.415,0.331,0.769,1.100,95.5,88,7.5,35.354,99.68,,
EV031,8/10/18 1:21 PM,8/10/18 4:46 PM,48.904,0.956,2.456,3.411,85,47,38,109.443,101.84,,
EV031,8/10/18 5:44 AM,8/10/18 1:11 PM,105.965,2.294,5.161,7.456,97.5,83.5,14,220.007,81.68,,
EV031,8/8/18 4:35 PM,8/8/18 6:55 PM,30.276,0.783,1.542,2.325,100,94.5,5.5,62.928,94.28,,
EV031,8/8/18 5:54 AM,8/8/18 4:25 PM,149.376,3.061,7.453,10.514,87,59,28,304.448,78.44,,
EV031,8/6/18 3:54 PM,8/6/18 5:53 PM,23.422,0.656,1.328,1.983,99,94,5,51.055,97.88,,
EV031,8/6/18 2:38 PM,8/6/18 3:32 PM,13.95,0.117,0.786,0.903,99,60.5,38.5,31.333,98.24,,
EV031,8/6/18 5:57 AM,8/6/18 2:28 PM,121.706,2.292,6.217,8.508,83.5,53,30.5,245.957,78.44,,
EV031,8/1/18 5:01 PM,8/1/18 5:48 PM,13.741,0.153,0.633,0.786,100,55.5,44.5,30.282,99.68,,
EV031,8/1/18 3:55 PM,8/1/18 4:45 PM,13.731,0.142,0.703,0.844,100,56,44,29.552,100.04,,
EV031,8/1/18 1:57 PM,8/1/18 3:44 PM,27.733,0.372,1.406,1.778,99.5,55,44.5,59.104,101.48,,
EV031,8/1/18 5:42 AM,8/1/18 1:44 PM,112.524,2.464,5.569,8.033,92,55,37,234.183,79.88,,
EV031,7/31/18 5:46 PM,7/31/18 6:54 PM,16.483,0.356,0.778,1.133,99,92,7,36.392,93.92,,
EV031,7/31/18 8:36 AM,7/31/18 5:35 PM,125.23,2.411,6.583,8.994,100,56.5,43.5,254.807,84.92,,
EV031,7/31/18 7:38 AM,7/31/18 8:25 AM,13.736,0.136,0.644,0.781,100,61,39,27.812,69.8,,
EV031,7/31/18 5:57 AM,7/31/18 7:27 AM,25.403,0.297,1.189,1.486,88.5,72,16.5,50.089,65.12,,
EV031,7/28/18 1:45 PM,7/28/18 7:03 PM,71.794,1.447,3.850,5.297,98.5,89.5,9,141.349,96.44,,
EV031,7/28/18 12:48 PM,7/28/18 1:34 PM,13.659,0.081,0.681,0.761,99.5,67.5,32,25.26,95,,
EV031,7/28/18 8:37 AM,7/28/18 12:29 PM,54.881,0.986,2.886,3.872,100,55.5,44.5,96.209,79.88,,
EV031,7/27/18 4:36 PM,7/27/18 6:36 PM,27.387,0.572,1.425,1.997,97.5,53,44.5,58.597,99.68,,
EV031,7/27/18 3:36 PM,7/27/18 4:24 PM,13.635,0.139,0.667,0.806,97.5,53.5,44,28.154,102.92,,
EV031,7/27/18 7:37 AM,7/27/18 3:21 PM,110.907,2.264,5.464,7.728,100,66,34,235.485,84.2,,
EV031,7/27/18 5:58 AM,7/27/18 7:26 AM,25.982,0.333,1.142,1.475,89.5,66.5,23,51.496,64.4,,
EV031,7/25/18 4:40 PM,7/25/18 6:48 PM,29.989,0.542,1.592,2.133,98,92,6,55.525,102.2,,
EV031,7/25/18 10:37 AM,7/25/18 4:26 PM,82.102,1.594,4.231,5.825,100,60,40,169.157,98.6,,
EV031,7/25/18 8:33 AM,7/25/18 10:25 AM,27.352,0.494,1.361,1.856,100,64,36,51.963,84.56,,
EV031,7/25/18 7:36 AM,7/25/18 8:22 AM,13.587,0.133,0.633,0.767,100,72,28,24.409,74.84,,
EV031,7/25/18 5:51 AM,7/25/18 7:24 AM,25.691,0.372,1.167,1.539,93,74.5,18.5,46.878,68.36,,
EV031,7/24/18 5:42 PM,7/24/18 6:43 PM,16.139,0.169,0.839,1.008,97.5,53.5,44,27.727,96.44,,
EV031,7/24/18 4:37 PM,7/24/18 5:28 PM,13.617,0.153,0.700,0.853,97,54.5,42.5,25.229,101.48,,
EV031,7/24/18 3:01 PM,7/24/18 4:26 PM,20.852,0.264,1.144,1.408,77.5,50.5,27,41.195,104,,
EV031,7/24/18 12:37 PM,7/24/18 2:50 PM,33.619,0.558,1.658,2.217,100,77.5,22.5,65.269,100.04,,
EV031,7/24/18 8:44 AM,7/24/18 12:26 PM,54.89,0.883,2.819,3.703,99.5,61.5,38,106.93,87.08,,
EV031,7/24/18 5:45 AM,7/24/18 8:27 AM,39.645,0.825,1.878,2.703,90,66,24,73.463,69.08,,
EV031,7/23/18 5:44 PM,7/23/18 7:04 PM,16.557,0.506,0.833,1.339,98,91,7,35.358,87.8,,
EV031,7/23/18 1:34 PM,7/23/18 4:22 PM,41.29,0.736,2.064,2.800,97.5,60.5,37,82.763,101.48,,
EV031,7/23/18 10:40 AM,7/23/18 1:24 PM,41.634,0.522,2.217,2.739,100,52.5,47.5,85.276,93.2,,
EV031,7/23/18 9:37 AM,7/23/18 10:28 AM,14.131,0.108,0.736,0.844,100,56.5,43.5,25.691,86,,
EV031,7/23/18 5:49 AM,7/23/18 9:25 AM,53.285,1.028,2.567,3.594,95,65.5,29.5,100.007,73.4,,
EV031,7/22/18 5:28 PM,7/22/18 7:14 PM,30.417,0.350,1.422,1.772,97,93,4,53.703,91.4,,
EV031,7/22/18 3:23 PM,7/22/18 5:10 PM,27.396,0.306,1.472,1.778,98.5,61,37.5,53.37,98.96,,
EV031,7/22/18 12:17 PM,7/22/18 3:10 PM,41.838,0.647,2.228,2.875,99.5,58.5,41,75.669,96.44,,
EV031,7/22/18 9:08 AM,7/22/18 12:01 PM,41.433,0.883,2.006,2.889,98.5,57.5,41,90.519,82.76,,
EV031,7/22/18 8:15 AM,7/22/18 8:55 AM,13.246,0.117,0.553,0.669,98.5,53,45.5,27.97,75.56,,
EV031,7/20/18 6:33 PM,7/20/18 7:35 PM,16.281,0.233,0.806,1.039,98,93.5,4.5,32.387,89.96,,
EV031,7/20/18 2:16 PM,7/20/18 5:37 PM,48.17,0.842,2.508,3.350,96,79.5,16.5,107.213,99.68,,
EV031,7/20/18 10:13 AM,7/20/18 2:06 PM,55.019,1.258,2.625,3.883,100,52.5,47.5,120.198,92.12,,
EV031,7/20/18 7:44 AM,7/20/18 10:02 AM,34.62,0.689,1.608,2.297,89.5,71.5,18,73.063,74.12,,
EV031,7/20/18 5:44 AM,7/20/18 7:30 AM,32.162,0.447,1.314,1.761,92,85.5,6.5,61.959,66.92,,
EV031,7/17/18 4:21 PM,7/17/18 6:21 PM,24.126,0.786,1.214,2.000,79.5,100,-20.5,53.838,102.2,,
EV031,7/17/18 9:55 AM,7/17/18 4:10 PM,89.421,1.686,4.564,6.250,100,82,18,184.926,94.28,,
EV031,7/17/18 8:59 AM,7/17/18 9:44 AM,13.596,0.042,0.714,0.756,100,67.5,32.5,24.828,80.6,,
EV031,7/17/18 7:58 AM,7/17/18 8:47 AM,13.719,0.061,0.750,0.811,100,67.5,32.5,25.706,72.68,,
EV031,7/17/18 6:58 AM,7/17/18 7:46 AM,13.695,0.069,0.733,0.803,100,74,26,26.585,66.56,,
EV031,7/17/18 5:45 AM,7/17/18 6:47 AM,15.996,0.258,0.786,1.044,89,62,27,31.188,62.6,,
EV031,7/13/18 4:58 PM,7/13/18 6:06 PM,16.194,0.297,0.842,1.139,98,91,7,30.678,97.52,,
EV031,7/13/18 10:58 AM,7/13/18 4:46 PM,83.512,1.397,4.411,5.808,100,47,53,168.417,92.48,,
EV031,7/13/18 8:25 AM,7/13/18 10:46 AM,34.819,0.522,1.822,2.344,90,72,18,63.409,79.52,,
EV031,7/13/18 5:41 AM,7/13/18 8:15 AM,36.176,0.733,1.831,2.564,86,91.5,-5.5,65.665,72.68,,
EV031,7/12/18 5:42 PM,7/12/18 7:00 PM,16.591,0.494,0.811,1.306,98,87.5,10.5,37.045,92.84,,
EV031,7/12/18 4:37 PM,7/12/18 5:29 PM,13.691,0.217,0.653,0.869,98,56.5,41.5,29.035,100.04,,
EV031,7/12/18 2:39 PM,7/12/18 4:22 PM,27.576,0.336,1.378,1.714,97.5,57.5,40,58.198,101.48,,
EV031,7/12/18 8:37 AM,7/12/18 2:24 PM,82.251,1.522,4.256,5.778,100,57,43,167.336,86.72,,
EV031,7/12/18 7:38 AM,7/12/18 8:26 AM,13.743,0.178,0.622,0.800,99.5,58,41.5,29.774,69.8,,
EV031,7/12/18 6:39 AM,7/12/18 7:24 AM,13.694,0.075,0.683,0.758,99,68,31,28.807,66.56,,
EV031,7/12/18 5:51 AM,7/12/18 6:26 AM,11.968,0.103,0.469,0.572,91,55,36,22.671,64.76,,
EV031,7/9/18 1:37 PM,7/9/18 6:36 PM,69.449,1.269,3.711,4.981,100,60.5,39.5,145.123,98.6,,
EV031,7/9/18 10:37 AM,7/9/18 1:25 PM,41.29,0.650,2.164,2.814,100,61,39,79.219,93.2,,
EV031,7/9/18 5:47 AM,7/9/18 10:26 AM,66.866,1.397,3.256,4.653,97,56,41,123.128,73.4,,
EV031,7/7/18 6:17 PM,7/7/18 7:25 PM,17.625,0.375,0.756,1.131,98.5,100,-1.5,33.825,92.12,,
EV031,7/7/18 2:14 PM,7/7/18 6:06 PM,54.614,1.042,2.836,3.878,98.5,59,39.5,115.481,98.6,,
EV031,7/7/18 9:09 AM,7/7/18 2:03 PM,68.803,1.214,3.692,4.906,99.5,55.5,44,144.947,91.4,,
EV031,7/7/18 8:17 AM,7/7/18 8:57 AM,12.507,0.103,0.561,0.664,98.5,55.5,43,24.636,81.32,,
EV031,7/6/18 3:36 PM,7/6/18 6:38 PM,41.174,0.839,2.194,3.033,99,54.5,44.5,82.305,96.8,,
EV031,7/6/18 9:34 AM,7/6/18 3:25 PM,83.214,1.447,4.403,5.850,100,55.5,44.5,172.8,89.24,,
EV031,7/6/18 5:58 AM,7/6/18 9:23 AM,53.544,0.953,2.472,3.425,96,72.5,23.5,105.719,75.2,,
EV031,7/5/18 5:47 PM,7/5/18 6:49 PM,16.308,0.189,0.844,1.033,98.5,95,3.5,31.894,91.76,,
EV031,7/5/18 4:37 PM,7/5/18 5:34 PM,14.105,0.181,0.767,0.947,98.5,60,38.5,25.858,97.16,,
EV031,7/5/18 11:37 AM,7/5/18 4:25 PM,69.082,1.061,3.728,4.789,99,55.5,43.5,143.751,92.12,,
EV031,7/5/18 7:37 AM,7/5/18 11:25 AM,54.844,0.956,2.856,3.811,99.5,55.5,44,107.534,72.32,,
EV031,7/5/18 5:59 AM,7/5/18 7:26 AM,25.751,0.311,1.150,1.461,99,72.5,26.5,51.773,58.64,,
EV031,7/3/18 6:31 PM,7/3/18 7:19 PM,13.619,0.125,0.678,0.803,97,55,42,26.85,83.12,,
EV031,7/3/18 2:48 PM,7/3/18 5:37 PM,41.072,0.775,2.033,2.808,84,65,19,91.769,91.4,,
EV031,7/3/18 7:44 AM,7/3/18 2:04 PM,90.645,1.956,4.369,6.325,88,54,34,186.462,77,,
EV031,7/3/18 5:50 AM,7/3/18 7:32 AM,32.284,0.361,1.339,1.700,92,87.5,4.5,64.789,60.08,,
EV031,7/2/18 4:58 PM,7/2/18 6:02 PM,13.914,0.325,0.731,1.056,97.5,96,1.5,31.257,86,,
EV031,7/2/18 5:46 AM,7/2/18 4:47 PM,153.845,3.047,7.975,11.022,90,51.5,38.5,313.934,73.4,,
EV031,6/30/18 3:50 PM,6/30/18 7:10 PM,43.516,0.933,2.397,3.331,96.5,100,-3.5,82.413,100.4,,
EV031,6/30/18 12:46 PM,6/30/18 3:37 PM,41.024,0.731,2.111,2.842,96,52,44,89.054,102.2,,
EV031,6/30/18 10:41 AM,6/30/18 12:31 PM,27.428,0.456,1.375,1.831,95,51.5,43.5,59.484,94.28,,
EV031,6/30/18 7:41 AM,6/30/18 10:31 AM,40.019,0.883,1.953,2.836,90.5,50,40.5,88.269,83.12,,
EV031,6/29/18 2:48 PM,6/29/18 4:26 PM,22.022,0.333,1.314,1.647,79,18,61,55.276,100.76,,
EV031,6/29/18 7:43 AM,6/29/18 2:03 PM,90.296,1.892,4.428,6.319,62.5,53.5,9,195.407,82.4,,
EV031,6/29/18 5:42 AM,6/29/18 7:30 AM,32.078,0.361,1.436,1.797,90.5,62.5,28,59.136,62.96,,
EV031,6/27/18 3:24 PM,6/27/18 4:37 PM,15.718,0.264,0.956,1.219,100,95,5,26.636,97.16,,
EV031,6/27/18 1:28 PM,6/27/18 3:12 PM,16.252,0.508,1.225,1.733,94,63,31,27.957,98.96,,
EV031,6/26/18 4:37 PM,6/26/18 6:34 PM,27.42,0.536,1.411,1.947,100,57,43,53.333,97.16,,
EV031,6/26/18 9:36 AM,6/26/18 4:27 PM,96.245,1.761,5.089,6.850,100,56,44,191.781,91.4,,
EV031,6/26/18 7:33 AM,6/26/18 9:25 AM,29.501,0.453,1.417,1.869,96,62.5,33.5,58.835,72.68,,
EV031,6/25/18 4:59 PM,6/25/18 6:08 PM,16.232,0.294,0.847,1.142,95.5,87.5,8,32.001,91.04,,
EV031,6/25/18 11:00 AM,6/25/18 4:47 PM,82.794,1.467,4.311,5.778,100,49.5,50.5,171.333,87.8,,
EV031,6/25/18 5:48 AM,6/25/18 10:46 AM,70.923,1.436,3.542,4.978,93,61.5,31.5,137.567,67.28,,
EV031,6/24/18 5:52 PM,6/24/18 6:53 PM,16.227,0.192,0.828,1.019,98.5,89.5,9,29.839,81.32,,
EV031,6/24/18 4:51 PM,6/24/18 5:40 PM,13.923,0.086,0.722,0.808,100,64,36,25.71,89.6,,
EV031,6/24/18 3:50 PM,6/24/18 4:41 PM,13.649,0.133,0.719,0.853,98.5,59,39.5,24.937,93.2,,
EV031,6/24/18 12:46 PM,6/24/18 3:36 PM,40.886,0.678,2.164,2.842,100,62.5,37.5,77.174,96.44,,
EV031,6/24/18 10:39 AM,6/24/18 12:31 PM,27.527,0.453,1.406,1.858,99.5,59,40.5,51.453,90.68,,
EV031,6/24/18 9:07 AM,6/24/18 10:29 AM,21.007,0.292,1.072,1.364,85.5,64,21.5,40.954,82.4,,
EV031,6/24/18 8:00 AM,6/24/18 8:55 AM,14.041,0.219,0.700,0.919,77.5,88,-10.5,27.899,76.64,,
EV031,6/21/18 8:03 AM,6/21/18 11:42 AM,49.315,1.178,2.467,3.644,82.5,98,-15.5,111.085,78.08,,
EV031,6/21/18 5:57 AM,6/21/18 7:53 AM,32.81,0.458,1.467,1.925,93.5,83,10.5,70.765,56.84,,
EV031,6/20/18 6:29 PM,6/20/18 7:34 PM,15.982,0.283,0.797,1.081,99.5,92,7.5,34.621,84.56,,
EV031,6/20/18 2:49 PM,6/20/18 5:35 PM,41.244,0.683,2.086,2.769,86.5,85.5,1,85.504,95.36,,
EV031,6/20/18 5:42 AM,6/20/18 2:02 PM,121.561,2.136,6.203,8.339,86.5,55,31.5,235.608,74.84,,
EV031,6/19/18 5:00 PM,6/19/18 6:07 PM,16.25,0.306,0.817,1.122,97.5,94,3.5,32.344,94.64,,
EV031,6/19/18 3:58 PM,6/19/18 4:45 PM,13.601,0.089,0.686,0.775,98,54,44,25.698,98.6,,
EV031,6/19/18 1:55 PM,6/19/18 3:46 PM,27.585,0.417,1.442,1.858,98.5,46,52.5,58.866,97.16,,
EV031,6/19/18 5:44 AM,6/19/18 1:44 PM,112.554,2.042,5.961,8.003,89.5,52,37.5,233.424,74.84,,
EV031,6/13/18 9:55 AM,6/13/18 11:46 AM,18.89,0.497,1.353,1.850,86,95,-9,31.249,94.64,,
EV031,6/12/18 6:28 PM,6/12/18 7:38 PM,16.034,0.361,0.797,1.158,95.5,91.5,4,35.3,96.08,,
EV031,6/12/18 2:47 PM,6/12/18 6:14 PM,48.149,1.106,2.350,3.456,83.5,48.5,35,114.644,102.2,,
EV031,6/12/18 9:18 AM,6/12/18 2:02 PM,68.459,1.550,3.189,4.739,100,54.5,45.5,157.201,93.56,,
EV031,6/12/18 5:49 AM,6/12/18 9:07 AM,53.275,0.864,2.436,3.300,92.5,71.5,21,108.175,70.88,,
EV031,6/11/18 6:27 PM,6/11/18 7:39 PM,16.291,0.347,0.853,1.200,99,92,7,33.082,88.16,,
EV031,6/11/18 2:51 PM,6/11/18 6:15 PM,48.346,0.856,2.544,3.400,83.5,53,30.5,105.336,94.28,,
EV031,6/11/18 9:23 AM,6/11/18 2:36 PM,75.145,1.378,3.839,5.217,98,86.5,11.5,155.945,84.56,,
EV031,6/11/18 5:44 AM,6/11/18 8:42 AM,47.943,0.631,2.336,2.967,78,24.5,53.5,99.256,61.16,,
EV031,6/9/18 4:18 PM,6/9/18 7:09 PM,40.489,0.806,2.044,2.850,100,78.5,21.5,79.88,76.28,,
EV031,6/9/18 2:16 PM,6/9/18 4:08 PM,27.546,0.419,1.444,1.864,100,58.5,41.5,57.3,80.24,,
EV031,6/9/18 11:10 AM,6/9/18 2:05 PM,41.294,0.744,2.181,2.925,100,60.5,39.5,85.198,80.6,,
EV031,6/9/18 10:12 AM,6/9/18 10:59 AM,13.683,0.117,0.678,0.794,100,61.5,38.5,28.699,76.28,,
EV031,6/9/18 8:18 AM,6/9/18 10:00 AM,27.118,0.464,1.250,1.714,97,72.5,24.5,53.648,71.96,,
EV031,6/8/18 4:57 PM,6/8/18 6:05 PM,16.227,0.289,0.853,1.142,99,89.5,9.5,32.914,88.88,,
EV031,6/8/18 5:41 AM,6/8/18 4:45 PM,153.862,2.633,8.447,11.081,93,52.5,40.5,300.891,72.68,,
EV031,6/7/18 3:06 PM,6/7/18 5:54 PM,32.217,0.708,2.089,2.797,100,93,7,56.405,88.88,,
EV031,6/6/18 5:01 PM,6/6/18 6:10 PM,16.277,0.314,0.836,1.150,99,92.5,6.5,31.839,77.72,,
EV031,6/6/18 5:43 AM,6/6/18 4:48 PM,154.059,2.758,8.322,11.081,100,36.5,63.5,307.383,66.92,,
EV031,6/5/18 6:29 PM,6/5/18 7:39 PM,16.226,0.322,0.858,1.181,97.5,94,3.5,33.654,79.52,,
EV031,6/5/18 2:49 PM,6/5/18 5:37 PM,41.007,0.753,2.050,2.803,80.5,78.5,2,92.127,89.6,,
EV031,6/5/18 5:46 AM,6/5/18 2:36 PM,126.729,2.389,6.439,8.828,79,83.5,-4.5,262.981,70.88,,
EV031,6/4/18 10:11 AM,6/4/18 11:23 AM,14.159,0.375,0.831,1.206,99,54.5,44.5,29.498,89.24,,
EV031,6/4/18 5:44 AM,6/4/18 9:59 AM,58.812,0.956,3.306,4.261,95,56.5,38.5,116.132,72.32,,
EV031,6/2/18 4:20 PM,6/2/18 7:11 PM,44.014,0.789,2.050,2.839,100,89,11,85.593,99.32,,
EV031,6/2/18 3:16 PM,6/2/18 4:08 PM,14.012,0.164,0.717,0.881,99.5,56,43.5,29.623,103.64,,
EV031,6/2/18 1:13 PM,6/2/18 3:05 PM,27.272,0.489,1.372,1.861,99.5,56,43.5,55.683,100.04,,
EV031,6/2/18 9:06 AM,6/2/18 1:00 PM,54.652,1.039,2.856,3.894,99,57.5,41.5,107.529,88.16,,
EV031,6/2/18 8:12 AM,6/2/18 8:55 AM,13.567,0.139,0.578,0.717,95.5,55,40.5,26.083,78.08,,
EV031,6/1/18 4:16 PM,6/1/18 7:08 PM,37.113,0.794,2.072,2.867,85.5,96.5,-11,76.314,84.56,,
EV031,6/1/18 12:30 PM,6/1/18 3:49 PM,47.821,0.858,2.456,3.314,99.5,87.5,12,90.325,86,,
EV031,6/1/18 5:42 AM,6/1/18 11:37 AM,82.214,1.919,3.997,5.917,82.5,95,-12.5,146.668,62.6,,
EV031,5/31/18 4:39 PM,5/31/18 7:00 PM,25.625,0.922,1.433,2.356,100,78,22,51.988,71.24,,
EV031,5/31/18 12:32 PM,5/31/18 4:27 PM,47.275,1.428,2.497,3.925,100,64,36,90.389,75.56,,
EV031,5/31/18 9:05 AM,5/31/18 12:21 PM,42.946,1.042,2.228,3.269,82,60.5,21.5,81.041,67.28,,
EV031,5/31/18 7:32 AM,5/31/18 8:21 AM,11.767,0.253,0.558,0.811,98,76,22,20.713,57.56,,
EV031,5/31/18 6:33 AM,5/31/18 7:20 AM,11.95,0.219,0.553,0.772,95,60,35,22.39,53.96,,
EV031,5/30/18 5:40 AM,5/30/18 6:19 AM,12.153,0.153,0.492,0.644,80,49,31,24.649,57.56,,
EV031,5/24/18 5:51 PM,5/24/18 7:09 PM,16.53,0.431,0.875,1.306,99.5,99.5,0,31.4,67.28,,
EV031,5/24/18 12:40 PM,5/24/18 5:37 PM,68.564,1.428,3.508,4.936,99.5,74,25.5,135.59,77,,
EV031,5/24/18 9:31 AM,5/24/18 12:22 PM,41.325,0.767,2.083,2.850,100,67,33,75.564,73.04,,
EV031,5/24/18 7:32 AM,5/24/18 8:49 AM,18.1,0.344,0.931,1.275,100,90.5,9.5,32.586,61.16,,
EV031,5/24/18 5:50 AM,5/24/18 7:21 AM,25.259,0.378,1.144,1.522,93.5,75,18.5,45.946,54.68,,
EV031,5/23/18 5:07 PM,5/23/18 6:37 PM,21.07,0.311,1.197,1.508,53.5,53,0.5,42.844,74.48,,
EV031,5/23/18 1:00 PM,5/23/18 3:49 PM,39.228,0.881,1.936,2.817,79,83.5,-4.5,83.757,78.44,,
EV031,5/23/18 10:45 AM,5/23/18 12:48 PM,27.799,0.631,1.422,2.053,92,84.5,7.5,54.754,74.84,,
EV031,5/23/18 8:31 AM,5/23/18 9:22 AM,12.272,0.264,0.594,0.858,99.5,65,34.5,22.049,65.12,,
EV031,5/23/18 5:50 AM,5/23/18 8:20 AM,37.806,0.686,1.817,2.503,98,73.5,24.5,71.48,57.2,,
EV031,5/11/18 8:54 AM,5/11/18 9:57 AM,12.552,0.411,0.633,1.044,99.5,56,43.5,27.401,74.12,,
EV031,5/11/18 7:55 AM,5/11/18 8:43 AM,11.718,0.164,0.631,0.794,99.5,74.5,25,23.21,66.2,,
EV031,5/11/18 5:44 AM,5/11/18 7:43 AM,28.026,0.533,1.444,1.978,86,57,29,55.604,57.92,,
EV031,5/9/18 6:29 PM,5/9/18 7:18 PM,13.761,0.133,0.694,0.828,100,67.5,32.5,26.113,72.68,,
EV031,5/9/18 2:18 PM,5/9/18 5:06 PM,37.771,0.758,2.047,2.806,98,47.5,50.5,79.645,85.64,,
EV031,5/9/18 11:20 AM,5/9/18 2:06 PM,36.341,0.783,1.992,2.775,97.5,41.5,56,73.176,84.56,,
EV031,5/9/18 7:41 AM,5/9/18 11:06 AM,47.157,0.994,2.422,3.417,79,54.5,24.5,99.545,70.16,,
EV031,5/9/18 5:37 AM,5/9/18 7:30 AM,30.125,0.606,1.278,1.883,97.5,79,18.5,63.13,59.72,,
EV031,5/8/18 5:06 PM,5/8/18 6:25 PM,15.623,0.508,0.794,1.303,81.5,61.5,20,35.689,86.72,,
EV031,5/8/18 2:00 PM,5/8/18 4:23 PM,28.767,0.936,1.453,2.389,77,51.5,25.5,66.921,90.68,,
EV031,5/8/18 12:32 PM,5/8/18 1:49 PM,18.906,0.375,0.911,1.286,99,80,19,39.405,88.16,,
EV031,5/8/18 11:31 AM,5/8/18 12:18 PM,13.738,0.094,0.694,0.789,100,65,35,22.301,85.28,,
EV031,5/8/18 10:30 AM,5/8/18 11:20 AM,12.031,0.217,0.622,0.839,99.5,66,33.5,21.262,83.48,,
EV031,5/8/18 7:35 AM,5/8/18 10:19 AM,33.18,1.011,1.733,2.744,97.5,64,33.5,59.165,70.52,,
EV031,5/8/18 5:44 AM,5/8/18 7:21 AM,23.05,0.600,1.019,1.619,97,72.5,24.5,40.828,55.4,,
EV031,5/5/18 5:18 PM,5/5/18 7:05 PM,29.413,0.572,1.219,1.792,100,89.5,10.5,52.531,73.04,,
EV031,5/5/18 2:15 PM,5/5/18 5:05 PM,37.971,0.894,1.931,2.825,100,73.5,26.5,73.563,81.32,,
EV031,5/5/18 11:35 AM,5/5/18 2:05 PM,30.931,0.858,1.628,2.486,87.5,62.5,25,60.857,87.08,,
EV031,5/5/18 8:04 AM,5/5/18 10:55 AM,36.48,0.972,1.864,2.836,73,65.5,7.5,68.433,72.68,,
EV031,5/2/18 4:55 PM,5/2/18 6:37 PM,21.629,0.444,1.267,1.711,95,73.5,21.5,36.731,78.8,,
EV031,5/2/18 11:31 AM,5/2/18 4:20 PM,62.568,1.367,3.436,4.803,99.5,72,27.5,117.941,81.68,,
EV031,5/2/18 9:31 AM,5/2/18 11:20 AM,22.973,0.592,1.228,1.819,99.5,74,25.5,39.389,72.32,,
EV031,5/2/18 7:31 AM,5/2/18 9:20 AM,27.09,0.428,1.383,1.811,99.5,74,25.5,44.818,59.72,,
EV031,5/2/18 6:34 AM,5/2/18 7:21 AM,13.626,0.092,0.694,0.786,98.5,56.5,42,26.313,52.16,,
EV031,5/2/18 5:47 AM,5/2/18 6:23 AM,11.927,0.139,0.464,0.603,93,56.5,36.5,20.503,47.48,,
EV031,4/30/18 4:44 PM,4/30/18 6:37 PM,28.762,0.436,1.450,1.886,99.5,56,43.5,61.479,73.04,,
EV031,4/30/18 3:33 PM,4/30/18 4:25 PM,13.44,0.200,0.658,0.858,100,65,35,27.846,78.8,,
EV031,4/30/18 12:32 PM,4/30/18 3:19 PM,38.546,0.856,1.936,2.792,99.5,67,32.5,77.904,75.56,,
EV031,4/30/18 11:32 AM,4/30/18 12:20 PM,13.687,0.100,0.689,0.789,99.5,63,36.5,27.57,72.32,,
EV031,4/30/18 8:56 AM,4/30/18 11:19 AM,32.428,0.686,1.706,2.392,87.5,72.5,15,57.682,65.12,,
EV031,4/30/18 6:35 AM,4/30/18 8:22 AM,27.156,0.419,1.367,1.786,97.5,68,29.5,51.961,53.96,,
EV031,4/30/18 5:51 AM,4/30/18 6:22 AM,11.882,0.067,0.456,0.522,88.5,51.5,37,20.429,47.84,,
EV031,4/25/18 12:29 PM,4/25/18 2:20 PM,17.568,0.608,1.233,1.842,90,93,-3,32.469,88.16,,
EV031,4/24/18 4:58 PM,4/24/18 6:00 PM,12.241,0.414,0.614,1.028,100,99.5,0.5,23.293,86.36,,
EV031,4/24/18 5:44 AM,4/24/18 4:45 PM,146.798,3.247,7.769,11.017,72.5,61,11.5,289.014,69.8,,
EV031,4/23/18 5:47 AM,4/23/18 4:01 PM,136.522,3.433,6.789,10.222,100,77.5,22.5,254.949,71.96,,
EV031,4/20/18 5:45 AM,4/20/18 6:12 PM,160.227,3.439,9.019,12.458,85,96,-11,325.419,62.6,,
EV031,4/17/18 7:02 PM,4/17/18 7:45 PM,11.686,0.172,0.550,0.722,94.5,94,0.5,23.353,60.08,,
EV031,4/17/18 5:20 PM,4/17/18 6:16 PM,12.351,0.292,0.647,0.939,97,55.5,41.5,23.813,66.2,,
EV031,4/17/18 2:18 PM,4/17/18 5:09 PM,41.453,0.625,2.222,2.847,98,41,57,85.573,71.6,,
EV031,4/17/18 12:45 PM,4/17/18 2:05 PM,19.476,0.314,1.017,1.331,79.5,64.5,15,36.946,64.04,,
EV031,4/17/18 7:59 AM,4/17/18 12:33 PM,63.022,1.361,3.206,4.567,80.5,84,-3.5,132.311,53.96,,
EV031,4/13/18 6:29 PM,4/13/18 7:36 PM,16.275,0.347,0.778,1.125,98.5,93,5.5,32.956,69.8,,
EV031,4/13/18 4:24 PM,4/13/18 6:14 PM,27.227,0.358,1.475,1.833,99.5,73,26.5,47.434,77.36,,
EV031,4/13/18 2:18 PM,4/13/18 4:10 PM,23.138,0.600,1.275,1.875,99.5,57,42.5,48.802,77,,
EV031,4/13/18 12:16 PM,4/13/18 2:07 PM,27.208,0.403,1.447,1.850,96,67,29,53.978,73.76,,
EV031,4/13/18 11:16 AM,4/13/18 12:05 PM,13.593,0.108,0.706,0.814,96,52.5,43.5,27.532,70.88,,
EV031,4/13/18 9:15 AM,4/13/18 11:02 AM,25.727,0.428,1.350,1.778,63,46.5,16.5,52.605,63.68,,
EV031,4/13/18 5:36 AM,4/13/18 9:02 AM,48.586,1.225,2.208,3.433,96,57.5,38.5,100.706,48.92,,
EV031,4/12/18 5:56 PM,4/12/18 6:45 PM,13.548,0.047,0.778,0.825,100,72.5,27.5,24.037,60.8,,
EV031,4/12/18 3:43 PM,4/12/18 5:45 PM,27.122,0.375,1.656,2.031,100,58,42,49.848,68,,
EV031,4/12/18 12:37 PM,4/12/18 3:31 PM,39.813,0.747,2.153,2.900,99.5,57.5,42,81.812,68.72,,
EV031,4/12/18 10:31 AM,4/12/18 12:21 PM,26.85,0.428,1.408,1.836,99.5,66.5,33,51.885,64.76,,
EV031,4/12/18 7:31 AM,4/12/18 10:20 AM,41.092,0.689,2.133,2.822,95.5,72,23.5,81.895,53.6,,
EV031,4/12/18 6:33 AM,4/12/18 7:21 AM,13.61,0.103,0.697,0.800,93.5,49,44.5,29.655,46.04,,
EV031,4/12/18 5:46 AM,4/12/18 6:22 AM,11.954,0.133,0.464,0.597,85,45.5,39.5,22.402,42.8,,
EV031,4/10/18 6:32 PM,4/10/18 7:19 PM,13.666,0.114,0.672,0.786,99.5,71,28.5,26.23,65.48,,
EV031,4/10/18 5:19 PM,4/10/18 6:16 PM,13.76,0.183,0.764,0.947,96.5,55,41.5,27.752,66.92,,
EV031,4/10/18 4:25 PM,4/10/18 5:08 PM,11.028,0.147,0.569,0.717,82,49,33,21.303,68,,
EV031,4/10/18 2:17 PM,4/10/18 4:13 PM,27.569,0.428,1.511,1.939,94.5,44.5,50,57.235,70.16,,
EV031,4/10/18 12:16 PM,4/10/18 2:06 PM,26.053,0.453,1.392,1.844,100,54.5,45.5,50.459,72.32,,
EV031,4/10/18 11:13 AM,4/10/18 12:05 PM,14.107,0.094,0.778,0.872,100,66,34,27.988,73.4,,
EV031,4/10/18 9:14 AM,4/10/18 11:01 AM,25.379,0.483,1.308,1.792,97,57.5,39.5,51.475,73.4,,
EV031,4/10/18 5:29 AM,4/10/18 9:03 AM,53.971,0.997,2.569,3.567,99.5,48,51.5,117.544,64.4,,
EV031,4/9/18 9:33 AM,4/9/18 11:21 AM,24.462,0.611,1.192,1.803,100,71.5,28.5,44.519,71.24,,
EV031,4/9/18 8:33 AM,4/9/18 9:22 AM,13.717,0.119,0.697,0.817,100,65.5,34.5,27.231,62.6,,
EV031,4/9/18 7:31 AM,4/9/18 8:21 AM,13.646,0.150,0.678,0.828,95.5,72,23.5,25.539,55.4,,
EV031,4/9/18 6:36 AM,4/9/18 7:21 AM,13.642,0.083,0.669,0.753,94.5,54.5,40,26.677,51.8,,
EV031,4/9/18 5:51 AM,4/9/18 6:24 AM,11.891,0.075,0.478,0.553,89.5,53,36.5,21.847,50,,
EV031,4/7/18 5:46 PM,4/7/18 7:05 PM,16.496,0.508,0.808,1.317,100,91,9,34.924,66.56,,
EV031,4/7/18 4:47 PM,4/7/18 5:35 PM,13.651,0.158,0.633,0.792,92,61.5,30.5,24.817,68.72,,
EV031,4/7/18 2:47 PM,4/7/18 4:37 PM,27.547,0.386,1.439,1.825,97,55,42,53.432,74.84,,
EV031,4/7/18 12:46 PM,4/7/18 2:34 PM,27.205,0.428,1.369,1.797,96,53,43,50.548,76.64,,
EV031,4/7/18 9:05 AM,4/7/18 12:31 PM,46.223,0.975,2.458,3.433,57.5,51,6.5,89.519,65.48,,
EV031,4/7/18 7:38 AM,4/7/18 8:51 AM,19.68,0.319,0.897,1.217,92.5,56.5,36,35.982,59.36,,
EV031,4/6/18 12:33 PM,4/6/18 4:10 PM,52.064,1.031,2.581,3.611,88,32.5,55.5,109.043,60.8,,
EV031,4/6/18 11:32 AM,4/6/18 12:22 PM,13.585,0.161,0.678,0.839,93.5,51,42.5,30.441,59.36,,
EV031,4/6/18 10:33 AM,4/6/18 11:21 AM,13.673,0.144,0.661,0.806,100,51,49,31.851,58.64,,
EV031,4/6/18 8:33 AM,4/6/18 10:22 AM,25.563,0.544,1.278,1.822,98,60,38,53.694,56.84,,
EV031,4/6/18 7:37 AM,4/6/18 8:21 AM,13.712,0.089,0.650,0.739,97,54.5,42.5,30.54,55.76,,
EV031,4/6/18 6:37 AM,4/6/18 7:24 AM,12.942,0.161,0.622,0.783,94.5,55.5,39,27.928,55.04,,
EV031,4/6/18 6:01 AM,4/6/18 6:25 AM,11.566,0.008,0.392,0.400,96.5,54,42.5,21.434,55.04,,
EV031,4/5/18 2:32 PM,4/5/18 6:54 PM,56.279,1.183,3.183,4.367,99,72.5,26.5,111.336,65.84,,
EV031,4/5/18 1:32 PM,4/5/18 2:22 PM,13.689,0.111,0.717,0.828,100,63,37,26.452,71.24,,
EV031,4/5/18 12:35 PM,4/5/18 1:22 PM,12.963,0.106,0.675,0.781,95.5,57.5,38,25.587,72.32,,
EV031,4/5/18 10:37 AM,4/5/18 12:22 PM,27.735,0.319,1.425,1.744,99.5,60,39.5,56.1,69.8,,
EV031,4/5/18 9:33 AM,4/5/18 10:22 AM,13.759,0.122,0.694,0.817,95.5,56.5,39,28.089,64.76,,
EV031,4/5/18 8:31 AM,4/5/18 9:21 AM,13.692,0.150,0.683,0.833,95,55.5,39.5,26.192,59.36,,
EV031,4/5/18 5:58 AM,4/5/18 8:20 AM,39.225,0.494,1.872,2.367,94.5,52,42.5,77.924,55.76,,
EV031,4/4/18 2:16 PM,4/4/18 7:35 PM,69.954,1.353,3.953,5.306,100,93.5,N/A,140.769,75.2,,
EV031,4/4/18 11:16 AM,4/4/18 2:05 PM,40.846,0.558,2.253,2.811,96,57.5,38.5,79.153,80.96,,
EV031,4/4/18 5:37 AM,4/4/18 11:05 AM,80.285,1.603,3.853,5.456,92.5,47,45.5,167.197,61.52,,
EV031,4/3/18 5:10 PM,4/3/18 6:43 PM,23.731,0.383,1.172,1.556,85.5,91.5,-6,45.669,83.12,,
EV031,4/3/18 1:32 PM,4/3/18 4:26 PM,40.965,0.797,2.108,2.906,100,61,39,85.285,85.28,,
EV031,4/3/18 12:32 PM,4/3/18 1:21 PM,13.745,0.131,0.694,0.825,96.5,57.5,39,28.503,82.4,,
EV031,4/3/18 11:06 AM,4/3/18 12:22 PM,20.944,0.225,1.042,1.267,86.5,50,36.5,44.631,77,,
EV031,4/3/18 9:32 AM,4/3/18 10:48 AM,20.158,0.308,0.953,1.261,99,87.5,11.5,39.896,69.44,,
EV031,4/3/18 7:32 AM,4/3/18 9:20 AM,27.657,0.419,1.383,1.803,96.5,56,40.5,60.678,57.2,,
EV031,4/3/18 5:59 AM,4/3/18 7:21 AM,25.98,0.228,1.133,1.361,89.5,55.5,34,53.073,49.64,,
EV031,3/30/18 4:58 PM,3/30/18 6:07 PM,16.106,0.306,0.847,1.153,98,95.5,2.5,30.839,80.24,,
EV031,3/30/18 5:40 AM,3/30/18 4:45 PM,152.753,3.208,7.869,11.078,85.5,53.5,32,302.717,67.64,,
EV031,3/28/18 4:40 PM,3/28/18 6:50 PM,30.023,0.389,1.792,2.181,99.5,94.5,5,50.354,82.04,,
EV031,3/28/18 8:32 AM,3/28/18 4:26 PM,109.234,2.222,5.675,7.897,99.5,55,44.5,215.321,69.08,,
EV031,3/28/18 7:32 AM,3/28/18 8:22 AM,13.592,0.119,0.714,0.833,94,56.5,37.5,26.68,52.16,,
EV031,3/28/18 5:49 AM,3/28/18 7:21 AM,25.503,0.367,1.172,1.539,87,53,34,48.612,48.2,,
EV031,3/26/18 6:28 PM,3/26/18 7:21 PM,13.617,0.136,0.750,0.886,89,52,37,24.866,64.76,,
EV031,3/26/18 2:16 PM,3/26/18 6:14 PM,55.14,0.892,3.083,3.975,97,35,62,110.832,69.44,,
EV031,3/26/18 9:15 AM,3/26/18 2:04 PM,68.728,1.106,3.719,4.825,86,43.5,42.5,140.996,62.24,,
EV031,3/26/18 7:19 AM,3/26/18 9:04 AM,27.363,0.461,1.283,1.744,81.5,29.5,52,66.518,46.04,,
EV031,3/26/18 5:43 AM,3/26/18 7:06 AM,26.099,0.231,1.161,1.392,88,30,58,62.725,41.36,,
EV031,3/25/18 7:59 AM,3/25/18 8:57 AM,13.796,0.336,0.622,0.958,95.5,49,46.5,27.534,44.6,,
EV031,3/23/18 8:35 AM,3/23/18 6:55 PM,138.783,2.819,7.514,10.333,93,94.5,-1.5,259.644,54.68,,
EV031,3/23/18 7:32 AM,3/23/18 8:22 AM,13.615,0.164,0.678,0.842,90.5,51,39.5,27.207,43.88,,
EV031,3/23/18 6:36 AM,3/23/18 7:20 AM,13.514,0.044,0.700,0.744,93.5,49.5,44,22.67,41.36,,
EV031,3/23/18 5:45 AM,3/23/18 6:24 AM,11.881,0.144,0.492,0.636,81,44,37,21.967,40.28,,
EV031,3/21/18 6:33 PM,3/21/18 7:36 PM,16.443,0.308,0.747,1.056,100,92,8,37.104,64.76,,
EV031,3/21/18 2:18 PM,3/21/18 6:15 PM,55.432,1.119,2.833,3.953,98,57.5,40.5,122.258,69.44,,
EV031,3/21/18 12:21 PM,3/21/18 2:02 PM,27.324,0.211,1.467,1.678,90.5,46,44.5,53.152,69.44,,
EV031,3/21/18 11:19 AM,3/21/18 12:09 PM,14.069,0.053,0.775,0.828,90.5,49.5,41,29.444,63.32,,
EV031,3/21/18 7:20 AM,3/21/18 11:08 AM,54.442,0.975,2.828,3.803,90,46.5,43.5,115.271,56.48,,
EV031,3/21/18 5:37 AM,3/21/18 7:09 AM,25.73,0.411,1.122,1.533,90,42,48,55.491,52.52,,
EV031,3/20/18 11:33 AM,3/20/18 6:33 PM,96.077,2.111,4.894,7.006,100,51.5,48.5,200.621,55.04,,
EV031,3/20/18 9:34 AM,3/20/18 11:22 AM,27.464,0.408,1.394,1.803,99.5,63,36.5,51.662,53.96,,
EV031,3/20/18 6:36 AM,3/20/18 9:23 AM,41.592,0.578,2.200,2.778,98.5,56,42.5,80.413,53.6,,
EV031,3/20/18 5:45 AM,3/20/18 6:23 AM,11.916,0.156,0.475,0.631,100,55,45,20.333,53.24,,
EV031,3/19/18 4:56 PM,3/19/18 5:55 PM,16.129,0.211,0.767,0.978,100,55.5,44.5,35.057,68.72,,
EV031,3/19/18 3:57 PM,3/19/18 4:40 PM,13.742,0.056,0.653,0.708,98,58,40,29.849,73.4,,
EV031,3/19/18 2:59 PM,3/19/18 3:43 PM,13.552,0.042,0.694,0.736,98,52,46,31.038,71.24,,
EV031,3/19/18 1:56 PM,3/19/18 2:47 PM,13.653,0.094,0.747,0.842,73.5,41,32.5,30.868,72.32,,
EV031,3/19/18 12:55 PM,3/19/18 1:39 PM,13.86,0.083,0.656,0.739,98.5,62,36.5,30.094,71.96,,
EV031,3/19/18 5:58 AM,3/19/18 12:42 PM,95.806,1.597,5.128,6.725,100,55.5,44.5,196.047,52.88,,
EV031,3/15/18 4:33 PM,3/15/18 7:43 PM,43.723,0.669,2.511,3.181,97,91.5,5.5,81.087,58.28,,
EV031,3/15/18 9:14 AM,3/15/18 3:52 PM,92.765,1.614,5.017,6.631,98,55.5,42.5,184.538,55.4,,
EV031,3/15/18 8:20 AM,3/15/18 9:03 AM,13.619,0.064,0.656,0.719,96,53.5,42.5,27.364,47.12,,
EV031,3/15/18 5:37 AM,3/15/18 8:08 AM,39.109,0.761,1.756,2.517,86.5,46,40.5,83.331,40.64,,
EV031,3/13/18 6:33 PM,3/13/18 7:33 PM,16.154,0.250,0.744,0.994,99.5,94.5,5,31.154,57.92,,
EV031,3/13/18 5:24 PM,3/13/18 6:14 PM,13.612,0.136,0.700,0.836,98,58.5,39.5,29.05,60.8,,
EV031,3/13/18 2:45 PM,3/13/18 5:13 PM,34.555,0.592,1.864,2.456,81,57,24,72.298,60.44,,
EV031,3/13/18 11:23 AM,3/13/18 2:04 PM,35.165,0.656,2.025,2.681,75,50.5,24.5,68.119,64.04,,
EV031,3/13/18 5:43 AM,3/13/18 11:00 AM,78.065,1.478,3.800,5.278,94.5,76.5,18,155.045,63.32,,
EV031,3/10/18 9:35 AM,3/10/18 10:22 AM,13.433,0.125,0.667,0.792,99.5,72,27.5,28.803,58.64,,
EV031,3/10/18 7:36 AM,3/10/18 9:21 AM,26.694,0.514,1.231,1.744,90.5,57.5,33,55.752,55.04,,
EV031,3/8/18 5:53 AM,3/8/18 4:19 PM,147.394,3.100,7.328,10.428,87.5,55,32.5,312.362,62.6,,
EV031,3/7/18 3:09 PM,3/7/18 3:53 PM,10.641,0.117,0.614,0.731,100,78,22,17.612,77.72,,
EV031,3/3/18 6:33 PM,3/3/18 7:11 PM,14.293,0.069,0.569,0.639,94.5,55.5,39,27.228,44.24,,
EV031,3/3/18 5:36 PM,3/3/18 6:21 PM,13.515,0.050,0.708,0.758,95.5,55,40.5,25.018,45.32,,
EV031,3/3/18 4:35 PM,3/3/18 5:21 PM,13.579,0.053,0.711,0.764,73.5,40.5,33,24.93,45.68,,
EV031,3/3/18 3:33 PM,3/3/18 4:25 PM,13.57,0.133,0.722,0.856,72.5,37.5,35,26.088,45.32,,
EV031,3/3/18 1:42 PM,3/3/18 3:21 PM,28.099,0.294,1.350,1.644,100,31.5,68.5,65.136,51.8,,
EV031,3/3/18 12:36 PM,3/3/18 1:31 PM,13.576,0.161,0.742,0.903,96.5,62.5,34,29.949,63.68,,
EV031,3/3/18 10:38 AM,3/3/18 12:21 PM,27.535,0.275,1.436,1.711,92.5,50,42.5,56.325,58.28,,
EV031,3/3/18 8:46 AM,3/3/18 10:27 AM,27.165,0.286,1.397,1.683,89,55.5,33.5,56.169,48.92,,
EV031,3/3/18 7:46 AM,3/3/18 8:33 AM,12.93,0.181,0.592,0.772,95,50.5,44.5,29.729,42.44,,
EV031,3/1/18 1:39 PM,3/1/18 4:08 PM,39.454,0.531,1.944,2.475,88,52.5,35.5,82.269,50.72,,
EV031,3/1/18 12:40 PM,3/1/18 1:26 PM,13.54,0.047,0.725,0.772,88,49.5,38.5,30.029,50.36,,
EV031,3/1/18 11:40 AM,3/1/18 12:28 PM,14.037,0.047,0.739,0.786,88,45,43,32.858,50,,
EV031,3/1/18 9:47 AM,3/1/18 11:27 AM,27.116,0.264,1.403,1.667,89.5,47.5,42,61.594,50,,
EV031,3/1/18 8:47 AM,3/1/18 9:36 AM,13.906,0.061,0.742,0.803,90,48.5,41.5,28.86,49.28,,
EV031,3/1/18 6:36 AM,3/1/18 8:37 AM,27.746,0.464,1.553,2.017,87.5,44,43.5,64.645,47.48,,
EV031,2/27/18 2:23 PM,2/27/18 5:10 PM,35.186,0.742,2.031,2.772,99,57,42,76.736,60.44,,
EV031,2/27/18 1:18 PM,2/27/18 2:07 PM,13.693,0.117,0.703,0.819,95,56,39,30.029,63.68,,
EV031,2/27/18 11:25 AM,2/27/18 1:07 PM,25.512,0.381,1.319,1.700,,50.5,-50.5,55.382,46.76,,
EV031,2/27/18 10:21 AM,2/27/18 11:08 AM,12.368,0.150,0.631,0.781,88,44.5,43.5,26.839,56.48,,
EV031,2/27/18 9:26 AM,2/27/18 10:09 AM,13.6,0.083,0.642,0.725,93.5,43,50.5,32.813,51.44,,
EV031,2/27/18 8:24 AM,2/27/18 9:06 AM,13.786,0.033,0.658,0.692,77.5,23,54.5,34.991,45.68,,
EV031,2/27/18 7:22 AM,2/27/18 8:10 AM,13.808,0.117,0.683,0.800,79,25.5,53.5,33.191,40.28,,
EV031,2/27/18 6:24 AM,2/27/18 7:08 AM,13.615,0.050,0.683,0.733,81,29.5,51.5,33.715,37.76,,
EV031,2/26/18 3:45 PM,2/26/18 4:22 PM,11.111,0.128,0.483,0.611,88,48.5,39.5,22.08,43.52,,
EV031,2/26/18 12:35 PM,2/26/18 3:24 PM,40.373,0.756,2.064,2.819,88.5,51.5,37,88.465,50.36,,
EV031,2/26/18 7:35 AM,2/26/18 12:22 PM,63.425,1.519,3.267,4.786,90,50.5,39.5,140.68,47.84,,
EV031,2/26/18 6:35 AM,2/26/18 7:22 AM,13.544,0.092,0.683,0.775,93.5,53,40.5,30.066,45.32,,
EV031,2/23/18 4:30 PM,2/23/18 5:38 PM,14.029,0.264,0.881,1.144,98.5,56.5,42,31.433,54.68,,
EV031,2/23/18 5:52 AM,2/23/18 4:17 PM,143.209,3.192,7.233,10.425,79,56,23,307.556,44.24,,
EV031,2/22/18 12:54 PM,2/22/18 6:01 PM,69.432,1.119,3.997,5.117,98,33.5,64.5,158.551,56.84,,
EV031,2/22/18 11:54 AM,2/22/18 12:44 PM,13.669,0.117,0.717,0.833,96.5,55,41.5,28.47,61.52,,
EV031,2/22/18 10:39 AM,2/22/18 11:41 AM,14.16,0.261,0.778,1.039,89.5,40,49.5,30.827,55.4,,
EV031,2/22/18 7:00 AM,2/22/18 7:49 AM,14.127,0.050,0.764,0.814,91.5,46,45.5,31.529,38.48,,
EV031,2/22/18 5:43 AM,2/22/18 6:50 AM,16.572,0.206,0.911,1.117,95,43,52,41.262,35.96,,
EV031,2/19/18 6:33 PM,2/19/18 7:15 PM,14.655,0.086,0.606,0.692,99.5,55,44.5,26.955,47.48,,
EV031,2/19/18 1:43 PM,2/19/18 6:23 PM,67.565,1.094,3.575,4.669,96.5,73,23.5,142.759,54.68,,
EV031,2/19/18 12:42 PM,2/19/18 1:30 PM,11.48,0.192,0.597,0.789,99.5,52,47.5,25.743,59.72,,
EV031,2/19/18 10:39 AM,2/19/18 12:25 PM,23.605,0.533,1.219,1.753,98.5,54.5,44,50.27,55.04,,
EV031,2/19/18 9:42 AM,2/19/18 10:27 AM,12.525,0.122,0.639,0.761,97,56,41,26.409,51.44,,
EV031,2/19/18 8:37 AM,2/19/18 9:27 AM,14.044,0.083,0.750,0.833,84.5,42,42.5,29.373,47.12,,
EV031,2/19/18 7:31 AM,2/19/18 8:25 AM,12.461,0.278,0.611,0.889,84,29.5,54.5,32.415,39.92,,
EV031,2/16/18 5:50 PM,2/16/18 6:35 PM,13.7,0.072,0.675,0.747,44.5,11.5,33,27.597,59.72,,
EV031,2/16/18 5:51 AM,2/16/18 5:00 PM,151.194,3.275,7.864,11.139,71,67,4,332.861,48.92,,
EV031,2/10/18 6:03 PM,2/10/18 7:10 PM,16.86,0.250,0.869,1.119,100,94,6,32.658,59.36,,
EV031,2/10/18 5:06 PM,2/10/18 5:52 PM,14.103,0.050,0.717,0.767,100,72.5,27.5,27.443,62.96,,
EV031,2/10/18 9:12 AM,2/10/18 4:55 PM,109.414,1.772,5.939,7.711,98.5,60,38.5,211.109,64.4,,
EV031,2/10/18 8:15 AM,2/10/18 8:55 AM,13.441,0.086,0.586,0.672,97,55.5,41.5,24.764,53.96,,
EV031,2/6/18 10:52 AM,2/6/18 5:59 PM,97.963,1.611,5.506,7.117,97,36,61,203.599,67.28,,
EV031,2/6/18 9:53 AM,2/6/18 10:39 AM,12.271,0.192,0.575,0.767,96,51.5,44.5,29.663,63.68,,
EV031,2/6/18 7:53 AM,2/6/18 9:42 AM,28.067,0.436,1.383,1.819,96.5,51.5,45,66.363,56.48,,
EV031,2/6/18 6:57 AM,2/6/18 7:41 AM,14.037,0.039,0.697,0.736,94.5,44.5,50,32.371,51.8,,
EV031,2/6/18 5:44 AM,2/6/18 6:46 AM,16.45,0.197,0.833,1.031,100,40,60,42.155,48.2,,
EV031,2/5/18 6:30 PM,2/5/18 7:19 PM,13.959,0.117,0.697,0.814,98,55.5,42.5,30.202,63.32,,
EV031,2/5/18 2:20 PM,2/5/18 6:13 PM,56.519,0.861,3.028,3.889,96.5,43,53.5,131.526,73.4,,
EV031,2/5/18 10:14 AM,2/5/18 2:07 PM,56.443,0.911,2.972,3.883,98,50,48,123.584,70.52,,
EV031,2/5/18 9:16 AM,2/5/18 10:03 AM,11.828,0.133,0.647,0.781,82.5,41.5,41,26.041,59.72,,
EV031,2/5/18 5:41 AM,2/5/18 9:03 AM,50.347,0.792,2.583,3.375,75.5,32.5,43,114.584,50,,
EV031,2/2/18 4:45 PM,2/2/18 5:52 PM,14.321,0.247,0.869,1.117,98.5,56.5,42,29.01,66.56,,
EV031,2/2/18 1:55 PM,2/2/18 4:32 PM,29.045,0.614,2.000,2.614,98,32.5,65.5,69.587,72.32,,
EV031,2/2/18 10:54 AM,2/2/18 1:45 PM,42.579,0.583,2.261,2.844,97.5,45,52.5,97.544,70.52,,
EV031,2/2/18 7:58 AM,2/2/18 10:43 AM,41.38,0.564,2.189,2.753,97.5,45,52.5,90.752,56.48,,
EV031,2/2/18 5:47 AM,2/2/18 7:45 AM,30.559,0.364,1.592,1.956,77.5,40.5,37,74.036,47.84,,
EV031,1/29/18 6:29 PM,1/29/18 7:20 PM,14.104,0.150,0.700,0.850,98,48.5,49.5,31.911,54.68,,
EV031,1/29/18 12:15 PM,1/29/18 6:13 PM,85.119,1.547,4.419,5.967,95,31,64,198.604,57.92,,
EV031,1/29/18 11:17 AM,1/29/18 12:04 PM,14.246,0.047,0.736,0.783,94,50,44,31.201,57.56,,
EV031,1/29/18 10:16 AM,1/29/18 11:02 AM,14.178,0.094,0.683,0.778,99.5,47,52.5,32.647,55.04,,
EV031,1/29/18 9:18 AM,1/29/18 10:04 AM,14.235,0.072,0.700,0.772,86.5,38,48.5,31.214,51.08,,
EV031,1/29/18 7:20 AM,1/29/18 9:06 AM,28.386,0.322,1.450,1.772,79.5,14,65.5,69.833,46.4,,
EV031,1/29/18 6:23 AM,1/29/18 7:10 AM,14.157,0.053,0.731,0.783,85.5,36,49.5,30.575,43.88,,
EV031,1/26/18 5:50 AM,1/26/18 6:52 PM,181.767,3.458,9.575,13.033,86.5,88.5,-2,397.501,44.6,,
EV031,1/25/18 2:37 PM,1/25/18 6:40 PM,56.463,0.756,3.283,4.039,97,55,42,128.388,55.4,,
EV031,1/25/18 9:35 AM,1/25/18 2:26 PM,70.29,1.258,3.592,4.850,95,53,42,159.246,55.76,,
EV031,1/25/18 6:36 AM,1/25/18 9:22 AM,42.019,0.578,2.181,2.758,88.5,50,38.5,89,46.4,,
EV031,1/22/18 4:53 PM,1/22/18 5:47 PM,13.787,0.122,0.775,0.897,97,55.5,41.5,28.151,55.4,,
EV031,1/22/18 1:54 PM,1/22/18 4:41 PM,40.688,0.497,2.292,2.789,97.5,45.5,52,85.488,59,,
EV031,1/22/18 7:55 AM,1/22/18 1:44 PM,82.23,1.503,4.314,5.817,96,43.5,52.5,175.366,53.6,,
EV031,1/22/18 5:47 AM,1/22/18 7:41 AM,29.555,0.406,1.503,1.908,74,42.5,31.5,68.791,46.4,,
EV031,1/16/18 4:56 PM,1/16/18 6:07 PM,16.239,0.336,0.856,1.192,97.5,91.5,6,33.973,56.48,,
EV031,1/16/18 9:55 AM,1/16/18 4:45 PM,95.628,1.547,5.283,6.831,96.5,57.5,39,198.098,56.48,,
EV031,1/16/18 5:45 AM,1/16/18 9:43 AM,57.253,1.061,2.903,3.964,90.5,27,63.5,131.259,51.44,,
EV031,1/14/18 6:01 PM,1/14/18 7:06 PM,16.234,0.281,0.797,1.078,98.5,88,10.5,33.965,51.44,,
EV031,1/14/18 5:01 PM,1/14/18 5:49 PM,13.619,0.133,0.656,0.789,94.5,53.5,41,28.017,52.16,,
EV031,1/14/18 2:05 PM,1/14/18 4:50 PM,41.418,0.700,2.050,2.750,99.5,47.5,52,89.122,55.4,,
EV031,1/14/18 12:07 PM,1/14/18 1:52 PM,27.404,0.311,1.431,1.742,99.5,55,44.5,53.767,55.04,,
EV031,1/14/18 11:06 AM,1/14/18 11:54 AM,13.795,0.083,0.717,0.800,98.5,62,36.5,24.327,53.6,,
EV031,1/14/18 10:07 AM,1/14/18 10:52 AM,13.532,0.053,0.697,0.750,98.5,75.5,23,23.874,53.24,,
EV031,1/14/18 9:09 AM,1/14/18 9:51 AM,13.498,0.019,0.681,0.700,96,55,41,23.32,50.72,,
EV031,1/14/18 8:14 AM,1/14/18 8:52 AM,13.143,0.042,0.589,0.631,81,40.5,40.5,25.466,49.28,,
EV031,1/8/18 6:31 PM,1/8/18 7:17 PM,13.524,0.100,0.669,0.769,98,47.5,50.5,32.04,57.2,,
EV031,1/8/18 5:17 PM,1/8/18 6:12 PM,13.541,0.244,0.678,0.922,74.5,35.5,39,29.836,56.84,,
EV031,1/8/18 2:46 PM,1/8/18 5:06 PM,34.606,0.564,1.769,2.333,76,33,43,80.502,56.84,,
EV031,1/8/18 11:16 AM,1/8/18 2:34 PM,47.546,0.886,2.417,3.303,92.5,78,14.5,111.906,55.4,,
EV031,1/8/18 10:20 AM,1/8/18 11:01 AM,13.647,0.033,0.656,0.689,97.5,48,49.5,31.101,53.6,,
EV031,1/8/18 5:42 AM,1/8/18 10:02 AM,64.312,0.967,3.361,4.328,85.5,40,45.5,151.478,51.08,,
EV031,1/7/18 6:34 PM,1/7/18 7:25 PM,16.837,0.164,0.686,0.850,99.5,94,5.5,30.88,49.64,,
EV031,1/7/18 5:33 PM,1/7/18 6:20 PM,13.536,0.075,0.708,0.783,99.5,74,25.5,23.183,50.72,,
EV031,1/7/18 2:33 PM,1/7/18 5:21 PM,40.643,0.611,2.189,2.800,99.5,73,26.5,79.096,53.6,,
EV031,1/7/18 12:35 PM,1/7/18 2:22 PM,27.092,0.283,1.497,1.781,98.5,57.5,41,53.072,54.68,,
EV031,1/7/18 11:33 AM,1/7/18 12:24 PM,13.513,0.097,0.744,0.842,98.5,55,43.5,26.283,52.88,,
EV031,1/7/18 10:34 AM,1/7/18 11:22 AM,13.534,0.125,0.678,0.803,98.5,63.5,35,25.21,50.72,,
EV031,1/7/18 9:34 AM,1/7/18 10:21 AM,13.649,0.100,0.686,0.786,97,55,42,27.478,49.28,,
EV031,1/7/18 7:48 AM,1/7/18 9:21 AM,25.743,0.331,1.231,1.561,84,53,31,54.291,46.76,,
EV031,1/6/18 5:02 PM,1/6/18 7:11 PM,30.56,0.636,1.511,2.147,100,96.5,3.5,62.288,56.12,,
EV031,1/6/18 2:04 PM,1/6/18 4:52 PM,40.913,0.792,2.006,2.797,96.5,56.5,40,89.645,63.32,,
EV031,1/6/18 12:07 PM,1/6/18 1:50 PM,27.796,0.258,1.461,1.719,100,54,46,57.223,64.76,,
EV031,1/6/18 11:08 AM,1/6/18 11:55 AM,13.689,0.053,0.739,0.792,99.5,64,35.5,25.308,62.24,,
EV031,1/6/18 10:07 AM,1/6/18 10:54 AM,13.596,0.125,0.664,0.789,99.5,73.5,26,24.533,57.92,,
EV031,1/6/18 9:04 AM,1/6/18 9:55 AM,13.595,0.153,0.694,0.847,96,62.5,33.5,24.589,53.96,,
EV031,1/6/18 8:16 AM,1/6/18 8:52 AM,13.217,0.047,0.556,0.603,88.5,42,46.5,27.664,51.44,,
EV031,1/5/18 2:33 PM,1/5/18 6:46 PM,57.362,0.989,3.239,4.228,99.5,93.5,6,120.817,62.6,,
EV031,1/5/18 10:34 AM,1/5/18 2:21 PM,54.655,0.950,2.844,3.794,97,60.5,36.5,115.571,64.4,,
EV031,1/5/18 5:50 AM,1/5/18 10:23 AM,64.309,1.244,3.306,4.550,72.5,56,16.5,131.977,,,
