Vehicle ID,Date,Number of Trips,Total Distance,Idling Time,Driving Time,Total Run Time,Initial SOC,Final SOC,SOC Used,Total Energy Consumption,Average Ambient Temperature,Initial Odometer,Final Odometer,Max SOC,Min SOC,Maximum Speed,Average Speed,Percent Idling Time,Drive Cycle
EV170,10/08/2020,4,33,0.13333333333333333,1.2833333333333334,1.4166666666666667,,,,,63.86453519,,,,,48.15626739839338,15.119832418060764,0.09411764705882353,
EV170,10/09/2020,8,90,0.6833333333333333,3.15,3.8333333333333335,,,,,64.5485263925,,,,,45.360097033325374,12.409125319661996,0.17826086956521742,
EV170,10/12/2020,8,88,0.18333333333333335,2.9,3.0833333333333335,,,,,65.57228519,,,,,45.67078262944405,14.895158690427216,0.05945945945945947,
EV170,10/13/2020,5,54,0.3,1.7666666666666668,2.066666666666667,,,,,55.418014076,,,,,35.9152549113179,11.883868368519742,0.14516129032258063,
EV170,10/14/2020,7,92,0.9,2.9166666666666665,3.816666666666667,,,,,58.6734285714286,,,,,51.840110895229,13.47662756072801,0.23580786026200876,
EV170,10/15/2020,9,90,1.1333333333333333,2.966666666666667,4.1,,,,,52.43402346,,,,,43.08173599512182,10.458365172171906,0.2764227642276423,
EV170,10/16/2020,1,20,0.31666666666666665,0.48333333333333334,0.8,,,,,50.666,,,,,60.894376839258726,15.534279805933348,0.3958333333333333,
EV170,10/19/2020,7,91,1.1333333333333333,2.9166666666666665,4.05,,,,,46.1788571428571,,,,,44.64995852791128,11.2139183134215,0.27983539094650206,
EV170,10/20/2020,6,91,0.9833333333333333,2.933333333333333,3.9166666666666665,,,,,49.076,,,,,50.641752167342716,12.930045697813938,0.251063829787234,
EV170,10/21/2020,7,90,1.3166666666666667,2.9,4.216666666666667,,,,,50.8048671971429,,,,,50.597368510754336,12.551646638570132,0.31225296442687744,
EV170,10/22/2020,8,90,1.1666666666666667,2.9166666666666665,4.083333333333333,,,,,51.8225,,,,,49.709695378986716,12.726491717235856,0.28571428571428575,
EV170,10/23/2020,9,90,1.4333333333333333,2.95,4.383333333333334,,,,,56.67601564,,,,,43.84118967452301,10.386415595150277,0.32699619771863114,
EV170,10/26/2020,8,92,1.0333333333333334,2.8333333333333335,3.8666666666666667,,,,,43.9047587975,,,,,46.52516801877038,12.10482759952606,0.2672413793103448,
EV170,10/27/2020,7,98,1.1833333333333333,3.2,4.383333333333334,,,,,40.3108671971429,,,,,52.5502494006431,12.710528443249743,0.26996197718631176,
EV170,10/28/2020,6,94,0.7166666666666667,2.95,3.666666666666667,98,99.2,87.2,89.4100036621094,45.02001173,,,100,62,51.15956149420716,13.618867842861011,0.19545454545454544,
EV170,10/29/2020,6,99,0.8,3.3,4.1,99.2,99.2,77.2,88.3300018310547,47.20701173,,,99.2,63.2,50.95243776346138,13.225557919545034,0.19512195121951223,
EV170,10/30/2020,6,89,0.9500000000000001,3.033333333333333,3.9833333333333334,98,99.2,78.4,84.1999969482422,40.289,,,100,64,50.43462843659694,12.276271329519059,0.2384937238493724,
EV170,11/02/2020,7,90,0.9833333333333334,2.6666666666666665,3.6500000000000004,100,99.2,78.8,94.120002746582,42.7100301628571,,,100,60.8,55.1245014827692,13.830381918248776,0.26940639269406397,
EV170,11/03/2020,6,89,1.1166666666666667,2.8833333333333333,4,99.2,99.2,71.6,86.5,51.041,,,99.2,60.8,50.95243776346138,12.317648708421677,0.2791666666666667,
EV170,11/04/2020,8,94,1.25,2.966666666666667,4.216666666666667,100,100,67.6,82.7300033569336,54.2187587975,,,100,63.2,40.23378469736737,10.004370391108118,0.2964426877470356,
EV170,11/05/2020,7,88,1.2333333333333334,2.816666666666667,4.05,100,99.2,62.4,81.0400009155273,57.7863058228571,,,100,66,45.093795093795094,10.821139861430407,0.30452674897119336,
EV170,11/06/2020,7,85,1.4666666666666668,2.65,4.116666666666666,100,100,60.4,76.6100006103516,56.9454285714286,,,100,67.2,50.95243776346138,11.767037027625218,0.3562753036437247,
EV170,11/09/2020,7,90,1.3333333333333333,2.8,4.133333333333333,100,100,70.8,79.4000015258789,66.3748571428571,,,100,67.2,50.508601197577576,12.412396012747203,0.32258064516129037,
EV170,11/10/2020,7,94,0.8,3,3.8000000000000003,100,99.2,66.4,86.5999984741211,62.2811428571429,,,100,63.2,52.01764552158252,13.973632258087978,0.2105263157894737,
EV170,11/11/2020,7,87,1.15,2.6333333333333333,3.783333333333333,100,68.8,73.6,82.8300018310547,40.1488671971429,,,100,63.2,50.86367045028462,13.664950191942973,0.3039647577092511,
EV170,11/13/2020,3,21,0.43333333333333335,0.55,0.9833333333333333,68,99.2,17.6,18.1599998474121,40.658,,,99.2,60,26.51183753545958,8.155496898115008,0.4406779661016949,
EV170,11/16/2020,4,121,0.8166666666666667,2.15,2.966666666666667,100,91.2,85.6,112.5,40.49153519,,,100,52.8,53.90395092658872,20.819171248243588,0.2752808988764045,
EV170,11/17/2020,5,121,0.8666666666666667,2.2,3.066666666666667,98,87.2,99.2,115.459999084473,37.486456304,,,100,48.8,43.495983456613374,16.77226249510872,0.2826086956521739,
EV170,11/18/2020,4,121,0.39999999999999997,2.1,2.5,88.8,99.2,92.4,110.98999786377,42.0845,,,100,60,54.21463652270739,24.180196874829235,0.15999999999999998,
EV170,11/19/2020,4,116,0.85,1.9833333333333334,2.8333333333333335,99.2,99.2,75.6,97.25,50.657,,,100,60,53.90395092658872,21.022122245794343,0.3,
EV170,11/20/2020,3,121,0.23333333333333334,2.1166666666666667,2.35,100,99.2,82.4,109.529998779297,48.278,,,100,59.2,61.30862430075028,29.990350963913833,0.09929078014184398,
EV170,11/23/2020,4,120,1.0166666666666666,2.033333333333333,3.05,100,99.2,84.4,104.580001831055,41.0135,,,100,60,54.525322118826054,19.895961526632924,0.3333333333333333,
EV170,11/24/2020,5,120,1.0833333333333333,2.2,3.2833333333333337,98,99.2,101.2,113.790000915527,37.925614076,,,100,54,44.61445160264058,16.58583105433499,0.3299492385786802,
EV170,11/30/2020,3,121,1.1833333333333333,2.283333333333333,3.466666666666667,100,98,98.4,115.389999389648,36.494,,,100,56,60.48012937776717,19.94103605168669,0.34134615384615385,
EV170,12/01/2020,5,121,1.3,2.0833333333333335,3.3833333333333333,99.2,99.2,94,112.879997253418,36.284,,,100,58,45.484371271772844,15.541404270816289,0.3842364532019704,
EV170,12/02/2020,6,121,1.0166666666666666,2.15,3.166666666666667,98,99.2,88.4,110.800003051758,38.429,,,100,59.2,39.04282324557915,14.438422821230198,0.32105263157894737,
EV170,12/03/2020,4,121,1.2333333333333334,2.1166666666666667,3.35,98,99.2,88,111.01000213623,39.587017595,,,100,58,54.21463652270739,18.49207293692648,0.3681592039800995,
EV170,12/04/2020,4,121,1.1,2.1,3.2,98,99.2,86,108.089996337891,40.0415,,,100,58,55.457378907182054,19.033023280406063,0.34375,
EV170,12/07/2020,5,121,0.8,2.05,2.85,100,98,87.6,109,36.6044,,,100,55.2,43.74453193350831,19.57853657414251,0.28070175438596495,
EV170,12/08/2020,5,121,1.6,2.1,3.7,99.2,98,96.8,107.040000915527,37.742,,,100,56,43.24743497971844,15.5447497967183,0.43243243243243246,
EV170,12/09/2020,4,121,1.1833333333333333,2.1666666666666665,3.35,99.2,99.2,84,106.5,43.610017595,,,100,58,54.525322118826054,18.25917123836721,0.3532338308457712,
EV170,12/10/2020,7,121,0.9833333333333333,2.033333333333333,3.0166666666666666,98,92.8,96.4,107.129997253418,45.518,,,100,55.2,36.92720228153299,12.494546363371345,0.3259668508287293,
EV170,12/11/2020,4,121,0.8333333333333334,2.1,2.9333333333333336,98,91.2,89.2,110.360000610352,43.763,,,99.2,51.2,53.593265330470054,21.141638798388247,0.28409090909090906,
EV170,12/14/2020,6,88,1.45,2.65,4.1000000000000005,100,99.2,76,91.2099990844727,30.89,,,100,62,53.541484397783606,11.975781240627478,0.3536585365853659,
EV170,12/15/2020,6,88,1.4166666666666667,2.8,4.216666666666667,100,99.2,80,87.2200012207031,29.672,,,100,63.2,52.609427609427605,11.375202897839731,0.3359683794466403,
EV170,12/16/2020,6,86,1.5,2.716666666666667,4.216666666666667,100,99.2,78.4,85.9199981689453,31.568,,,100,63.2,52.40230387868183,11.197206105196017,0.3557312252964427,
EV170,12/17/2020,8,89,1,2.8666666666666667,3.8666666666666667,100,99.2,66.4,85.6500015258789,31.775,,,100,63.2,37.592957130358705,10.137532788335786,0.25862068965517243,
EV170,12/18/2020,6,85,2.75,2.583333333333333,5.333333333333333,100,74,64,83.0100021362305,33.92,,,100,64,49.39900978286805,9.758776523784478,0.515625,
EV170,01/04/2021,7,90,1.3833333333333333,2.9833333333333334,4.366666666666667,100,99.2,77.2,95.7799987792969,30.6731529114286,,,100,60.8,53.79299178511777,11.756116546574482,0.31679389312977096,
EV170,01/05/2021,7,90,1.2,2.8666666666666667,4.066666666666666,100,98,78.8,89.0100021362305,32.9205714285714,,,100,62,51.1299723898149,12.874090697931097,0.29508196721311475,
EV170,01/06/2021,6,87,1.45,2.75,4.2,99.2,98,70.4,80.3199996948242,32.74702346,,,100,64.8,50.848875898088494,12.178150144704876,0.34523809523809523,
EV170,01/07/2021,7,91,1,2.95,3.95,99.2,98,72.8,84.5199966430664,31.0074285714286,,,100,63.2,44.294889275204234,10.863825634941435,0.2531645569620253,
EV170,01/08/2021,8,87,1.4166666666666667,2.816666666666667,4.233333333333333,99.2,99.2,73.2,85.7900009155273,29.8715,,,100,62,48.000924600334045,10.984774760775794,0.3346456692913386,
EV170,01/11/2021,6,87,1.1166666666666667,2.8,3.9166666666666665,100,99.2,77.6,87.8300018310547,29.663,,,100,62,49.916819109732494,12.06067763834027,0.2851063829787234,
EV170,01/12/2021,6,91,0.9833333333333334,2.8833333333333333,3.8666666666666667,100,99.2,75.2,89.1500015258789,32.054,,,100,62,50.33106657122405,12.92665897422711,0.25431034482758624,
EV170,01/13/2021,6,91,0.9166666666666666,2.8833333333333333,3.8,100,98,73.2,87.9100036621094,34.20503519,,,100,62,51.780932686444494,13.009816244054123,0.2412280701754386,
EV170,01/14/2021,6,91,1.1833333333333333,2.9833333333333334,4.166666666666667,99.2,98,71.2,83,35.678,,,100,64.8,49.29544791749516,11.81070344066342,0.284,
EV170,01/15/2021,6,90,1.3333333333333333,2.95,4.283333333333333,98,98,71.2,83.2699966430664,35.327,,,100,64,48.777638590630715,11.56809092660151,0.311284046692607,
EV170,01/18/2021,6,90,1.1833333333333333,2.8,3.9833333333333334,100,99.2,69.6,84.9300003051758,32.36,,,100,64,50.33106657122405,12.170938282300865,0.29707112970711297,
EV170,01/19/2021,7,90,1.5166666666666666,2.8,4.316666666666666,100,99.2,72,85.0999984741211,28.8037142857143,,,100,63.2,49.53216075263319,12.466482806182075,0.35135135135135137,
EV170,01/20/2021,2,8,0.03333333333333333,0.25,0.2833333333333333,100,99.2,14.8,9.22000026702881,24.71,,,100,88.8,45.360097033325374,18.108531888059446,0.11764705882352941,
EV170,01/21/2021,2,0,0,0.03333333333333333,0.03333333333333333,100,100,0,0.419999986886978,33.305,,,100,100,13.980851825340013,0,0,
EV170,01/22/2021,2,0,0,0.03333333333333333,0.03333333333333333,94,95.2,0,0.109999999403954,23.936,,,95.2,94,8.388511095204008,0,0,
EV170,01/25/2021,2,0,0.43333333333333335,0.016666666666666666,0.44999999999999996,100,99.2,3.2,0.509999990463257,31.118,,,100,98,6.213711922373339,0,0.962962962962963,
EV170,01/27/2021,9,88,1.1,3.1333333333333333,4.233333333333333,100,99.2,70.8,83.9400024414062,25.836,,,100,62,33.83020935514374,8.55360352953234,0.2598425196850394,
EV170,01/28/2021,8,91,1.1333333333333333,3.0166666666666666,4.15,99.2,99.2,79.2,87.3399963378906,23.98775,,,99.2,62,40.07844189930804,9.503503038757154,0.2730923694779116,
EV170,01/29/2021,5,92,0.6166666666666667,3.316666666666667,3.9333333333333336,100,99.2,73.2,88.2699966430664,25.952,,,100,62,51.573808955698716,13.544104008418904,0.15677966101694915,
EV170,02/01/2021,6,90,1.1833333333333333,2.9666666666666663,4.1499999999999995,100,99.2,74,84.4100036621094,28.83201173,,,100,62,50.53819030196983,11.890879008260251,0.28514056224899603,
EV170,02/02/2021,7,90,1.3833333333333333,2.9,4.283333333333333,98,99.2,75.6,84.1600036621094,29.282,,,99.2,62,50.686135823931096,11.980191322982874,0.3229571984435798,
EV170,02/03/2021,9,92,0.8166666666666667,2.9833333333333334,3.8000000000000003,100,98,70.4,85.2099990844727,27.904,,,100,62,42.322282315720635,11.376902253823888,0.2149122807017544,
EV170,02/04/2021,6,94,1.2833333333333334,2.9499999999999997,4.233333333333333,99.2,99.2,83.2,93.5999984741211,31.658,,,100,60.8,50.53819030196983,12.622844126309161,0.3031496062992126,
EV170,02/09/2021,1,0,0.18333333333333332,0,0.18333333333333332,99.2,99.2,0,0,18.14,,,99.2,99.2,2.485484768949336,0,1,
EV170,02/10/2021,6,90,1.0333333333333332,3.1333333333333333,4.166666666666667,99.2,99.2,69.6,92.9499969482422,17.042,,,99.2,59.2,45.04941143720671,11.615282574642253,0.248,
EV170,02/11/2021,7,90,1.3166666666666667,3.066666666666667,4.383333333333334,100,99.2,76.4,89.2900009155273,16.5045714285714,,,100,62,46.51407210462328,10.583157258412005,0.3003802281368821,
EV170,02/12/2021,2,0,0.4,0.03333333333333333,0.43333333333333335,100,99.2,4,1.05999994277954,22.073,,,100,96,11.806052652509344,0,0.9230769230769231,
EV170,02/18/2021,2,0,0,0.03333333333333333,0.03333333333333333,100,100,0,0.370000004768372,18.644,,,100,100,9.32056788356001,0,0,
EV170,02/23/2021,2,0,0,0.06666666666666667,0.06666666666666667,100,100,0,0.239999994635582,33.233,,,100,100,9.009882287441343,0,0,
EV170,02/25/2021,2,20,0.35,0.2833333333333333,0.6333333333333334,100,99.2,18.8,18.0200004577637,31.379,,,100,84.8,36.03952914976537,10.076289603848657,0.5526315789473684,
EV170,02/26/2021,4,41,0.5166666666666666,1.4333333333333333,1.95,100,99.2,35.6,43.7299995422363,28.4945,,,100,80,49.554352580927386,11.496438386032466,0.26495726495726496,
EV170,03/01/2021,6,92,1.1333333333333333,2.966666666666667,4.1,100,99.2,76.4,91.629997253418,27.332,,,100,60.8,52.712989474800494,12.042804852309539,0.2764227642276423,
EV170,03/02/2021,6,92,0.8833333333333334,2.9499999999999997,3.8333333333333335,100,99.2,75.2,88.9100036621094,29.399,,,100,60.8,51.05599962883427,12.981072348190539,0.23043478260869568,
EV170,03/03/2021,6,83,1.85,2.5833333333333335,4.433333333333334,100,99.2,59.6,76.7300033569336,35.033,,,100,68,49.60613351361383,10.571907130321517,0.41729323308270677,
EV170,03/04/2021,7,90,1.1500000000000001,2.8166666666666664,3.966666666666667,98,99.2,78.8,86.3899993896484,29.678,,,100,62,45.182562406971854,11.06520053538638,0.28991596638655465,
EV170,03/05/2021,6,87,1.4666666666666668,2.7333333333333334,4.2,100,99.2,75.6,79.3600006103516,31.325,,,100,64,50.02038097510538,11.525125853645626,0.34920634920634924,
EV170,03/08/2021,7,90,1.3833333333333333,2.8166666666666664,4.2,100,99.2,73.2,84.7900009155273,42.5223259314286,,,100,62,44.11735464885071,10.668386798977481,0.3293650793650794,
EV170,03/09/2021,6,90,1.3166666666666667,2.966666666666667,4.283333333333333,99.2,99.2,68,81.2799987792969,48.539,,,99.2,62,50.53819030196983,11.536293985028669,0.30739299610894943,
EV170,03/10/2021,10,92,1.35,2.9833333333333334,4.333333333333333,100,100,69.6,76.8399963378906,51.837821114,,,100,64,35.3560208383043,8.856785957504473,0.31153846153846154,
EV170,03/11/2021,7,90,1.2833333333333332,2.816666666666667,4.1,100,99.2,71.6,82.5199966430664,46.3125814828571,,,100,64.8,43.93982002249719,10.760556773732112,0.3130081300813008,
EV170,03/12/2021,6,90,1.5333333333333334,2.833333333333333,4.366666666666666,98,99.2,70,82.620002746582,38.993,,,99.2,62,49.50257164824094,11.232713750012724,0.35114503816793896,
EV170,03/16/2021,10,92,1.2333333333333334,2.8833333333333333,4.116666666666666,100,98,74,83.4700012207031,36.0248,,,100,62,37.592957130358705,9.798233328688541,0.29959514170040485,
EV170,03/17/2021,7,88,1.5333333333333334,2.75,4.283333333333333,99.2,99.2,71.2,79.0999984741211,43.07772434,,,99.2,64,43.58475076979013,10.468010295446637,0.3579766536964981,
EV170,03/18/2021,6,92,2.1333333333333333,2.783333333333333,4.916666666666667,98,99.2,76.4,85.1699981689453,42.188,,,100,63.2,48.881200456003604,10.80203512325564,0.4338983050847458,
EV170,03/19/2021,3,39,0.7833333333333333,1.2166666666666668,2,99.2,99.2,38.8,38.689998626709,34.106,,,100,80.8,50.53819030196983,10.818516293417868,0.39166666666666666,
EV170,03/22/2021,8,92,1.15,2.9333333333333336,4.083333333333333,100,99.2,66.4,78.5999984741211,49.11125,,,100,64.8,44.81639724011771,11.641633589747126,0.2816326530612244,
EV170,03/23/2021,7,90,1.2,2.933333333333333,4.133333333333333,100,100,64,75.9100036621094,58.7017142857143,,,100,67.2,48.64448762086557,12.518863440137462,0.2903225806451613,
EV170,03/24/2021,6,90,1.3333333333333333,2.95,4.283333333333333,100,99.2,61.6,76.5299987792969,53.11102346,,,100,68,48.881200456003604,11.521816587159778,0.311284046692607,
EV170,03/25/2021,6,90,1.3166666666666667,2.966666666666667,4.283333333333333,100,99.2,69.2,78.6800003051758,48.533,,,100,64,49.709695378986716,12.047856397130607,0.30739299610894943,
EV170,03/26/2021,6,90,1.2166666666666668,2.9499999999999997,4.166666666666666,99.2,64,39.6,47.9500007629395,40.865,,,99.2,62,50.745314032715605,11.897193718463845,0.2920000000000001,
EV170,03/29/2021,6,90,0.8833333333333333,2.8833333333333333,3.7666666666666666,,,,,42.251,,,,,49.39900978286805,13.524819216341644,0.2345132743362832,
EV170,03/30/2021,6,90,1.5833333333333333,2.95,4.533333333333333,99.2,100,66,77.7200012207031,48.293,,,100,64,48.052705533020486,10.944722369447602,0.3492647058823529,
EV170,03/31/2021,3,39,1.0333333333333334,1.2666666666666666,2.3000000000000003,99.2,99.2,41.6,40.4199981689453,36.48802346,,,100,80,49.08832418674938,9.38746191143245,0.44927536231884063,
EV170,04/01/2021,3,39,0.5166666666666667,1.3,1.8166666666666667,98,99.2,36,40.3300018310547,31.424,,,100,80,49.08832418674938,13.345802650883618,0.28440366972477066,
EV170,04/07/2021,3,0,0.8,0.1,0.9,100,100,0,0.889999985694885,65.408,,,100,100,8.07782549908534,0,0.888888888888889,
EV170,04/12/2021,4,39,0.9333333333333333,1.25,2.1833333333333336,99.2,99.2,34.4,38.7099990844727,52.839517595,,,100,80.8,52.03983734987672,11.854643216646096,0.4274809160305343,
EV170,04/13/2021,3,39,0.6666666666666667,1.2833333333333334,1.9500000000000002,99.2,99.2,31.2,39.7200012207031,47.82204692,,,100,80,51.98805641719027,11.071490503052306,0.3418803418803419,
EV170,04/14/2021,4,39,0.75,1.1833333333333333,1.9333333333333331,100,99.2,30,36.2900009155273,41.423,,,100,82,52.81655134017338,13.03769912283692,0.3879310344827586,
EV170,04/15/2021,3,35,0.6666666666666667,1.1833333333333333,1.85,98,99.2,33.6,38.2999992370605,43.736,,,100,82,52.609427609427605,10.602305410304115,0.3603603603603604,
EV170,04/16/2021,4,35,0.6833333333333333,1.0666666666666667,1.75,99.2,99.2,36.8,37.2299995422363,43.8125,,,99.2,82,51.88449455181738,13.198458635974509,0.3904761904761905,
EV170,04/21/2021,3,2,0.6,0.18333333333333332,0.7833333333333333,99.2,99.2,8.80000000000001,4.6399998664856,39.086,,,99.2,95.2,27.96170365068003,1.5534279805933349,0.7659574468085106,
EV170,04/23/2021,10,86,1.5,2.6166666666666667,4.116666666666667,100,99.2,64.4,84.3300018310547,48.1586,,,100,60,35.85311779209417,8.812498169438364,0.36437246963562747,
EV170,04/26/2021,8,89,1.75,2.783333333333333,4.533333333333333,100,99.2,72,86.1900024414062,49.66025,,,100,62,39.14638511095204,9.607619071918103,0.3860294117647059,
EV170,04/27/2021,11,101,2.316666666666667,3.0166666666666666,5.333333333333333,100,100,79.6,88.6100006103516,65.0447272727273,,,100,58,44.851702421494835,9.51253659249678,0.434375,
EV170,04/28/2021,10,89,1.6833333333333333,2.783333333333333,4.466666666666667,100,99.2,70,83.4000015258789,57.021814076,,,100,63.2,37.15799729579257,8.96815309310023,0.376865671641791,
EV170,04/29/2021,6,91,0.9666666666666667,2.683333333333333,3.6500000000000004,100,99.2,75.6,86.0400009155273,48.968,,,100,62,51.677370821071605,14.122951238688483,0.2648401826484018,
EV170,04/30/2021,7,89,0.85,2.65,3.5,100,99.2,74,81.8899993896484,47.6677343942857,,,100,62,51.04120507663814,14.363390201182913,0.24285714285714285,
EV170,05/03/2021,6,87,1.4166666666666667,2.6166666666666667,4.033333333333333,100,99.2,66,76,60.78501173,,,100,66,51.780932686444494,11.844951317489073,0.35123966942148765,
EV170,05/04/2021,6,91,0.8333333333333334,2.7666666666666666,3.6,100,99.2,66.8,82.8300018310547,53.79502346,,,100,63.2,51.573808955698716,13.63421831249095,0.23148148148148148,
EV170,05/05/2021,6,88,1.1166666666666667,2.65,3.7666666666666666,100,99.2,73.6,79.6100006103516,47.06,,,100,48,53.541484397783606,12.361627071167078,0.29646017699115046,
EV170,05/06/2021,6,91,1.2666666666666666,2.783333333333333,4.05,100,99.2,74,81.379997253418,46.64001173,,,100,46,50.95243776346138,12.119650585068621,0.31275720164609055,
EV170,05/07/2021,6,91,1.3333333333333333,2.7,4.033333333333333,99.2,99.2,77.6,85.3199996948242,46.448,,,99.2,42,52.609427609427605,11.954442754927362,0.3305785123966942,
EV170,05/10/2021,6,90,1.3666666666666667,2.8166666666666664,4.183333333333334,99.2,99.2,67.6,84.4700012207031,46.67902346,,,99.2,63.2,51.98805641719027,12.208824133269655,0.32669322709163345,
EV170,05/11/2021,7,90,1.2666666666666666,2.8166666666666664,4.083333333333333,99.2,99.2,72,84.5,45.8266015914286,,,99.2,60.8,43.495983456613374,10.95188961181815,0.31020408163265306,
EV170,05/12/2021,11,86,1.4333333333333333,2.7666666666666666,4.2,100,99.2,66.4,78.2600021362305,49.4076875490909,,,100,62,37.73417785586719,9.647656733656024,0.3412698412698413,
EV170,05/13/2021,6,90,1.4666666666666668,2.85,4.316666666666666,100,99.2,71.2,79.5800018310547,54.68,,,100,63.2,51.47024709032583,11.360096203580841,0.3397683397683398,
EV170,05/14/2021,6,91,0.9,2.8666666666666667,3.7666666666666666,100,100,67.2,82.0100021362305,59.321,,,100,63.2,50.848875898088494,12.691951081118003,0.23893805309734514,
EV170,05/17/2021,9,90,1.1833333333333333,2.8,3.9833333333333334,100,99.2,59.6,79.7099990844727,67.39402346,,,100,68,38.45597267513278,10.262327145681843,0.29707112970711297,
EV170,05/18/2021,7,90,1.4333333333333333,2.6999999999999997,4.133333333333334,100,99.2,62.8,76.9400024414062,68.60944868,,,100,64.8,51.75134358205224,12.496171956175534,0.3467741935483871,
EV170,05/19/2021,6,90,1.2,2.95,4.15,100,99.2,58.4,74.0699996948242,70.76302346,,,100,67.2,48.05270553302049,11.780355872699902,0.2891566265060241,
EV170,05/20/2021,6,87,1.3166666666666667,2.7333333333333334,4.05,100,99.2,62.8,72.2699966430664,75.29002346,,,100,66,50.95243776346138,11.898912167760498,0.32510288065843623,
EV170,05/21/2021,6,90,1.25,2.783333333333333,4.033333333333333,100,99.2,59.6,73.4300003051758,76.814,,,100,68.8,48.57051485988494,12.256412640446667,0.30991735537190085,
EV170,05/24/2021,7,90,1.2166666666666668,2.933333333333333,4.15,100,99.2,62.8,76.6600036621094,73.4308671971429,,,100,66,43.407216143436614,11.361015457388284,0.2931726907630522,
EV170,05/25/2021,5,87,1.2999999999999998,2.8833333333333333,4.183333333333333,100,99.2,61.2,73.379997253418,73.565614076,,,100,66,53.189374055515785,12.07816187405594,0.31075697211155373,
EV170,05/26/2021,6,86,1.3833333333333333,2.7333333333333334,4.116666666666667,100,99.2,56.4,72.0999984741211,65.49201173,,,100,67.2,49.29544791749516,11.532592606106045,0.33603238866396756,
EV170,05/27/2021,7,90,1.3,2.8166666666666664,4.116666666666666,100,100,64,76.7900009155273,56.3848873057143,,,100,64.8,44.206121962027474,10.831899234751702,0.31578947368421056,
EV170,05/28/2021,6,87,1.1833333333333333,2.783333333333333,3.966666666666667,100,99.2,68.4,81.7699966430664,49.90702346,,,100,63.2,45.25653516795249,13.028295396032517,0.29831932773109243,
EV170,06/01/2021,9,90,1.3833333333333333,2.7333333333333334,4.116666666666667,100,99.2,63.2,80.0999984741211,59.43201564,,,100,64.8,39.97488003393515,10.277470950260327,0.33603238866396756,
EV170,06/02/2021,8,90,1.2166666666666668,2.65,3.8666666666666667,100,99.2,64.4,76.8499984741211,66.7602587975,,,100,64.8,45.903796826533046,12.27031365696672,0.31465517241379315,
EV170,06/03/2021,6,90,1.1333333333333333,2.8,3.9333333333333336,100,100,68.8,78.8600006103516,69.98,,,100,64.8,52.40230387868183,12.346325887930885,0.288135593220339,
EV170,06/04/2021,6,90,1.1833333333333333,2.9,4.083333333333334,100,100,66.8,78.7699966430664,72.131,,,100,64.8,50.95243776346138,11.929936514765284,0.28979591836734697,
EV170,06/07/2021,6,90,1.6,2.966666666666667,4.566666666666666,100,100,63.2,75.0400009155273,75.764,,,100,68,50.33106657122405,10.761929367767497,0.35036496350364965,
EV170,06/08/2021,8,90,1.2833333333333334,2.966666666666667,4.25,100,99.2,67.2,75.9599990844727,77.5310087975,,,100,63.2,43.88434045176171,10.566320532749335,0.30196078431372553,
EV170,06/09/2021,7,90,1.4333333333333333,2.7666666666666666,4.2,100,100,69.2,77.0800018310547,78.9851629657143,,,100,67.2,48.910789560395855,11.241572395974465,0.3412698412698413,
EV170,06/10/2021,6,83,1.05,2.7666666666666666,3.8166666666666664,100,60,56.8,68.5699996948242,78.12202346,,,100,60,51.47024709032583,12.850774219932845,0.2751091703056769,
EV170,07/08/2021,1,0,0.2,0,0.2,,,,,70.268,,,,,1.242742384474668,0,1,
EV170,07/09/2021,1,0,1.0166666666666666,0.05,1.0666666666666667,59.2,58,1.2,0.379999995231628,64.76,,,59.2,58,9.32056788356001,0,0.953125,
EV170,08/23/2021,4,23,1.4333333333333333,0.7166666666666667,2.15,100,99.2,12.8,20.1200008392334,79.632517595,,,100,87.2,28.272389246798692,4.253433756386512,0.6666666666666667,
EV170,08/24/2021,3,28,0.3833333333333333,0.9166666666666667,1.2999999999999998,100,99.2,16.8,24.1700000762939,89.66,,,100,83.2,49.916819109732494,13.715687928286354,0.2948717948717948,
EV170,08/31/2021,11,145,1.9,4.516666666666667,6.416666666666667,100,60.8,123.2,122.690002441406,74.8907272727273,,,100,24.8,54.11578201485145,12.415366182865869,0.2961038961038961,
EV170,09/01/2021,8,81,1.3333333333333333,2.85,4.183333333333334,62,99.2,62.8,72.5,71.582,,,100,62,47.53489620615605,10.273044126536277,0.31872509960159356,
EV170,09/02/2021,7,80,1.1333333333333333,2.783333333333333,3.9166666666666665,100,99.2,61.2,72.1600036621094,70.6871428571429,,,100,68.8,51.12997238981491,11.348438302881497,0.2893617021276596,
EV170,09/07/2021,7,83,1.4,2.6166666666666667,4.016666666666667,100,99.2,62.4,78.0899963378906,74.1148671971429,,,100,67.2,53.43792253241072,11.04481016837205,0.34854771784232363,
EV170,09/08/2021,6,83,1.15,2.7333333333333334,3.8833333333333333,100,100,66.4,76.1699981689453,71.11403519,,,100,70,52.40230387868183,11.877533923074605,0.296137339055794,
EV170,09/09/2021,9,83,1.1666666666666667,2.7666666666666666,3.9333333333333336,100,100,56.4,73.0199966430664,68.79201564,,,100,70,43.288859725867596,11.481078300850829,0.2966101694915254,
EV170,09/10/2021,8,57,1.3166666666666667,1.9333333333333333,3.25,100,99.2,37.6,47.2999992370605,68.19575,,,100,76.8,37.20460013521037,7.881030040627426,0.40512820512820513,
EV170,09/13/2021,7,83,1.0666666666666667,2.75,3.816666666666667,100,99.2,55.2,66.9100036621094,73.1248671971429,,,100,75.2,48.46695299451205,11.85249520952841,0.27947598253275113,
EV170,09/14/2021,6,84,0.9833333333333333,2.8,3.783333333333333,100,99.2,50.8,65.7300033569336,76.12101173,,,100,76,48.67407672525783,13.38601147814644,0.2599118942731278,
EV170,09/15/2021,11,91,1.6666666666666665,2.8833333333333333,4.55,100,100,70,79.4599990844727,67.9983700345455,,,100,64,47.56314035125774,10.12260139512723,0.3663003663003663,
EV170,09/16/2021,7,76,1.15,2.5166666666666666,3.6666666666666665,100,99.2,59.6,70.629997253418,69.2188671971429,,,100,74,47.22421061003738,11.938858735228395,0.3136363636363636,
EV170,09/17/2021,8,84,1.5,2.566666666666667,4.066666666666666,100,99.2,66.8,74.4899978637695,68.045,,,100,50,46.136811023622045,11.801384480836386,0.36885245901639346,
EV170,09/20/2021,7,85,1.1,2.6833333333333336,3.783333333333333,100,100,63.2,75.4300003051758,75.2565714285714,,,100,70,46.869141357330335,12.223818031262631,0.2907488986784141,
EV170,09/21/2021,6,84,0.9,2.75,3.65,100,100,61.2,75.2799987792969,70.16903519,,,100,72,53.95573185927516,13.87265297338932,0.24657534246575344,
EV170,09/22/2021,7,79,1.5666666666666667,2.65,4.216666666666667,100,100,58.8,73.7600021362305,59.1645915371429,,,100,72,45.80393359920919,10.256889387452949,0.37154150197628455,
EV170,09/23/2021,7,90,1.1333333333333333,2.966666666666667,4.1,100,99.2,70,82.8099975585938,54.41,,,100,64,50.86367045028462,12.851340994830883,0.2764227642276423,
EV170,09/24/2021,8,83,1.0666666666666667,2.55,3.6166666666666667,100,100,59.6,77.6800003051758,64.4405,,,100,71.2,45.903796826533046,12.641956849807459,0.2949308755760369,
EV170,09/27/2021,6,87,0.8833333333333333,3.0166666666666666,3.9,100,100,59.6,77.0800018310547,70.92502346,,,100,71.2,49.916819109732494,12.660716095476245,0.2264957264957265,
EV170,09/28/2021,6,84,1.0166666666666666,2.75,3.7666666666666666,100,100,59.6,72.1600036621094,62.41101173,,,100,71.2,51.36668522495294,13.537301893835451,0.26991150442477874,
EV170,09/29/2021,7,84,0.7666666666666666,2.716666666666667,3.4833333333333334,100,99.2,61.6,71.1699981689453,65.4157142857143,,,100,72,43.05214689072957,12.895419416334782,0.2200956937799043,
EV170,09/30/2021,8,83,1.3833333333333333,2.7666666666666666,4.15,100,100,58.4,74.0299987792969,65.4980087975,,,100,70,49.010652787719714,11.715256563161448,0.3333333333333333,
EV170,10/01/2021,6,84,0.9666666666666667,2.6666666666666665,3.6333333333333333,100,100,60,72.4700012207031,67.11201173,,,100,72,50.95243776346138,14.946877783727205,0.26605504587155965,
EV170,10/03/2021,2,17,0.2833333333333333,0.35,0.6333333333333333,100,99.2,11.2,15.1499996185303,71.555,,,100,88.8,55.612721705241384,20.904702253127446,0.4473684210526316,
EV170,10/04/2021,12,123,1.1666666666666665,3.8166666666666664,4.983333333333333,100,79.2,88,97.6699981689453,66.11752346,,,100,36.8,46.809963148545826,13.860158876848365,0.23411371237458195,
EV170,10/05/2021,7,100,0.8166666666666667,3.2333333333333334,4.05,80.8,100,77.6,85.7900009155273,66.1948671971429,,,100,63.2,41.18803331401757,11.689946525217417,0.20164609053497942,
EV170,10/06/2021,5,100,0.8,3.2666666666666666,4.066666666666666,100,100,79.2,85.3899993896484,69.3968,,,100,64.8,53.686471009305656,14.822441294979805,0.19672131147540986,
EV170,10/07/2021,2,53,0.03333333333333333,1.8666666666666667,1.9,100,99.2,38.8,45.5400009155273,64.562,,,100,64.8,57.166149685834725,17.27392765846838,0.017543859649122806,
EV170,10/08/2021,5,98,1.2666666666666666,2.783333333333333,4.05,100,100,72.8,80.370002746582,67.503214076,,,100,42,56.669052732044854,14.835572304951132,0.31275720164609055,
EV170,10/11/2021,5,99,1.15,3.15,4.3,100,100,74.4,88.379997253418,73.468414076,,,100,64.8,55.177761870675255,14.088641346676452,0.26744186046511625,
EV170,10/12/2021,5,101,0.7,3.1666666666666665,3.8666666666666667,100,100,76.8,86.5100021362305,66.293628152,,,100,64.8,54.55639067843792,15.451369838084362,0.1810344827586207,
EV170,10/13/2021,6,101,0.8666666666666667,3.1833333333333336,4.05,100,100,70.8,84.8499984741211,66.18202346,,,100,64,52.09161828256316,14.024787368596957,0.21399176954732507,
EV170,10/14/2021,5,100,1,3.083333333333333,4.083333333333333,100,100,70.8,87.4300003051758,65.8616,,,100,64.8,53.313648293963254,15.86815944194659,0.2448979591836735,
EV170,10/15/2021,6,85,1.1,2.466666666666667,3.566666666666667,100,99.2,66.4,73.879997253418,59.21901173,,,100,68,47.949143667647604,13.621730690237053,0.30841121495327106,
EV170,10/18/2021,5,100,0.9833333333333334,3.0833333333333335,4.066666666666666,100,99.2,80.8,89.5500030517578,60.2168,,,100,63.2,56.669052732044854,14.776906866431286,0.2418032786885246,
EV170,10/19/2021,5,84,0.85,2.8833333333333333,3.7333333333333334,100,100,62,75.6100006103516,62.452428152,,,100,68.8,54.05929372464805,13.317633185462206,0.22767857142857142,
EV170,10/20/2021,8,111,1.3166666666666667,3.033333333333333,4.35,100,100,84.8,97.5400009155273,63.72725,,,100,54,49.709695378986716,15.505347442301058,0.30268199233716475,
EV170,10/21/2021,7,79,1.15,2.5166666666666666,3.6666666666666665,100,99.2,55.2,69.879997253418,59.7842957685714,,,100,71.2,41.8094045062549,10.448934101998239,0.3136363636363636,
EV170,10/22/2021,6,82,1.1166666666666667,2.433333333333333,3.55,100,99.2,62,74.379997253418,47.198,,,100,70,55.19847424374983,13.68254663959742,0.3145539906103287,
EV170,10/25/2021,6,84,1.5,2.6,4.1,100,99.2,72.4,82.120002746582,48.99201173,,,100,64.8,51.573808955698716,12.646937971888114,0.3658536585365854,
EV170,10/26/2021,6,84,0.9333333333333333,2.716666666666667,3.65,100,99.2,64.4,77.5800018310547,48.431,,,100,66,51.98805641719027,13.698267749519156,0.2557077625570776,
EV170,10/27/2021,8,118,1.4,3.3166666666666664,4.716666666666667,100,92.8,83.6,101.290000915527,48.7895,,,100,48.8,49.08832418674938,14.921591392042826,0.2968197879858657,
EV170,10/28/2021,10,144,1.4,3.8333333333333335,5.233333333333333,100,79.2,102,119.75,55.4666,,,100,36.8,50.51747792889525,17.80476114905729,0.267515923566879,
EV170,10/29/2021,9,119,1.8,3.35,5.15,80.8,100,90.8,100.809997558594,54.07602346,,,100,44.8,47.77654055869279,13.482822566098601,0.34951456310679613,
EV170,11/01/2021,3,37,0.43333333333333335,0.6833333333333333,1.1166666666666667,100,99.2,24.8,34.8400001525879,45.938,,,100,75.2,43.70310718735915,18.551081971143592,0.3880597014925373,
EV170,11/02/2021,6,118,1.2166666666666666,3.2333333333333334,4.45,100,88.8,89.6,106.540000915527,43.59501173,,,100,47.2,52.40230387868183,15.953779013226127,0.2734082397003745,
EV170,11/03/2021,9,91,1.3833333333333333,2.966666666666667,4.35,90,100,68.4,82.0800018310547,43.158,,,100,63.2,43.288859725867596,12.196578606560806,0.31800766283524906,
EV170,11/04/2021,5,84,1.35,2.833333333333333,4.183333333333334,100,100,59.6,75.1600036621094,42.389614076,,,100,70,51.200986240356315,12.344439856519312,0.32270916334661354,
EV170,11/05/2021,5,84,0.9166666666666666,2.85,3.7666666666666666,100,99.2,65.6,73.8899993896484,45.536014076,,,100,71.2,51.94663167104112,13.264033482486166,0.24336283185840707,
EV170,11/08/2021,7,84,1.3333333333333335,2.8666666666666667,4.2,100,100,59.6,75.4199981689453,54.8703058228571,,,100,68.8,40.56666212178023,9.400962455658743,0.3174603174603175,
EV170,11/09/2021,6,86,0.8833333333333333,2.833333333333333,3.716666666666667,100,100,62.4,75.8899993896484,53.62101173,,,100,68.8,50.745314032715605,14.330271823755677,0.2376681614349776,
EV170,11/10/2021,6,84,1.4000000000000001,2.7666666666666666,4.166666666666667,100,99.2,59.6,76.3899993896484,50.255,,,100,70,50.848875898088494,12.013716714346966,0.336,
EV170,11/11/2021,5,82,1.0666666666666667,2.65,3.716666666666667,100,100,59.2,73.8300018310547,52.0952,,,100,63.2,55.42631034757019,12.932927585255051,0.28699551569506726,
EV170,11/15/2021,8,84,1.4166666666666667,2.6,4.016666666666667,100,100,68.4,81.6100006103516,39.1347587975,,,100,67.2,43.80666905273204,11.715663209377418,0.35269709543568467,
EV170,11/16/2021,6,84,0.85,2.85,3.6999999999999997,100,99.2,63.2,76.4700012207031,41.375,,,100,67.2,44.11735464885071,12.692925252878247,0.22972972972972971,
EV170,11/17/2021,5,84,0.8333333333333333,2.833333333333333,3.666666666666666,100,100,65.6,75.379997253418,50.043214076,,,100,68.8,51.698083194146186,13.694663702013637,0.2272727272727273,
EV170,11/18/2021,6,84,1.5166666666666666,2.7666666666666666,4.283333333333333,100,99.2,67.2,78.7900009155273,38.024,,,100,68.8,47.43133434078315,12.230038506050878,0.3540856031128405,
EV170,11/19/2021,6,84,0.9,2.75,3.6500000000000004,100,75.2,61.6,78.8399963378906,37.832,,,100,68,50.53819030196983,14.768991466982932,0.24657534246575344,
EV170,11/27/2021,3,0,0.39999999999999997,0.016666666666666666,0.41666666666666663,100,100,0,0,32.42002346,,,100,100,0,0,0.96,
EV170,11/28/2021,1,0,0.05,0.03333333333333333,0.08333333333333334,100,100,0,0,35.816,,,100,100,0,0,0.6,
EV170,11/29/2021,6,4,1.2333333333333334,0.7833333333333333,2.0166666666666666,100,94,6,7.23999977111816,34.952028152,,,100,94,11.702490787136455,1.5306504442209983,0.6115702479338844,
EV170,11/30/2021,4,39,0.6833333333333333,1.3499999999999999,2.033333333333333,92.8,100,32,37.7799987792969,40.5815,,,100,71.2,40.07844189930804,9.206649831649832,0.33606557377049184,
EV170,12/01/2021,6,81,1.0999999999999999,2.7666666666666666,3.8666666666666663,100,99.2,55.2,72.3499984741211,39.086,,,100,71.2,44.324478379596485,11.025199311635934,0.28448275862068967,
EV170,12/02/2021,5,84,0.7833333333333333,2.8666666666666667,3.65,100,100,64.8,77.9899978637695,43.0052,,,100,68.8,53.065099817068315,13.651159580988205,0.21461187214611874,
EV170,12/03/2021,6,86,1.4000000000000001,2.75,4.15,100,100,67.2,79.7600021362305,40.31,,,100,64,43.392421591240485,11.044640115795682,0.3373493975903614,
EV170,12/06/2021,7,84,1.0333333333333332,2.6166666666666667,3.65,100,100,77.2,82.2900009155273,34.0211428571429,,,100,64,45.005027780618335,12.549190553763253,0.2831050228310502,
EV170,12/08/2021,2,5,0.03333333333333333,0.23333333333333334,0.26666666666666666,100,100,3.2,6.38000011444092,30.155,,,100,96.8,28.583074842917362,7.1696676027384685,0.125,
EV170,12/09/2021,5,39,0.8166666666666667,1.3,2.1166666666666667,100,100,32.4,38.6300010681152,35.636,,,100,70,30.94428537341923,8.138596967337126,0.3858267716535433,
EV170,12/10/2021,5,82,1.85,2.533333333333333,4.383333333333333,100,100,68.4,75.4100036621094,37.9652,,,100,51.2,54.30784220154298,10.995259399457831,0.42205323193916355,
EV170,12/13/2021,6,84,1.05,2.783333333333333,3.8333333333333335,100,100,69.2,81.4199981689453,42.611,,,100,68,46.809963148545826,11.668868734512833,0.2739130434782609,
EV170,12/14/2021,7,84,0.9666666666666667,2.75,3.716666666666667,100,100,63.2,80.4899978637695,42.656,,,100,68,40.03405824271966,10.36025223255839,0.2600896860986547,
EV170,12/15/2021,5,45,0.31666666666666665,1.4833333333333334,1.8,100,99.2,32.8,42.9000015258789,48.7724,,,100,68,30.695736896524295,10.930484154356737,0.1759259259259259,
EV170,12/16/2021,6,85,0.9,2.783333333333333,3.683333333333333,100,100,67.6,81.7399978637695,43.46,,,100,66,48.881200456003604,13.007469869551562,0.24434389140271495,
EV170,12/17/2021,8,84,0.5666666666666667,2.6666666666666665,3.2333333333333334,100,72.8,72,80.3099975585938,33.7865,,,100,66,40.622141692515704,11.651199416619548,0.17525773195876287,
EV170,12/20/2021,1,0,0,0.016666666666666666,0.016666666666666666,72.8,72.8,0,0.109999999403954,36.896,,,72.8,72.8,0,0,0,
EV170,12/21/2021,1,0,0.6333333333333333,0,0.6333333333333333,68,68,0.799999999999997,,37.184,,,68,67.2,0,0,1,
EV170,12/31/2021,4,0,0.5666666666666667,0.06666666666666667,0.6333333333333333,100,100,0,0,34.8935,,,100,100,0.310685596118667,0,0.8947368421052632,
EV170,01/02/2022,3,0,0.35,0.1,0.45,100,100,0,0,26.528,,,100,100,0.20712373074577797,0,0.7777777777777778,
EV170,01/03/2022,6,86,1.6666666666666667,2.9666666666666663,4.633333333333334,100,99.2,74.4,87.2399978637695,24.611,,,100,60.8,45.36009703332538,9.735173123620175,0.3597122302158274,
EV170,01/04/2022,5,80,1.2,2.8833333333333333,4.083333333333333,100,84.8,39.2,97.7200012207031,31.964,,,100,60.8,53.43792253241072,12.424557087990927,0.2938775510204082,
EV170,01/07/2022,1,0,0.2833333333333333,0,0.2833333333333333,,,,,23.72,,,,,2.485484768949336,0,1,
EV170,01/10/2022,6,79,1.7833333333333332,2.966666666666667,4.75,,,,,16.421,,,,,48.25982926376627,10.457817782199827,0.37543859649122807,
EV170,01/11/2022,8,84,0.9166666666666666,2.85,3.7666666666666666,,,,,19.42925,,,,,36.738571741032366,11.323832571699768,0.24336283185840707,
EV170,01/12/2022,6,84,0.7333333333333333,2.8666666666666667,3.6,,,,,31.925,,,,,44.53160211034226,12.510265935142703,0.2037037037037037,
EV170,01/13/2022,7,84,0.95,3.1,4.05,,,,,31.9562857142857,,,,,42.07570644578518,10.662470284601081,0.2345679012345679,
EV170,01/14/2022,6,81,0.9,2.75,3.65,,,,,27.671,,,,,47.43133434078315,11.510770328981279,0.24657534246575344,
EV170,01/17/2022,6,82,1.15,2.5666666666666664,3.716666666666667,,,,,30.197,,,,,46.60283941780004,11.385783614820566,0.3094170403587444,
EV170,01/19/2022,9,85,1.4,3.0166666666666666,4.416666666666666,,,,,25.73,,,,,38.45597267513278,9.540311268917428,0.31698113207547174,
EV170,01/22/2022,1,0,0.25,0,0.25,,,,,22.064,,,,,0,0,1,
EV170,01/24/2022,6,9,0.2,0.5,0.7,,,,,23.381,,,,,16.25921286354357,7.219741471709975,0.28571428571428575,
EV170,01/25/2022,9,85,1.5333333333333332,2.933333333333333,4.466666666666667,,,,,18.838,,,,,33.001714432160625,9.491245122773678,0.34328358208955223,
EV170,01/26/2022,6,84,0.9,2.966666666666667,3.8666666666666667,,,,,16.1,,,,,44.428040244969374,13.05391747021422,0.23275862068965517,
EV170,01/27/2022,4,39,1.05,1.3666666666666667,2.4166666666666665,,,,,27.779,,,,,35.57350075558737,8.159419696045799,0.43448275862068964,
EV170,01/28/2022,7,84,1.4666666666666666,2.8333333333333335,4.3,,,,,16.718,,,,,43.22968151708309,10.298195926385363,0.34108527131782945,
EV170,01/31/2022,8,84,1.8833333333333333,2.65,4.533333333333333,,,,,29.41025,,,,,40.77748449057504,11.171817310078094,0.41544117647058826,
EV170,02/01/2022,2,45,0.18333333333333332,1.65,1.8333333333333333,,,,,29.966,,,,,57.166149685834725,15.25183835491638,0.09999999999999999,
EV170,02/02/2022,7,0,0.5333333333333333,0.1,0.6333333333333333,,,,,29.4954285714286,,,,,3.2843905875401935,0,0.8421052631578948,
EV170,02/07/2022,3,42,0.6499999999999999,1.3166666666666667,1.9666666666666666,,,,,28.424,,,,,50.12394284047827,12.188434924655397,0.33050847457627114,
EV170,02/08/2022,5,79,1.5833333333333333,2.75,4.333333333333333,,,,,27.1652,,,,,51.94663167104112,11.07893849846087,0.3653846153846154,
EV170,02/09/2022,7,84,0.95,2.8333333333333335,3.783333333333333,,,,,31.856,,,,,42.51954301166899,11.621829763054548,0.2511013215859031,
EV170,02/10/2022,6,84,1.3833333333333333,2.85,4.233333333333333,,,,,29.564,,,,,41.94255547602004,10.611567828155435,0.32677165354330706,
EV170,02/16/2022,12,97,1.8833333333333333,3.25,5.133333333333333,,,,,34.0745,,,,,38.42145205334182,9.571181422265488,0.3668831168831169,
EV170,02/17/2022,6,81,1.6500000000000001,2.6333333333333333,4.283333333333333,,,,,30.284,,,,,48.98476232137649,11.743218879732419,0.3852140077821012,
EV170,02/18/2022,6,74,1.9833333333333334,2.3833333333333333,4.366666666666666,,,,,21.971,,,,,49.29544791749516,10.267109963406087,0.4541984732824427,
EV170,02/21/2022,5,79,1.8166666666666667,2.466666666666667,4.283333333333333,,,,,34.0844,,,,,55.177761870675255,10.77954660142873,0.42412451361867703,
EV170,02/22/2022,6,84,1.4833333333333334,2.75,4.233333333333333,,,,,36.527,,,,,45.46365889869826,10.85404083802886,0.35039370078740156,
EV170,02/23/2022,2,45,0.9,1.5,2.4,,,,,23.801,,,,,57.166149685834725,11.605504278295179,0.375,
EV170,02/24/2022,5,86,1.05,2.9166666666666665,3.966666666666667,,,,,23.8928,,,,,53.065099817068315,12.983549462295077,0.2647058823529412,
EV170,02/25/2022,7,82,1.5,2.683333333333333,4.183333333333334,,,,,22.5088571428571,,,,,42.07570644578519,10.902350111714025,0.3585657370517928,
EV170,02/28/2022,7,81,1.5833333333333333,2.5666666666666664,4.1499999999999995,,,,,33.8642857142857,,,,,40.477894808603466,10.151432800562377,0.3815261044176707,
EV170,03/01/2022,7,81,1.6333333333333335,2.783333333333333,4.416666666666667,,,,,34.412,,,,,41.63186987990137,8.890970778162492,0.369811320754717,
EV170,03/02/2022,6,81,1.5999999999999999,2.4833333333333334,4.083333333333333,,,,,33.578,,,,,51.15956149420716,12.188613081210086,0.39183673469387753,
EV170,03/03/2022,6,86,1.8,2.783333333333333,4.583333333333334,,,,,25.472,,,,,54.05929372464805,11.176953117271657,0.39272727272727276,
EV170,03/04/2022,6,82,2.216666666666667,2.6333333333333333,4.8500000000000005,,,,,28.001,,,,,45.98146822556271,8.879950023670695,0.45704467353951894,
EV170,03/07/2022,7,84,1.5,2.783333333333333,4.283333333333333,,,,,33.2420100542857,,,,,41.89817181943166,9.239805165536836,0.3501945525291829,
EV170,03/08/2022,8,84,1.3,2.6666666666666665,3.966666666666667,,,,,31.7975,,,,,41.398855682812375,11.74788680806888,0.3277310924369748,
EV170,03/09/2022,5,81,1.45,2.75,4.2,,,,,32.6552,,,,,52.19518014793605,11.577590145250635,0.34523809523809523,
EV170,03/10/2022,6,84,1.7166666666666666,2.6333333333333333,4.35,,,,,27.836,,,,,50.12394284047827,11.22225015822261,0.3946360153256705,
EV170,03/11/2022,5,82,1.6,2.6333333333333333,4.233333333333333,,,,,27.266,,,,,52.56800286327845,11.46687807040265,0.3779527559055118,
EV170,03/14/2022,6,84,1.2666666666666666,2.65,3.9166666666666665,,,,,,,,,,51.26312335958005,13.169486453321356,0.32340425531914896,
EV170,03/15/2022,8,84,1.5666666666666667,2.8,4.366666666666667,,,,,40.361,,,,,43.495983456613374,9.30185477429572,0.3587786259541985,
EV170,03/16/2022,6,84,1.7,2.6833333333333336,4.383333333333333,,,,,50.318,,,,,51.26312335958005,12.142481241364813,0.3878326996197718,
EV170,03/17/2022,5,84,0.7833333333333333,2.8166666666666664,3.6,,,,,55.7276,,,,,51.94663167104112,13.730331932834769,0.21759259259259262,
EV170,03/18/2022,5,84,0.95,2.6666666666666665,3.6166666666666667,,,,,49.9568,,,,,53.065099817068315,13.884279034533472,0.26267281105990786,
EV170,03/21/2022,6,84,0.85,2.65,3.5,,,,,52.607,,,,,45.04941143720671,13.404356001271491,0.24285714285714285,
EV170,03/22/2022,5,84,0.85,2.683333333333333,3.533333333333333,,,,,43.5128,,,,,54.680664916885384,13.955885721914967,0.24056603773584906,
EV170,03/23/2022,8,84,1.6333333333333333,2.55,4.183333333333334,,,,,44.60225,,,,,40.00077050027837,10.75463502152372,0.3904382470119522,
EV170,03/24/2022,6,84,1.55,2.65,4.2,,,,,42.611,,,,,42.87461226437604,11.025658898332484,0.36904761904761907,
EV170,03/25/2022,5,82,1.7833333333333332,2.4833333333333334,4.266666666666667,,,,,38.249614076,,,,,53.562196770858186,11.262358840005383,0.41796875,
EV170,03/28/2022,5,84,1.6,2.683333333333333,4.283333333333333,,,,,24.6956,,,,,50.95243776346138,11.687295874965466,0.3735408560311284,
EV170,03/29/2022,6,84,1.5333333333333334,2.783333333333333,4.316666666666666,,,,,31.76,,,,,48.777638590630715,12.222640175358901,0.3552123552123553,
EV170,03/30/2022,6,98,1.6833333333333333,3.033333333333333,4.716666666666667,,,,,46.256,,,,,51.88449455181738,12.592909152498438,0.3568904593639576,
EV170,03/31/2022,5,84,1.1666666666666667,2.683333333333333,3.85,,,,,38.703242228,,,,,51.44953471725125,13.782639181911206,0.3030303030303031,
EV170,04/07/2022,2,0,0.3833333333333333,0.1,0.4833333333333333,,,,,42.188,,,,,5.592340730136005,0,0.7931034482758621,
EV170,04/11/2022,6,90,1.5166666666666666,2.7333333333333334,4.25,,,,,51.686,,,,,45.67078262944405,10.961253484352184,0.3568627450980392,
EV170,04/12/2022,7,84,1.1666666666666667,2.7,3.8666666666666667,,,,,53.1140100542857,,,,,44.73872584108804,11.39083901618049,0.3017241379310345,
EV170,04/13/2022,5,84,0.9333333333333333,2.6166666666666667,3.55,,,,,61.0772,,,,,53.81074524775312,14.277424209779381,0.26291079812206575,
EV170,04/14/2022,6,84,1.15,2.75,3.9,,,,,42.092,,,,,49.50257164824094,13.2945474748032,0.2948717948717949,
EV170,04/15/2022,5,84,0.7833333333333333,2.6666666666666665,3.45,,,,,40.5644,,,,,51.44953471725125,14.38853765341775,0.22705314009661837,
EV170,04/18/2022,5,84,1,2.7666666666666666,3.7666666666666666,,,,,38.670814076,,,,,51.44953471725125,14.200940120118286,0.26548672566371684,
EV170,04/19/2022,3,49,0.4,1.55,1.95,,,,,39.692,,,,,32.104178265595586,9.074182787992013,0.20512820512820512,
EV170,04/20/2022,5,84,1.4833333333333334,2.6999999999999997,4.183333333333334,,,,,43.714414076,,,,,51.82235743259365,12.004590678392873,0.3545816733067729,
EV170,04/21/2022,6,77,1.65,2.3166666666666664,3.966666666666667,,,,,50.831,,,,,45.46365889869826,10.455559886340748,0.41596638655462187,
EV170,04/22/2022,5,75,1.7833333333333332,2.283333333333333,4.066666666666666,,,,,48.286414076,,,,,53.189374055515785,10.741348622919627,0.4385245901639344,
EV170,04/25/2022,7,85,0.75,2.7333333333333334,3.4833333333333334,,,,,48.9765714285714,,,,,41.454335253547846,11.79728950531506,0.21531100478468898,
EV170,04/26/2022,5,84,1.5,2.7666666666666666,4.266666666666667,,,,,40.4132,,,,,52.19518014793605,11.863897516174823,0.3515625,
EV170,04/27/2022,6,106,1.0166666666666666,3.2666666666666666,4.283333333333333,,,,,37.61001173,,,,,51.26312335958005,15.207689670539567,0.23735408560311283,
EV170,04/28/2022,11,94,2.55,3.05,5.6,,,,,43.4709410818182,,,,,37.05631837342646,9.904027030624938,0.45535714285714285,
EV170,04/29/2022,6,81,1.7333333333333334,2.6166666666666667,4.3500000000000005,,,,,51.569,,,,,42.66748853363026,10.4038151528309,0.3984674329501916,
EV170,05/02/2022,5,84,1.4666666666666668,2.6,4.066666666666666,,,,,51.090828152,,,,,51.325260478803784,12.36207861526868,0.3606557377049181,
EV170,05/03/2022,5,84,1.6333333333333333,2.6999999999999997,4.333333333333333,,,,,48.5348,,,,,51.076712001908845,11.568886463842029,0.3769230769230769,
EV170,05/04/2022,5,84,1.1333333333333333,2.75,3.8833333333333333,,,,,48.758028152,,,,,51.325260478803784,13.137777543647264,0.2918454935622318,
EV170,05/05/2022,7,125,1.5666666666666667,4.033333333333333,5.6,,,,,55.0965714285714,,,,,48.999556873572615,11.982395346872838,0.27976190476190477,
EV170,05/06/2022,8,121,1.1833333333333333,4.216666666666667,5.4,,,,,50.1935,,,,,44.89406863914738,12.057673266015033,0.2191358024691358,
EV170,05/07/2022,38,66,3.1,5.233333333333333,8.333333333333334,,,,,60.9241071152632,,,,,17.52920837048479,4.171775902686931,0.372,
EV170,05/08/2022,43,70,3.8833333333333333,4.516666666666667,8.4,,,,,62.1638139534884,,,,,15.808839169945193,4.599892052999436,0.46230158730158727,
EV170,05/09/2022,7,86,1.3333333333333333,2.7,4.033333333333333,,,,,57.70144868,,,,,48.910789560395855,12.624837170647185,0.3305785123966942,
EV170,05/10/2022,6,96,0.6666666666666666,3.066666666666667,3.7333333333333334,,,,,73.025,,,,,46.0850300909356,15.153052069633148,0.17857142857142855,
EV170,05/11/2022,4,1,0.18333333333333335,0.18333333333333332,0.36666666666666664,,,,,83.255,,,,,9.941939075797343,1.1650709854450012,0.5,
EV170,05/12/2022,1,1,0.23333333333333334,0.08333333333333333,0.31666666666666665,,,,,72.482,,,,,17.39839338264535,1.962224817591581,0.736842105263158,
EV170,05/13/2022,6,80,1.0333333333333334,2.5833333333333335,3.6166666666666667,,,,,66.38002346,,,,,53.541484397783606,12.948662896408665,0.2857142857142857,
EV170,05/14/2022,56,73,4.566666666666666,4.033333333333333,8.6,,,,,74.2764466007273,,,,,17.176475099703445,4.778028628915395,0.5310077519379844,
EV170,05/16/2022,6,86,1.1333333333333333,2.7,3.8333333333333335,,,,,60.554,,,,,49.50257164824094,12.746954700035976,0.29565217391304344,
EV170,05/17/2022,5,87,0.9333333333333333,2.8333333333333335,3.7666666666666666,,,,,55.212814076,,,,,50.33106657122405,13.808463130185142,0.24778761061946902,
EV170,05/18/2022,5,87,1.5166666666666666,2.8833333333333333,4.4,,,,,51.818014076,,,,,52.44372862483098,11.928224801057882,0.34469696969696967,
EV170,05/19/2022,5,93,0.6666666666666666,3,3.6666666666666665,,,,,65.8364,,,,,51.325260478803784,15.089318129873785,0.18181818181818182,
EV170,05/20/2022,5,88,1.1166666666666667,2.833333333333333,3.9499999999999997,,,,,74.8148,,,,,52.19518014793605,13.745137413849383,0.2827004219409283,
EV170,05/23/2022,5,87,1.45,2.75,4.2,,,,,53.232814076,,,,,53.065099817068315,12.378952906885472,0.34523809523809523,
EV170,05/24/2022,4,87,1.3833333333333333,2.85,4.233333333333333,,,,,55.37753519,,,,,52.66120854211405,12.14342005553912,0.32677165354330706,
EV170,05/25/2022,5,87,0.8833333333333333,2.6833333333333336,3.5666666666666664,,,,,61.2284,,,,,51.698083194146186,14.233419809143298,0.24766355140186913,
EV170,05/26/2022,5,87,0.8333333333333333,2.716666666666667,3.55,,,,,72.8816,,,,,51.573808955698716,14.510798924661037,0.2347417840375587,
EV170,05/27/2022,5,87,1.0166666666666666,2.7,3.716666666666667,,,,,63.86,,,,,51.698083194146186,14.27621658084451,0.27354260089686094,
EV170,05/31/2022,5,87,0.5833333333333334,2.816666666666667,3.4000000000000004,,,,,75.909214076,,,,,54.05929372464805,14.993498574386189,0.1715686274509804,
EV170,06/01/2022,5,87,0.7666666666666666,2.8,3.5666666666666664,,,,,70.754014076,,,,,50.703889286566444,14.364901209171773,0.21495327102803738,
EV170,06/02/2022,5,87,0.6166666666666667,2.7333333333333334,3.35,,,,,62.5748,,,,,55.42631034757019,15.478508827351584,0.18407960199004975,
EV170,06/03/2022,5,85,0.85,2.6166666666666667,3.466666666666667,,,,,61.9592,,,,,56.17195577825499,14.071264867351017,0.24519230769230768,
EV170,06/06/2022,6,85,0.8666666666666667,2.5833333333333335,3.45,,,,,68.492,,,,,54.266417455393835,14.990553133825832,0.25120772946859904,
EV170,06/07/2022,5,85,0.8333333333333334,2.65,3.4833333333333334,,,,,60.8324,,,,,55.177761870675255,14.200824585386297,0.23923444976076555,
EV170,06/08/2022,6,85,1,2.5833333333333335,3.5833333333333335,,,,,61.77201173,,,,,52.712989474800494,13.618513810340021,0.27906976744186046,
EV170,06/09/2022,6,86,0.9333333333333333,2.5166666666666666,3.45,,,,,58.29804692,,,,,52.609427609427605,16.199476036929717,0.27053140096618356,
EV170,06/10/2022,5,89,0.85,2.65,3.5,,,,,63.4244,,,,,54.55639067843792,14.995843204519064,0.24285714285714285,
EV170,06/15/2022,4,0,0.16666666666666666,0.1,0.26666666666666666,,,,,84.929,,,,,6.2137119223733395,0,0.625,
EV170,06/27/2022,1,7,0,0.15,0.15,,,,,64.922,,,,,47.22421061003738,28.997322304408915,0,
EV170,06/28/2022,2,20,0.15,0.44999999999999996,0.6,,,,,70.754,,,,,55.612721705241384,22.504934817032172,0.25,
EV170,06/29/2022,4,113,0.7166666666666667,1.9833333333333334,2.7,,,,,67.158517595,,,,,45.360097033325374,22.26515176447914,0.2654320987654321,
