Vehicle ID,Local Trip Start Time,Local Trip End Time,Total Distance,Idling Time,Driving Time,Total Run Time,Initial SOC,Final SOC,SOC Used,Total Energy Consumption,Average Ambient Temperature,Average Ambient Temperature (logger),Initial Odometer,Final Odometer,Percent Idling Time,Drive Cycle,Average Speed,GPS Average Speed,GPS Distance,Average Battery Voltage,Average Battery Power Used,Average Battery Current
EV061,01/28/2021 17:11:01,01/28/2021 17:42:57,4.44664371238643,0.27166666666666667,0.2852777777777778,0.5569444444444445,,,8.73222965449432,13.5349559644662,43.898,,2230.1752565020283,2235.406038002394,0.4877805486284289,,7.15040149060284,7.59723830020182,5.2877808715849435,1544.09902198432,-1897.57400001193,-1229.24630455649
EV061,01/28/2021 19:10:48,01/28/2021 19:14:35,,0.013888888888888888,0.06277777777777778,0.07666666666666666,,,,,45.77,,2235.4572642664016,2235.457279712535,0.18115942028985507,,0.000245028715423812,0.947947424540682,0.05975676424679869,1599.53163738334,-1128.65139052868,-705.613670996238
EV061,03/12/2021 00:01:38,03/12/2021 01:15:33,4.07298946624755,0.7069444444444444,0.6061111111111112,1.3130555555555556,,,7.10062158803869,11.00596346146,56.3495,,2235.705440922155,2240.5521554123916,0.5383964459488046,,3.18219704690687,4.43840766796906,5.247588495685198,1575.39086404271,-1585.11162997962,-1007.56751894709
EV061,03/22/2021 14:21:10,03/22/2021 14:22:49,,0.9658333333333333,0.0275,0.9933333333333333,,,0.285811569079499,0.443007932073223,39.57807038,,2240.5521554123916,2240.5521554123916,0.9723154362416108,,,0.165236742424242,0.004544010292392427,1584.07169290512,-1640.83074617278,-1035.83111390847
EV061,03/23/2021 16:19:22,03/23/2021 16:21:30,0.0201840859557265,0.0038888888888888888,0.035277777777777776,0.03916666666666667,,,0.0086882815784719,0.0134668364466314,47.498,,2241.8512032918024,2241.8713873777583,0.09929078014184396,,0.567956958823913,3.42955117116042,0.1218795857193987,1578.75828354228,-587.742019779198,-372.281194598373
EV061,03/23/2021 17:46:57,03/23/2021 18:53:48,14.4821191405656,0.3269444444444444,0.8680555555555556,1.195,,,21.0570743041006,32.6384651713559,59.2475,,2242.6802626858707,2259.06607861556,0.2735936773593677,,15.8514174577237,21.0224044703929,18.682087608367134,1539.96931688528,-1202.84293474129,-781.494023969709
EV061,03/25/2021 15:51:03,03/25/2021 16:17:56,,0.3477777777777778,0.044722222222222226,0.3925,,,0.11561586297718,0.179204587614628,46.16607038,,2259.317565417959,2259.317565417959,0.8860580325548478,,,1.7862197702915,0.04448206722739203,1585.81597273124,-1450.35470149373,-914.568813497169
EV061,03/26/2021 16:06:31,03/26/2021 16:52:51,11.2254392853693,0.02277777777777778,0.7722222222222223,0.795,,,14.7127745950486,22.8048006223253,45.284,,2259.317565417959,2270.5430047033283,0.0286512928022362,,14.5365400817732,14.552240540245,11.23756387695856,1558.0344643414,-1678.64745475545,-1077.41355738561
EV061,03/26/2021 20:02:27,03/26/2021 20:06:31,0.000479609005832476,0.008333333333333333,0.0675,0.07583333333333334,,,0.0775959361627037,0.120273701052191,63.824,,2270.586588787296,2270.5870683963017,0.10989010989010989,,0.00707802596950722,1.76076277042074,0.11930978087966276,1597.88285312763,-934.931603239437,-585.106474739023
EV061,03/29/2021 13:40:33,03/29/2021 13:41:30,0.000111944878881656,0.02361111111111111,0.015555555555555555,0.03916666666666667,,,0.0181115608427405,0.0280729193062477,45.86,,2271.0511550216715,2271.0512669665504,0.6028368794326241,,0.00707802596348958,10.7232810387338,0.1695976310844667,1574.51070058938,-219.762182273987,-139.574905519362
EV061,03/29/2021 15:03:24,03/29/2021 15:07:13,0.000450117230796803,0.2727777777777778,0.06333333333333334,0.33611111111111114,,,0.0538197564632412,0.0834206225180239,45.824,,2271.060928595861,2271.061378713092,0.8115702479338842,,0.00707802596673506,3.44946475085501,0.21936392716535433,1574.82358859435,-863.656366906684,-548.414675244712
EV061,04/09/2021 17:28:22,04/09/2021 17:31:47,0.253747200017438,0.04722222222222222,0.05694444444444444,0.10416666666666667,,,0.541942135560433,0.840010310118671,63.41,,2271.7756864849516,2272.0294336849693,0.4533333333333333,,4.45604839054895,0.182074211604231,0.01036811520719001,1586.65729095853,-1277.10105317718,-804.900377954746
EV061,04/15/2021 13:30:12,04/15/2021 14:58:03,16.2915711008483,0.49972222222222223,1.0383333333333333,1.5380555555555557,,,21.4470957754041,33.2429984518764,44.465052785,,2276.777540482169,2294.323549233341,0.3249051833122629,,9.71219586971655,12.9409304194753,19.072114527409923,1558.51201850544,-760.712282039204,-488.108579358479
EV061,04/15/2021 17:29:43,04/15/2021 19:00:03,15.5140171495332,0.13583333333333333,1.2161111111111111,1.3519444444444444,,,13.8750117542304,21.5062682190571,65.45,,2295.4017447683136,2312.3887872168193,0.10047257037189233,,13.0074277138042,14.699319515695,17.5038338602561,1566.19366496706,134.468234110816,85.5298813408498
EV061,04/19/2021 13:09:22,04/19/2021 13:19:20,0.0701367565486423,0.2136111111111111,0.014166666666666668,0.2277777777777778,,,0.0490615040347251,0.0760453312538239,49.71207038,,2312.444802354251,2312.5149391108,0.9378048780487804,,2.80940342674938,0.365447691730295,0.005849379778344469,1588.81972611721,-2198.64212401245,-1383.76664138685
EV061,04/19/2021 17:35:09,04/19/2021 18:46:42,16.9500370957914,0.24555555555555555,0.9711111111111111,1.2166666666666666,,,19.0091690972063,29.4642121006698,73.07607038,,2340.9564255717282,2358.775714126893,0.20182648401826486,,13.8003858221922,16.8093981150083,18.42735568032689,1556.06227900829,-1122.08519703195,-720.75549547989
EV061,04/20/2021 13:10:23,04/20/2021 14:05:45,7.50854839149023,0.24611111111111111,0.5352777777777779,0.7813888888888889,,,15.0083204052056,23.2628966280686,48.443,,2360.1366588214682,2367.6694558894733,0.31496622822609316,,7.10000458852136,9.04118432727869,8.65028048447069,1568.16340289475,-817.22833605087,-531.07326702577
EV061,04/20/2021 17:32:18,04/20/2021 17:51:27,6.5416768831725,0.08138888888888889,0.3188888888888889,0.4002777777777778,,,7.50620005316848,11.6346100824112,68.36,,2378.370520675143,2384.9121975583153,0.20333102012491325,,20.4972394303794,20.7559788336117,6.624253733198122,1540.43308806159,-1329.55370800816,-863.103836390067
EV061,04/22/2021 13:20:31,04/22/2021 14:06:25,12.0338558374683,0.08194444444444444,0.5422222222222223,0.6241666666666668,,,15.1455990024108,23.4756784537367,47.114,,2397.1376958561996,2411.0739743092863,0.13128615932354248,,16.1365399624443,18.9281275683343,13.984841643551658,1543.77285468683,-1559.30766214305,-1009.50616532624
EV061,04/22/2021 16:27:21,04/22/2021 16:31:29,0.0100413811403678,0.5463888888888889,0.06888888888888889,0.6152777777777778,,,0.0654922082757849,0.101512922827467,56.282,,2422.8831325476253,2422.893173928766,0.8880361173814898,,0.145761984298681,0.925118122663644,0.06373036094209815,1597.4516008423,-1144.39941854461,-716.390667448824
EV061,04/22/2021 17:07:54,04/22/2021 17:08:56,,0.5269444444444444,0.017222222222222222,0.5441666666666667,,,0.0494457293245034,0.0766408804529803,62.006,,2422.924600334049,2422.924600334049,0.9683511995916283,,,0.78215291447944,0.013470411546568042,1598.57358258653,-1125.09670653357,-703.812898442334
EV061,04/22/2021 17:54:40,04/22/2021 19:08:45,20.4515263242085,0.03,1.2347222222222223,1.2647222222222223,,,32.7459584831265,50.7562356488461,71.07807038,,2423.7219218461787,2444.1734481703866,0.023720623764550842,,16.5636658643759,17.3162375477213,21.380742712558654,1535.36931836851,-350.999880812323,-228.609414434109
EV061,04/23/2021 11:48:19,04/23/2021 11:52:33,0.0275188932392173,0.08527777777777777,0.07055555555555555,0.15583333333333332,,,0.860122202099419,1.3331894132541,43.268,,2444.270893252295,2444.2984121455343,0.5472370766488414,,0.390031557720292,1.71314212499006,0.12087169679074207,1564.39706364986,-2154.10936553076,-1376.95820043605
EV061,04/23/2021 13:18:07,04/23/2021 14:18:46,6.43048818077424,0.5180555555555556,0.5991666666666666,1.1172222222222223,,,11.2450246209033,17.4297881624001,46.8968,,2444.2997693470134,2452.6344156353853,0.4636996519144704,,7.73044078120608,9.76679125159071,8.677493593041635,1563.07349342067,-1861.47961830465,-1190.78026786041
EV061,04/23/2021 17:48:43,04/23/2021 17:50:23,0.115503141999818,0.0019444444444444444,0.0275,0.029444444444444443,,,0,,64.112,,2461.325340014316,2461.440843156316,0.0660377358490566,,4.16073437465354,6.58262062057584,0.18273538783504334,1581.2580193287,-1999.04243939181,-1264.21015100399
EV061,04/26/2021 13:16:14,04/26/2021 14:52:37,20.8724716261782,0.45138888888888884,1.2008333333333332,1.6522222222222223,,,36.1704209558811,56.0641524816158,44.402,,2480.587702477178,2502.43569941317,0.27320107599193,,11.3885344609745,12.6634376905538,22.317604398748806,1546.77444580875,-738.015550080267,-484.018549259244
EV061,04/26/2021 17:31:11,04/26/2021 17:42:12,2.08349407813479,0.005833333333333334,0.18333333333333332,0.18916666666666668,,,2.60296180339181,4.0345907952573,60.98,,2502.9536214826558,2505.0371155607904,0.030837004405286344,,11.3484018617288,12.8687415493518,2.3626186197605983,1567.59100834294,-925.92511301563,-590.667532594744
EV061,04/27/2021 11:25:40,04/27/2021 11:35:33,0.0122764133324581,0.29444444444444445,0.01638888888888889,0.31083333333333335,,,0.127413412166021,0.197490788857333,40.109,,2507.368945359103,2507.4903716138274,0.9472743521000894,,0.737236025224843,66.7743415950847,0.14300994318181817,1577.44162761851,-2205.05392511891,-1397.85316318252
EV061,04/27/2021 13:12:17,04/27/2021 14:44:24,24.5097345259857,0.027499999999999997,1.3005555555555555,1.3280555555555555,,,32.2981125236564,50.0620744116674,43.295,,2507.4932195975503,2532.825189915313,0.02070696507006902,,9.63909316356641,10.0940984028275,25.52223875405134,1561.07354378872,-1680.28010380455,-1071.1321069818
EV061,04/27/2021 17:40:06,04/27/2021 19:08:13,24.2459134621819,0.12444444444444444,1.3269444444444445,1.4513888888888888,,,30.2645653705868,46.9100763244096,67.394,,2535.206374771335,2560.0298094870627,0.08574162679425837,,12.456314069722,21.5492136340438,24.996919428661613,1561.40538933432,-1002.59160040901,-642.500187761238
EV061,04/29/2021 11:37:52,04/29/2021 11:39:51,0.000195544066741846,0.09388888888888888,0.03277777777777778,0.12666666666666668,,,0.0404616772711108,0.0627155997702218,50.9,,2560.3628425999887,2560.3630381440553,0.7412280701754385,,0.00591875229548443,5.38226445060845,0.1778195587767438,1595.50326414394,0,0
EV061,04/29/2021 13:09:16,04/29/2021 14:45:47,21.8171642246399,0.5816666666666667,1.2380555555555555,1.8197222222222222,,,20.6534337338954,32.0128222875379,53.582,,2560.3718588326574,2583.982405142591,0.3196458555945657,,12.9263344880985,14.8521569720333,24.270301398147318,1565.68690275458,-1720.82535040233,-1097.55238843945
EV061,04/29/2021 17:36:20,04/29/2021 19:25:43,17.8658823975952,0.8975,1.1475,2.045,,,23.0578208722008,35.7396223519112,78.9944,,2586.902342433901,2606.726198997852,0.4388753056234719,,8.84583354748634,13.6262822118826,20.000561274034634,1571.73402858203,-790.194772624868,-504.441783344669
EV061,04/30/2021 11:34:00,04/30/2021 11:37:40,0.0448950299284666,0.01138888888888889,0.06111111111111111,0.0725,,,0.124939659823383,0.193656472726244,48.84807038,,2606.9212883097234,2606.9661833396517,0.157088122605364,,0.734645944282741,3.6428985971924,0.22262157748747313,1573.70291892348,-2208.3599373,-1403.28896308502
EV061,04/30/2021 13:21:06,04/30/2021 14:44:24,21.4219191696231,0.3013888888888889,1.0955555555555556,1.3969444444444443,,,24.9682342685087,38.7007631161885,53.348,,2606.9747474747473,2629.6145265770583,0.2157486577848479,,13.3285357736031,14.2941674868766,22.83006308905989,1563.03893612583,-1524.74876074815,-976.64439654451
EV061,04/30/2021 17:50:42,04/30/2021 18:45:16,13.0524850255013,0.24083333333333334,0.7875,1.0283333333333333,,,17.9129862789594,27.765128732387,78.494,,2632.016006521912,2645.7583614675673,0.23419773095623989,,11.0712940387121,14.186190770898,13.873002415891195,1557.85351262578,-1290.73139330127,-829.856924988109
EV061,05/03/2021 13:15:33,05/03/2021 15:14:57,26.8068906211994,0.4716666666666667,1.4544444444444444,1.926111111111111,,,39.6216027784878,61.413484306656,55.6115,,2645.8104469895807,2674.7650687596642,0.24488029997115662,,12.7155967722351,13.6016022062406,29.263471772765797,1555.45320379522,-1255.73623725629,-804.81152502664
EV061,05/03/2021 17:27:50,05/03/2021 17:41:39,1.92674239109543,0.09222222222222223,0.14527777777777778,0.2375,,,2.27647224512491,3.52853197994361,75.452,,2675.014893024735,2677.185032944251,0.38830409356725154,,7.24036806674654,10.8064630681818,2.3573937206712796,1571.83560211615,-537.757168727323,-347.803055601047
EV061,05/04/2021 11:33:26,05/04/2021 11:34:50,0.000241513706459446,0.03666666666666667,0.023055555555555555,0.059722222222222225,,,0.00490732866217058,0.0076063594263644,50.684,,2699.6655505703447,2699.665792084051,0.613953488372093,,0.0103583561903212,8.4759137884753,0.19762299421379143,1585.02723790461,0,0
EV061,05/04/2021 13:11:44,05/04/2021 14:45:06,25.6736331664877,0.1825,1.371388888888889,1.5538888888888889,,,36.5073923358958,56.5864581206384,55.69404692,,2699.682521010581,2726.130529577332,0.11744726492670718,,8.47300680875346,7.08187601076381,26.705804688804875,1569.65248108266,-148.502259754321,-90.9903475252623
EV061,05/04/2021 17:38:22,05/04/2021 17:50:32,2.12905083719095,0.0022222222222222222,0.2025,0.20472222222222222,,,0.722156972989865,1.11934330813429,82.14807038,,2728.6977988223657,2730.8268496595565,0.010854816824966078,,10.5003349794424,11.5572320150322,2.343347475741669,1574.4476695636,252.71056348088,160.507439126844
EV061,05/05/2021 13:30:05,05/05/2021 13:31:53,0.000101776629172203,0.6230555555555556,0.029722222222222223,0.6527777777777778,,,0.14219588844621,0.220403627091626,61.268,,2753.0588498546176,2753.0589516312466,0.954468085106383,,0.00339453445324926,2.51965353585063,0.07554551419708899,1597.50205016899,-1484.51451161517,-929.272367104711
EV061,05/06/2021 11:48:17,05/06/2021 11:50:21,0.000456657228499681,0.021111111111111112,0.034166666666666665,0.05527777777777778,,,1.8666814782178,2.89335629123759,49.892,,2753.3456959518694,2753.3461526090978,0.38190954773869346,,0.0132645297477553,6.00366111906466,0.2066877062952358,1598.11328458688,-1220.76598067809,-763.879502443193
EV061,05/06/2021 13:32:41,05/06/2021 13:55:48,5.34179547415485,0.5777777777777777,0.385,0.9627777777777777,,,8.23923548647666,12.7708150040388,56.282,,2753.368776233629,2758.710571707784,0.6001154068090017,,13.8654197753459,14.356737279289,5.531080365664518,1546.67100961529,-1839.96445592603,-1189.62885092395
EV061,05/06/2021 14:33:59,05/06/2021 14:48:18,1.89126248569144,0.020555555555555556,0.2386111111111111,0.25916666666666666,,,3.18393587378283,4.93510060436338,59.486,,2759.8156141869595,2761.7068766726507,0.07931404072883173,,7.92612916005705,12.868806793327,3.0706403975781433,1555.52285015547,-1624.1947156941,-1044.14712746378
EV061,05/06/2021 17:52:40,05/06/2021 18:40:23,11.3227502505299,0.03777777777777778,0.795,0.8327777777777777,,,19.5343773471619,30.278284888101,77.414,,2762.3051505241265,2773.6279007746566,0.04536357571714476,,14.2377917858161,15.1158776495268,12.021057026962538,1543.30928505947,-1670.86382893111,-1082.65002038572
EV061,05/07/2021 11:40:13,05/07/2021 11:45:32,0.0296153631974114,0.095,0.08833333333333333,0.18333333333333332,,,0.642196729083921,0.995404930080077,46.004,,2773.936617571598,2773.9662329347952,0.5181818181818182,,0.334283283251718,3.12979971963732,0.27728025829157715,1589.20444553362,-1588.48126201214,-999.544939907817
EV061,05/07/2021 13:29:00,05/07/2021 15:06:08,14.7801629075758,0.5430555555555556,1.0755555555555556,1.6186111111111112,,,16.0800486432143,24.9240753969822,53.636,,2774.8087365065276,2791.894647845865,0.3355071220181912,,13.5464174407653,16.5118062079953,17.972599208124553,1560.46509408525,-1647.30002540679,-1056.23369769143
EV061,05/10/2021 11:25:20,05/10/2021 11:39:18,0.0684624595939334,0.19944444444444442,0.04666666666666667,0.24611111111111111,,,0.0841042343567295,0.130361563252931,54.131,,2813.580668893661,2813.8088770923073,0.8103837471783295,,0.733526352791077,56.354473810447,0.2565779454237254,1588.29093167062,-1106.23654821694,-700.778873991554
EV061,05/10/2021 14:01:08,05/10/2021 14:04:50,0.000447845692130309,0.085,0.06138888888888889,0.1463888888888889,,,0.0101887169246169,0.0157925112331561,60.20607038,,2813.846289069872,2813.846736915564,0.5806451612903226,,0.00726442410179789,4.21201595184125,0.2596672805814046,1597.05788597642,-1416.06308202802,-886.669853649206
EV061,05/11/2021 13:21:07,05/11/2021 15:01:42,20.5314161227641,0.3794444444444444,1.3180555555555555,1.6975,,,30.2540532268131,46.8937825015603,57.8768,,2814.0156287282266,2836.4726294798616,0.22353133693339877,,9.90986069641015,10.2239371197208,22.588778061744414,1564.11103854446,-1661.47559337942,-1059.97535042901
EV061,05/11/2021 17:49:58,05/11/2021 17:59:05,0.366116934604914,0.07611111111111112,0.15166666666666667,0.22777777777777777,,,0.427091059382278,0.66199114204253,85.154,,2836.811476761471,2837.1775936960757,0.33414634146341465,,2.40982227309196,6.34474419390758,0.9639376043903602,1585.97423771107,-1423.00830987337,-897.245539074523
EV061,05/13/2021 13:08:11,05/13/2021 15:24:08,22.3930213919558,0.5511111111111111,1.2516666666666667,1.8027777777777778,,,28.4376673057514,44.0783843239147,58.226,,2848.749642440052,2875.15950900347,0.3057010785824345,,9.71567739642108,14.9634342082861,26.93320528451344,1561.38007301385,-1418.14269147469,-910.384040763415
EV061,05/13/2021 17:44:19,05/13/2021 19:09:49,21.3935951920835,0.34055555555555556,1.3175000000000001,1.6580555555555554,,,29.4926813309619,45.7136560629909,80.807,,2875.4071025212756,2897.589666525243,0.20539453844865138,,13.2273348224829,15.5753717042472,22.331617913882923,1553.76950849136,-996.796654736945,-640.116516100626
EV061,05/14/2021 11:34:43,05/14/2021 11:37:44,0.0419518092110119,0.0975,0.050277777777777775,0.14777777777777779,,,0.072781154908256,0.112810790107797,50.378,,2897.719849736955,2897.7618015461658,0.6597744360902256,,0.834400625193825,4.17819620913863,0.21007042621092817,1567.7839346799,-2209.2429238378,-1409.15012264676
EV061,05/14/2021 13:09:11,05/14/2021 13:45:09,2.94550424443682,0.595,0.2763888888888889,0.8713888888888889,,,4.37081767318975,6.77476739344411,56.012,,2897.7764654418193,2901.56810435205,0.6828179789607906,,5.38846251333831,9.24560345706077,4.794115135297363,1561.64576115981,-1467.59384965616,-944.47465764255
EV061,05/14/2021 17:37:02,05/14/2021 18:06:24,0.275560613708084,0.5977777777777777,0.18222222222222223,0.78,,,0.805171516646425,1.24801585080196,77.342,,2905.6057424640094,2906.344887062765,0.7663817663817664,,1.5102557420459,5.86173683190169,0.9046194847092976,1575.39031028613,-2186.6282645339,-1387.96915948675
EV061,05/17/2021 13:07:44,05/17/2021 15:08:03,29.9124444689899,0.1425,1.4208333333333334,1.5633333333333335,,,43.7008878297652,67.7363761361361,56.039,,2915.8575232649773,2947.1133381054638,0.09115138592750531,,10.7098015314763,12.6293183433747,31.294314961064877,1547.82276185493,-1167.27046652223,-745.847093739029
EV061,05/17/2021 17:46:07,05/17/2021 18:13:38,5.74041103919275,0.20694444444444446,0.3883333333333333,0.5952777777777778,,,8.05102445746094,12.4790879090645,72.77007038,,2948.0184690322762,2954.349762214101,0.3476434904339711,,13.8008523938276,19.0761291557305,7.4423822998687665,1538.82999465376,-812.532221964085,-528.01975294839
EV061,05/18/2021 11:33:37,05/18/2021 11:35:04,0.00025292246556528,0.10361111111111111,0.02388888888888889,0.1275,,,0.00899276217479894,0.0139387813709384,49.892,,2973.380061616394,2973.3803145388597,0.8126361655773421,,0.0104733413554466,8.92405042054402,0.21550838105464087,1598.91710770853,-1141.02965648174,-713.6265232142
EV061,05/18/2021 13:12:27,05/18/2021 14:08:12,14.5336376335126,0.25333333333333335,0.7752777777777777,1.0286111111111111,,,16.0742651782132,24.9151110262304,54.554,,2973.3973133537493,2988.63456871483,0.24628679449095328,,12.6478031549839,10.5817568835501,15.637090922139704,1570.92707950392,-1971.74772602283,-1253.88116243844
EV061,05/18/2021 17:28:03,05/18/2021 17:42:55,0.746539158060558,0.3766666666666667,0.13944444444444443,0.5161111111111111,,,1.03669710338696,1.60688051024978,72.491,,3005.087270341207,3006.507885084639,0.729817007534984,,5.72554018474859,11.2375637216158,2.357373780869721,1578.74569258096,-1472.75726491415,-932.778476052807
EV061,05/20/2021 11:17:36,05/20/2021 11:34:18,0.0457959106183081,0.24222222222222223,0.05388888888888889,0.2961111111111111,,,0.156277659209465,0.242230371774671,40.99107038,,3030.314940746043,3030.550548020172,0.8180112570356474,,0.737667290187038,50.0076062979699,0.2700427664936769,1589.46561637638,-1979.74212880718,-1246.41938332445
EV061,05/20/2021 13:04:02,05/20/2021 14:46:46,11.9889282571711,0.735,0.8788888888888889,1.613888888888889,,,15.5452353304632,24.0951147622179,48.416014076,,3030.5634892229377,3045.4640526041712,0.4554216867469879,,9.36622196412767,13.6005487577547,15.653102690910085,1561.05451180218,-1401.09857093863,-902.945641856278
EV061,05/20/2021 17:39:49,05/20/2021 17:48:08,1.32002770412296,0.1711111111111111,0.13833333333333334,0.30944444444444447,,,2.31639577249373,3.59041344736529,66.272,,3049.363376085603,3050.6834037897256,0.5529622980251346,,9.52444844708353,16.8938809850473,2.341384067048437,1554.23912824524,-1572.35826485134,-1011.65788216036
EV061,05/20/2021 20:13:36,05/20/2021 21:18:31,21.1899568381616,0.12083333333333333,1.0816666666666668,1.2025,,,24.9080606169652,38.607493956296,69.8,,3068.52806988577,3089.718026723932,0.1004851004851005,,19.5853860068551,20.6035595870118,22.29154674202656,1545.34247651531,-958.171848410278,-620.038511185506
EV061,05/21/2021 11:17:23,05/21/2021 11:23:59,0.10428551186699,0.06527777777777778,0.04694444444444444,0.11222222222222222,,,0.178166140240563,0.276157517372873,44.978,,3093.384116758132,3093.6271361379104,0.5816831683168318,,2.14624036021173,67.284597792641,0.26427650023860655,1592.01915018294,-2183.37288470778,-1371.52253508286
EV061,05/21/2021 13:06:04,05/21/2021 14:51:09,13.3537591752954,0.7827777777777778,0.9375,1.7202777777777778,,,15.6709621647365,24.2899913553415,50.669656304,,3093.632665235027,3109.000776786412,0.455029872436622,,9.38983628643749,11.4357640877277,15.666348259290741,1569.38131571479,-1649.1897603996,-1052.56796413176
EV061,05/21/2021 17:46:08,05/21/2021 18:41:11,14.8502238081884,0.14777777777777779,0.8452777777777778,0.9930555555555556,,,15.3941064446454,23.8608649892004,69.71,,3111.5281555714623,3126.952116031028,0.14881118881118882,,15.4200255384952,18.3892452452676,16.085007555873695,1558.75347999147,-1860.47343593633,-1193.29563106273
EV061,05/21/2021 20:14:32,05/21/2021 21:26:51,24.5851934024727,0.1125,1.1500000000000001,1.2625000000000002,,,30.5954223807071,47.422904690096,73.571,,3131.599733596631,3156.6870830482817,0.0891089108910891,,18.1630718609983,21.5946839209019,26.433703670563904,1540.04004975244,-1082.76084921459,-702.395644400508
EV061,05/24/2021 11:16:58,05/24/2021 11:29:00,0.128015826773618,0.2702777777777778,0.12777777777777777,0.39805555555555555,,,0.557934316480136,0.86479819054421,54.086,,3156.950389724011,3157.1194166090627,0.6789951151430565,,0.689905653270408,1.62351526460471,0.25166999535214346,1590.93047521823,-194.036298343069,-122.040643903388
EV061,05/24/2021 13:19:05,05/24/2021 14:55:20,25.1872676276894,0.09527777777777778,1.4741666666666666,1.5694444444444446,,,26.091242668296,40.4414261358588,57.92,,3157.1368010816823,3182.5124169009164,0.06070796460176991,,8.57043887854244,9.13271904577269,25.463431404969974,1576.23660208971,120.969951906252,79.0340055529265
EV061,05/24/2021 17:47:10,05/24/2021 18:16:51,7.67044320107319,0.04805555555555555,0.49444444444444446,0.5425,,,6.45041606954815,9.99814490779963,81.554,,3182.55088284419,3190.2213260452627,0.08858166922683051,,15.5050939611369,15.0578335023463,7.4491817784140615,1572.3847323628,53.3142017986759,33.9065883185991
EV061,05/25/2021 11:14:08,05/25/2021 11:20:13,0.0448036409938519,0.009444444444444445,0.10111111111111111,0.11055555555555556,,,0.237855600053265,0.368676180082561,56.48,,3207.218717363907,3207.263521004901,0.08542713567839195,,0.441975211004249,2.55299003817705,0.2588001384415016,1590.27175779429,-1670.22490811907,-1050.27640711904
EV061,05/25/2021 13:13:06,05/25/2021 15:01:17,26.4729857737345,0.08777777777777777,1.4941666666666666,1.5819444444444444,,,29.5051316958022,45.7329541284934,61.205,,3208.2066134393103,3234.832011849946,0.05548726953467954,,9.12840818326639,9.5697405588861,27.90402303081255,1576.14087660347,-736.265998513399,-473.705773650627
EV061,05/25/2021 17:43:33,05/25/2021 17:51:56,1.4511189764603,0.1313888888888889,0.13972222222222222,0.27111111111111114,,,1.53258175933378,2.37550172696736,80.618,,3235.6588259889936,3237.109944965454,0.4846311475409836,,10.3857421774519,16.715081424481,2.3354683026127416,1564.67215910282,-1461.07465134275,-933.789639473436
EV061,05/27/2021 11:06:30,05/27/2021 11:08:46,0.000223935796388914,0.09555555555555556,0.0375,0.13305555555555557,,,0.127660019142041,0.197873029670164,50.666,,3259.836675827452,3259.8368997632483,0.7181628392484343,,0.00593045946518196,6.78043072208303,0.25603094801360055,1593.76585829003,-742.499691692828,-465.877523872588
EV061,05/27/2021 13:15:40,05/27/2021 14:08:13,6.7404490940326,0.4175,0.5025000000000001,0.9199999999999999,,,9.20159242148928,14.2624682533084,53.678,,3259.849442685015,3267.940608680328,0.453804347826087,,4.92034592779815,6.5738025700741,8.735398898557426,1572.18282978134,-2036.34625860803,-1292.72129474261
EV061,05/27/2021 17:44:14,05/27/2021 17:53:08,1.39916975158524,0.08166666666666667,0.14805555555555555,0.22972222222222222,,,2.35801649011198,3.65492555967357,76.226,,3277.6609295237718,3279.060099275357,0.3555018137847642,,9.43371803360221,15.9051259395132,2.3589819205837905,1567.0811075221,-1741.47164778258,-1111.28367218735
EV061,05/28/2021 11:10:28,05/28/2021 11:17:10,0.131709449295095,0.10805555555555554,0.02611111111111111,0.13416666666666666,,,0.101783764381878,0.157764834791911,56.06607038,,3295.951125427503,3296.1267196155645,0.805383022774327,,2.54921514764245,29.0240886970095,0.25747904114968584,1584.58699727173,-1106.54748603335,-704.058359697429
EV061,05/28/2021 13:13:48,05/28/2021 14:01:57,4.56755103327163,0.6002777777777778,0.3108333333333333,0.9111111111111111,,,5.26987574120518,8.16830739886803,60.404,,3296.199673904398,3301.311144429702,0.6588414634146342,,8.93651289118375,11.641927543148,5.941382908191164,1570.23471713228,-1745.9792481951,-1114.43728235094
EV061,05/28/2021 17:41:34,05/28/2021 19:02:14,16.6415461639102,0.20833333333333334,1.1652777777777776,1.3736111111111111,,,17.1022495102626,26.5084867409071,83.05404692,,3311.4377909559903,3329.175165901756,0.15166835187057634,,12.1120139348292,16.0005965163445,19.187364603217212,1552.98562309736,-1442.83341389972,-929.32400912283
EV061,05/28/2021 19:33:24,05/28/2021 19:33:25,,0.45,0,0.45,,,0.00120443468479436,0.00186687376143126,88.754,,3329.5673069275426,3329.5673069275426,1,,,134.368432106498,0.034973116996739044,1596.18359319125,-717.190089775945,-449.315537908812
EV061,05/28/2021 20:09:01,05/28/2021 20:13:58,,0.1213888888888889,0.0825,0.2038888888888889,,,0.10279840091377,0.159337521416343,88.754,,3329.5673069275426,3329.5673069275426,0.5953678474114441,,,0.130079218613298,0.010731535955022667,1598.35973354096,-1168.82434274091,-731.264882500217
EV061,06/01/2021 11:24:37,06/01/2021 11:26:59,0.0000843934636464858,0.1825,0.03944444444444444,0.22194444444444444,,,0.00018108363379099,0.000280679632376034,66.092,,3329.753593477979,3329.7536778714425,0.8222778473091364,,0.00213955260178088,5.68482375427503,0.22423470681221663,1583.50910692786,-757.903433714142,-478.622718617979
EV061,06/01/2021 17:49:58,06/01/2021 19:11:20,24.2852079927913,0.03111111111111111,1.3558333333333332,1.3869444444444445,,,23.817507232545,36.9171362104447,98.24,,3357.1561878628804,3381.441395855672,0.02243140396555177,,17.9082091338029,18.1222181211724,24.575424520798535,1560.57705926971,-317.590665731978,-203.508480305739
EV061,06/01/2021 21:13:01,06/01/2021 21:23:00,,0.37444444444444447,0.01583333333333333,0.3902777777777778,,,0.110086714789936,0.170634407924402,105.638,,3381.700349956255,3381.700349956255,0.9594306049822064,,,11.9593297020401,0.08337011477968663,1578.46998515651,-182.27087198537,-116.810597736919
EV061,06/03/2021 13:36:42,06/03/2021 14:53:17,13.1127150914456,0.42138888888888887,0.8802777777777777,1.3016666666666667,,,15.1959363960829,23.5537014139285,69.305,,3383.560889866679,3397.6568778435203,0.32373026034997865,,14.9442123506837,18.1444262382685,16.04098253698401,1558.70736113109,-1667.91616278694,-1070.20267104496
EV061,06/03/2021 16:46:42,06/03/2021 17:23:49,8.52886173038208,0.44722222222222224,0.4222222222222223,0.8694444444444445,,,8.61674244864791,13.3559507954043,80.44707038,,3398.9891776483933,3408.382134362317,0.5143769968051118,,15.0874970994829,23.5003237343912,10.76689284578064,1554.82461440054,-1631.96392582974,-1049.87345980661
EV061,06/16/2021 21:55:49,06/16/2021 21:58:54,,0.019444444444444445,0.051111111111111114,0.07055555555555555,,,0.00013011657163986,0.000201680686041783,102.632,,3408.543585460908,3408.543585460908,0.27559055118110237,,,0.274111426767677,0.014081484132665233,1595.00229988557,-1007.20071363296,-631.47289110819
EV061,07/12/2021 20:11:35,07/12/2021 20:16:20,0.211364076619218,0.014444444444444444,0.07888888888888888,0.09333333333333334,,,1.19690049671428,1.85519576990713,95.936,,3408.543585460908,3408.754949537527,0.15476190476190474,,2.67045233097267,3.02766015221109,0.2396367898970015,1592.42484654355,-1463.64655144322,-919.130692176874
EV061,07/13/2021 15:31:30,07/13/2021 16:10:29,30.0996613063439,0.014444444444444444,0.6494444444444445,0.6638888888888889,,,30.0015722484808,46.5024369851453,74.444,,3408.7921339378026,3438.8917952441466,0.021757322175732216,,46.3282169219767,46.344690755985,30.11036173745327,1504.34850598202,-744.457009196645,-494.870042570803
EV061,08/03/2021 16:45:47,08/03/2021 17:13:34,8.97869950029252,0.03972222222222222,0.325,0.3647222222222222,,,7.72357959494944,11.9715483721716,80.096,,3467.0767517696645,3476.0554512699573,0.10891089108910891,,15.4076547023573,16.5242071614273,9.197255540145548,1568.64009566421,2808.11901396505,1735.80458675205
EV061,08/04/2021 12:43:22,08/04/2021 12:48:12,0.163746324218975,0.10805555555555556,0.08027777777777778,0.18833333333333332,,,1.11498493135394,1.72822664359861,58.748,,3476.2730454147772,3476.4367917389964,0.5737463126843658,,2.03315467563004,2.46065782082637,0.19817659866380338,1590.89046326272,-1233.71528427854,-775.487258719462
EV061,08/04/2021 23:30:50,08/04/2021 23:34:30,0.0444351609789852,0.01,0.06111111111111111,0.07111111111111111,,,0.064940665218117,0.100658031088081,,,3476.53192910616,3476.576364267139,0.140625,,0.72712081602427,3.20838180028633,0.19606778911158831,1575.70298117637,-1779.52131303604,-1129.35073062279
EV061,08/17/2021 19:51:20,08/17/2021 19:54:05,0.0000034760250211639,2.1972222222222224,0.09111111111111111,2.2883333333333336,,,0.0003566401030639,0.000552792159749045,94.946,,3476.583731010896,3476.5837327489085,0.9601845108035931,,0.0000379347658219498,1.48772530919431,0.13632275013918715,1595.50029762711,-793.626657185991,-497.415549446343
EV061,09/22/2021 19:51:31,09/22/2021 19:53:51,0.00000149702815252674,0.16027777777777777,0.03861111111111111,0.1988888888888889,,,0.00001801856991789,0.0000279287833727295,93.75807038,,3476.6458666330914,3476.645868130119,0.8058659217877094,,0.0000385123471680324,0.855535298854689,0.03325584523880537,1598.49985130787,-630.221879851981,-394.258328730117
EV061,09/27/2021 13:48:07,09/27/2021 15:01:19,11.6648849563032,0.31916666666666665,0.8713888888888889,1.1905555555555556,,,13.846592851425,21.4622189197088,56.738,,3476.645868130119,3488.472114294131,0.2680821278581428,,9.24219503768214,9.61951313495851,11.959470950275392,1574.24002677933,-2004.91173587539,-1272.82160729649
EV061,09/27/2021 15:55:18,09/27/2021 16:06:16,0.0619212639447109,0.03944444444444445,0.12722222222222224,0.16666666666666669,,,1.2,1.86,63.698,,3488.6383321403,3488.700253404245,0.23666666666666666,,0.279344047871019,2.50925688355007,0.08583284679968982,1596.19299556048,-1237.01184287109,-775.275251516151
EV061,09/27/2021 17:44:34,09/27/2021 17:48:02,,0.008611111111111111,0.0575,0.0661111111111111,,,0,0,77.054,,3488.700469259524,3488.700469259524,0.13025210084033614,,,0.895382528533365,0.051717544539887056,1596.37572697539,-1506.81455448971,-943.897184746498
EV061,09/27/2021 20:57:19,09/27/2021 22:16:43,9.66239843976735,0.5975,0.8433333333333334,1.4408333333333334,,,16.1685519452561,25.061255515147,84.2936,,3488.700469259524,3500.1795519461275,0.41469057258530945,,8.37251015591088,10.6155949877714,11.691479904855642,1566.86302606824,-1217.78128401883,-776.279564527868
EV061,09/28/2021 14:01:57,09/28/2021 15:01:29,11.1026354039286,0.5308333333333333,0.8227777777777778,1.353611111111111,,,19.7164667853708,30.5605235173248,57.002,,3500.4443847928096,3512.1767951679058,0.3921608865175456,,9.81956317181887,10.7808709635727,11.96557332596387,1561.40002109405,-370.298053025526,-236.262181074382
EV061,09/28/2021 21:10:15,09/28/2021 22:11:57,10.0309240598303,0.08666666666666667,0.7905555555555556,0.8772222222222222,,,15.4357015597231,23.9253374175708,83.73204692,,3513.378404513457,3523.455381676092,0.09879670677644078,,13.6701283819134,15.5059962320051,11.691625904716455,1549.88737986696,562.042914248509,362.551909783323
EV061,09/29/2021 15:39:53,09/29/2021 15:40:45,0.0566476314044986,0.1238888888888889,0.014166666666666666,0.13805555555555554,,,0,,60.116,,3524.118641396138,3524.175289027543,0.8973843058350102,,3.92651622269072,3.14962618309075,0.045439479688618466,1587.55171058008,-2216.63225414397,-1396.25830098727
EV061,09/29/2021 18:19:16,09/29/2021 19:27:51,5.03020267817213,0.08527777777777777,0.3352777777777778,0.42055555555555557,,,3.87065382051748,5.99951342180209,78.3095,,3524.1807643362754,3529.213870993398,0.20277410832232495,,5.77654766172405,6.15527799681112,5.035463141503619,1587.14658919495,-2143.70615584608,-1350.38155929865
EV061,09/30/2021 13:12:25,09/30/2021 14:53:29,18.9354764867242,0.32055555555555554,1.5025,1.8230555555555554,,,29.0653460061791,45.0512863095775,53.43802346,,3551.8939195100606,3571.7777976616553,0.1758342221545025,,8.50311130424853,9.82857642617116,19.786914046965716,1568.88198452908,-1733.78034268462,-1103.03955628349
EV061,09/30/2021 20:31:48,09/30/2021 21:12:51,5.53080007304067,0.06805555555555555,0.3511111111111111,0.4191666666666667,,,6.22791133625876,9.65326257120107,91.406,,3577.3080012725677,3583.3677178026646,0.16235917826375082,,13.3795465710968,13.7822340448448,6.175014216972878,1565.8251541925,-2029.67516392404,-1295.78276829253
EV061,10/04/2021 12:27:15,10/04/2021 12:46:57,,0.37222222222222223,0.05111111111111111,0.42333333333333334,,,0,0,63.07404692,,3606.3260359500514,3606.3260359500514,0.8792650918635171,,,1.0206731231276,0.06272486826930725,1599.46247371185,-2184.99006857116,-1366.07820422229
EV061,10/04/2021 13:18:58,10/04/2021 13:33:55,3.75617242152218,0.06694444444444445,0.24888888888888888,0.31583333333333335,,,2.81012518595921,4.35569403823677,62.81607038,,3606.3260359500514,3610.0822083715734,0.2119613016710642,,15.0759983337531,15.1299138033882,3.7696053174461146,1562.21926721997,-2081.67272914338,-1332.5099573556
EV061,10/04/2021 20:32:22,10/04/2021 20:48:48,5.03921492204256,0.005833333333333334,0.27361111111111114,0.27944444444444444,,,5.15363352558337,7.98813196465423,97.412,,3631.553748084581,3636.5929630066234,0.02087475149105368,,18.399931962542,18.4634633738964,5.056614372067127,1544.06895425737,-2023.24357887111,-1310.33240017717
EV061,10/04/2021 21:39:08,10/04/2021 23:05:25,22.8470998734035,0.04,1.4377777777777778,1.4777777777777779,,,36.0026769539445,55.8041492786139,97.538,,3636.648950131233,3659.4960500046363,0.02706766917293233,,15.8876879406207,16.1322924123121,23.198849966197404,1548.9094712975,-1131.75379197357,-730.677817487625
EV061,10/05/2021 12:34:35,10/05/2021 14:46:50,18.693491956423,0.5769444444444445,1.3966666666666667,1.9736111111111112,,,21.8622827040315,33.8865381912488,57.0236,,3659.8260956016857,3679.725393170468,0.29232934553131595,,5.42054244252092,6.45258823098107,19.784156190348366,1582.80089058247,-1935.8890393762,-1221.70314856187
EV061,10/05/2021 20:37:10,10/05/2021 20:52:48,5.06910116288255,0.002777777777777778,0.2602777777777778,0.26305555555555554,,,2.67854051960353,4.15173780538547,85.766,,3685.2401773641927,3690.3092785270755,0.010559662090813094,,19.4562792451702,19.5208768293168,5.085931286288077,1549.7874596889,-2077.40858310531,-1340.44740788026
EV061,10/06/2021 12:01:53,10/06/2021 12:11:48,0.00842842856045208,0.21583333333333332,0.01861111111111111,0.23444444444444446,,,0,0,56.66,,3712.9533325379775,3713.0154696572017,0.9206161137440757,,0.286589179761634,1.55517369188937,0.024240060546408967,1590.30041870922,-2148.19384564851,-1350.84402711506
EV061,10/06/2021 13:31:19,10/06/2021 14:51:39,18.080177739308,0.12472222222222223,1.2791666666666668,1.403888888888889,,,26.8547888536887,41.6249227232174,57.25403519,,3713.608396096863,3732.2197553487895,0.088840522358527907,,14.2815941270808,15.631115535274,19.760946696293644,1549.90230833844,-1531.92638512325,-989.583387043297
EV061,10/06/2021 18:36:48,10/06/2021 18:53:55,5.02103451248503,0.0019444444444444444,0.285,0.28694444444444445,,,5.19134206773685,8.04658020499213,74.354,,3738.4295514197083,3743.4505859321935,0.006776379477250726,,17.6015902094727,17.7693333432753,5.0688845890002385,1560.51346528594,-571.868795966683,-366.461942615726
EV061,10/06/2021 19:41:18,10/06/2021 21:03:31,23.1276208497801,0.02861111111111111,1.37,1.398611111111111,,,30.0086911951601,46.5134713524982,76.136,,3743.462658076831,3766.590278926611,0.020456802383316784,,16.8782684755977,16.9679695577825,23.250535621967707,1552.66622529387,164.874273581304,106.187840564445
EV061,10/08/2021 20:42:37,10/08/2021 21:05:36,5.06763438442296,0.025277777777777777,0.3475,0.37277777777777776,,,3.9841375912747,6.17541326647579,72.041,,3766.826214904954,3771.893849289377,0.06780923994038748,,7.93238402796097,7.97199809363318,5.031798542138908,1578.97563842997,-1033.71256830296,-662.930655424534
EV061,10/08/2021 21:38:45,10/08/2021 22:00:39,5.98948957402341,0.0030555555555555557,0.3647222222222222,0.36777777777777776,,,8.04293064266885,12.4665424961367,71.87,,3771.921458681301,3777.9109482553245,0.008308157099697885,,16.4103472742485,16.6927934611867,6.092577472560247,1555.05624718421,-1818.83290294742,-1169.62515422888
EV061,10/11/2021 13:11:06,10/11/2021 13:14:37,0.0105997700207354,0.24194444444444443,0.006388888888888888,0.24833333333333332,,,0,0,49.946,,3794.9743299133056,3794.9849296833263,0.9742729306487696,,1.92005494986689,1.25003756188857,0.009255104377932871,1592.8818751636,-2084.89209775801,-1308.82933269307
EV061,10/11/2021 20:33:38,10/11/2021 20:58:38,4.68436268035473,0.06472222222222222,0.3547222222222222,0.41944444444444445,,,3.37536850619766,5.23182118460637,70.106,,3820.761234391155,3825.773985308275,0.1543046357615894,,10.7358136079326,10.1509619136741,5.0738256705837905,1578.91767618115,-2114.53520034694,-1338.9616380255
EV061,10/11/2021 21:39:12,10/11/2021 21:53:23,5.83956092062699,0.013055555555555556,0.2361111111111111,0.24916666666666668,,,6.29565690794955,9.7582682073218,69.962,,3825.7943410482776,3831.633901968905,0.05239687848383501,,24.7050243605082,25.9409722222222,6.131703352421856,1534.82122709889,-1809.2826424436,-1178.82305150516
EV061,10/12/2021 13:02:42,10/12/2021 14:47:53,18.2645892231455,0.355,1.4194444444444443,1.7744444444444445,,,31.3667538766974,48.618468508881,42.152,,3848.101566849598,3867.126225768731,0.2000626174076393,,4.87199551968019,5.90349533723057,19.6322599456673,1584.41771403058,-1955.20491017778,-1232.11021882184
EV061,10/12/2021 20:28:34,10/12/2021 20:55:49,5.6036303651506,0.004166666666666667,0.3819444444444445,0.38611111111111107,,,7.02610314093744,10.890459868453,69.746,,3873.391374373657,3879.023991931265,0.01079136690647482,,13.465657575178,14.2000358531178,5.6750468513878944,1557.2966506924,-1885.51081415756,-1210.67597968146
EV061,10/13/2021 13:05:53,10/13/2021 14:48:44,19.1042195122269,0.3244444444444444,1.4502777777777778,1.7747222222222223,,,28.2016476880355,43.7125539164551,44.18,,3901.7259007396797,3921.6947001213,0.18281421192674907,,5.64842771959383,6.77043708492404,19.998592679998808,1578.19122350021,-1913.18613640296,-1210.85560176686
EV061,10/13/2021 18:46:35,10/13/2021 19:01:38,5.01410521865519,0.0025,0.25055555555555553,0.25305555555555553,,,4.78460900951175,7.41614396474322,67.622,,3927.3885309790817,3932.402636197737,0.009879253567508234,,19.991182980827,20.2501516145709,5.0790582995307405,1550.94881525572,-1689.12280742025,-1089.08997563646
EV061,10/13/2021 19:39:12,10/13/2021 19:59:04,6.10093897886085,0.001388888888888889,0.3308333333333333,0.3322222222222222,,,7.58463186738264,11.7561793944431,70.682,,3932.4216376362037,3938.5225766150647,0.004180602006688964,,18.4266285247441,18.3797771017259,6.085426732879981,1551.31576139965,-1353.06646327875,-872.205708822278
EV061,10/14/2021 12:54:48,10/14/2021 14:43:13,18.1512946647487,0.6252777777777778,1.2225000000000001,1.8477777777777777,,,30.9484527323397,47.9701017351265,46.2155,,3955.4745088682093,3974.4643319532556,0.33839446782922433,,4.72573133246871,5.29584417626064,19.656680515787798,1574.4314518212,-1908.00599058347,-1209.70227004165
EV061,10/14/2021 20:42:38,10/14/2021 20:54:42,5.0772133296512,0.001388888888888889,0.20083333333333334,0.20222222222222222,,,6.27140404263274,9.72067626608075,78.206,,3980.7643163922685,3985.84152972192,0.006868131868131869,,25.248009131656,25.2165335689573,5.070883540125665,1531.77246747058,-1943.14566941151,-1268.56025335162
EV061,10/15/2021 12:55:14,10/15/2021 12:55:15,,0.09833333333333333,0,0.09833333333333333,,,0.0177141304219361,0.027456902154001,47.282,,4008.5396086852775,4008.5396086852775,1,,,79.3949957249662,0.020664752222023384,1599.49474483811,-210.304757074618,-131.481993143968
EV061,10/15/2021 13:03:20,10/15/2021 14:45:58,17.5147521945711,0.46416666666666667,1.3152777777777778,1.7794444444444444,,,30.9683671682678,48.000969110815,46.898,,4008.5396086852775,4027.59126375998,0.2608492038713706,,9.62165425307708,10.4808059267213,19.581986955927384,1559.89055880563,-128.53822073385,-80.8518247532222
EV061,10/18/2021 12:53:27,10/18/2021 14:45:46,18.9869698520955,0.5352777777777777,1.3319444444444444,1.8672222222222223,,,31.5607711368045,48.919195262047,46.99404692,,4033.7672790901133,4053.6803896584875,0.2866706337399583,,5.72189262898288,7.57265076122114,20.007465596976157,1577.7449628927,-1867.75116519481,-1181.49395078682
EV061,10/18/2021 20:41:58,10/18/2021 21:01:35,4.28729515818008,0.11305555555555555,0.22333333333333336,0.3363888888888889,,,2.66095222092306,4.12447594243075,65.021,,4059.429920816128,4064.4293859692466,0.33608587943848056,,13.2704598030115,13.2147946616758,5.061101324514833,1574.70418641229,-2077.30774479661,-1318.73463735617
EV061,10/19/2021 20:34:31,10/19/2021 20:50:41,5.050518573273,0.021111111111111112,0.23833333333333334,0.2594444444444445,,,3.94955040882414,6.12180313367741,69.683,,4087.1430645033,4092.193583076573,0.08137044967880085,,12.3361066575453,12.4335310536467,5.045619966893343,1567.66879948087,-1235.40148619542,-798.027204219511
EV061,10/20/2021 18:44:32,10/20/2021 19:10:33,4.41042434557949,0.18916666666666668,0.21250000000000002,0.40166666666666667,,,3.39428325686625,5.26113904814268,62.39,,4114.918356796309,4119.974534506999,0.4709543568464731,,7.05667895292682,12.9091709209881,5.072638853470731,1579.24736168921,-2076.43730982096,-1314.92335413779
EV061,10/21/2021 12:57:12,10/21/2021 15:06:39,24.2608990362718,0.43777777777777777,1.7252777777777777,2.1630555555555553,,,33.1004612848359,51.3057149914957,53.460552785,,4142.693649089318,4167.764162901141,0.2023885963785797,,5.02154973222536,6.01995207985365,25.240929993835998,1581.21201178003,-1985.67207887994,-1253.68114019145
EV061,10/21/2021 20:40:59,10/21/2021 20:53:18,4.46194120593452,0.005555555555555556,0.20527777777777778,0.21083333333333334,,,3.43059653002942,5.3174246215456,64.202,,4168.564192860548,4173.026134066482,0.026350461133069828,,21.7361141290433,24.5653862691879,5.042727968663008,1542.2303854826,-2012.53413722489,-1304.95038625187
EV061,10/22/2021 12:58:13,10/22/2021 14:21:44,12.4601501028449,0.4577777777777778,0.9336111111111111,1.3913888888888888,,,16.58528558141,25.7071926511855,63.386,,4195.075240594925,4208.932629777757,0.3290077859852266,,5.20118835404635,9.00509274793539,13.856940073968024,1581.88852542114,-1971.42879417141,-1245.32107151181
EV061,10/22/2021 19:13:26,10/22/2021 19:14:34,0.0333362089247537,0.18777777777777777,0.01861111111111111,0.2063888888888889,,,0.655143708204292,1.01547274771665,58.208,,4220.427185238208,4220.460521447133,0.9098250336473754,,1.76649472493763,4.81092668814125,0.09078886801081681,1588.71430114022,-2083.26014978577,-1311.28683633716
EV061,10/25/2021 21:04:12,10/25/2021 21:06:21,0.000340802061651076,1.0244444444444445,0.035555555555555556,1.06,,,0.0005959810097238,0.00092377056507189,63.69807038,,4220.489322357432,4220.489663159494,0.9664570230607966,,0.00951540227184696,0.515539250775471,0.01846446813111429,1596.50163093019,-755.184722178562,-473.024710747436
EV061,10/25/2021 22:07:49,10/25/2021 22:29:56,0.000504134559314485,1.323611111111111,0.019722222222222224,1.3433333333333333,,,0.0232393023517829,0.0360209186452636,63.42807038,,4220.515849754595,4220.525272100501,0.9853184449958644,,0.0255617522748207,0.421071340247952,0.0078037128171478554,1583.56464252356,-1981.69325792199,-1251.4147762607
EV061,10/26/2021 12:48:32,10/26/2021 13:29:16,2.83299382635547,0.5530555555555556,0.24944444444444444,0.8025,,,4.51349592561147,6.99591868469777,48.47,,4220.551459476656,4224.293252587721,0.6891658013153341,,4.60544254921989,6.65585534644344,3.733911260737294,1573.1932087016,-1998.33557446013,-1270.05006068387
EV061,10/26/2021 20:45:37,10/26/2021 20:59:37,4.44440973228106,0.0033333333333333335,0.23333333333333334,0.23666666666666666,,,3.70150351618149,5.73733045008131,61.538,,4246.391355382006,4250.835765114287,0.014084507042253521,,19.0474702812043,21.5156007665235,5.020307031933508,1540.55751852661,-2033.54669235742,-1320.00698961394
EV061,10/27/2021 13:06:48,10/27/2021 14:49:49,18.5263392667,0.40805555555555556,1.3827777777777779,1.7908333333333333,,,26.2710345780605,40.7201035959937,56.5736,,4273.5544221745,4293.4821807020735,0.22785791841166436,,6.99946592533177,6.9848862766444,19.83878508050485,1568.30401934914,-1845.20500578375,-1175.65041400986
EV061,10/27/2021 18:33:28,10/27/2021 18:50:13,5.00690607025468,0.003611111111111111,0.2788888888888889,0.2825,,,5.01731010454587,7.7768306620461,63.608,,4298.782092579336,4303.788998649591,0.012782694198623403,,17.9374526461713,18.0481848504732,5.037814786645987,1559.14018323709,-1475.1404406328,-946.124316782162
EV061,10/28/2021 13:20:08,10/28/2021 14:45:49,17.7659459518492,0.20305555555555554,1.4280555555555556,1.6311111111111112,,,26.8970313264141,41.6903985559419,51.89,,4327.247117246807,4345.013063198656,0.12448910081743868,,12.440654624909,13.6977060218325,19.561085137795274,1559.35655360761,-1453.53726668581,-932.139133492604
EV061,10/28/2021 20:36:07,10/28/2021 20:53:20,4.60082867915334,0.0044444444444444444,0.28694444444444445,0.29138888888888886,,,3.68002504521786,5.70403882008768,71.798,,4354.863150456163,4359.463979135316,0.015252621544327933,,16.0338656775916,17.4535630666905,5.0082027211087246,1554.67452924579,-2065.98273190841,-1328.88440187585
EV061,10/29/2021 13:26:23,10/29/2021 14:58:53,20.6363640583684,0.19,1.3552777777777778,1.5452777777777778,,,31.1881857852709,48.3416879671699,53.64503519,,4383.016485358137,4405.1936006303185,0.12295523997842892,,15.3469830254451,16.8856082043367,23.073676976457484,1545.65650727996,-1327.35992482515,-858.164680624524
EV061,10/29/2021 20:32:56,10/29/2021 20:56:46,5.3158869993813,0.008611111111111111,0.3972222222222222,0.4058333333333333,,,7.13914007666411,11.0656671188294,74.012,,4409.0451821711085,4414.36106917049,0.021218343600273786,,13.3826525858542,14.6836263719876,5.832662873816909,1552.41684522492,-1397.77512734933,-900.386472646664
EV061,11/01/2021 13:06:17,11/01/2021 13:27:42,0.088060307438148,0.39749999999999996,0.036388888888888894,0.4338888888888889,,,0.288359912270167,0.446957864018758,57.02,,4442.940209178398,4443.800270204184,0.9161331626120358,,2.37434971447212,1.29786450255508,0.062053526778612894,1563.63186262958,-2065.84395854361,-1321.17943884488
EV061,11/01/2021 20:29:51,11/01/2021 20:50:31,5.05694072026391,0.0038888888888888888,0.3441666666666667,0.34805555555555556,,,2.76657401510597,4.28818972341426,62.31207038,,4468.416428060128,4473.473368780392,0.011173184357541898,,14.6821867505766,14.5721430595323,5.019038813330152,1573.11350526234,-2100.15817335874,-1335.03282905737
EV061,11/02/2021 13:00:23,11/02/2021 13:09:25,0.0137861951062938,0.1486111111111111,0.08444444444444443,0.23305555555555554,,,0,0,57.218,,4495.508212041676,4495.521998236783,0.6376638855780692,,0.139460321302423,0.387005823490814,0.028545671093315038,1596.68337670483,-1420.82973407042,-889.961969920918
EV061,11/02/2021 13:26:20,11/02/2021 14:41:24,18.3299422371384,0.2952777777777778,1.1944444444444444,1.4897222222222224,,,27.2518625185045,42.240386903682,57.326,,4495.5703491609,4514.454737162715,0.19820995711355585,,14.9288226337892,16.3677035487752,19.54690855404438,1549.52008007207,-1493.61860257089,-963.943900461957
EV061,11/02/2021 18:49:28,11/02/2021 18:51:28,,0.10361111111111111,0.03305555555555555,0.13666666666666666,,,0.00770039074424033,0.0119356056535725,65.84007038,,4520.860156684959,4520.860156684959,0.758130081300813,,,0.530742314881094,0.017682122032331184,1588.38187969596,-631.536418111369,-397.597344935876
EV061,11/02/2021 20:39:30,11/02/2021 20:56:37,4.42369776907572,0.0022222222222222222,0.2852777777777778,0.2875,,,5.6209557788475,8.71248145721363,67.406,,4521.448638440303,4525.872336209379,0.007729468599033817,,15.5066328808886,17.6744375347968,5.042123995864153,1547.49681031821,-518.80474898511,-335.254163708698
EV061,11/02/2021 21:37:32,11/02/2021 22:54:21,22.4951202673907,0.04138888888888889,1.28,1.321388888888889,,,33.6,52.08,67.22607038,,4525.893263342082,4548.388383609473,0.03132226192978768,,17.5707398392747,17.5826970492325,22.51042909409051,1543.54593217496,318.134830539154,206.106487606029
EV061,11/03/2021 18:49:29,11/03/2021 18:50:53,,0.0025,0.023055555555555555,0.025555555555555557,,,0.00113072301393657,0.00175262067160168,65.174,,4548.573311858744,4548.573311858744,0.09782608695652173,,,1.32231406088443,0.030830854062276303,1592.66952611382,1072.92938411759,673.667302931062
EV061,11/04/2021 12:48:22,11/04/2021 15:14:49,30.4698830168695,0.34833333333333333,1.7169444444444444,2.0652777777777778,,,37.8720583834977,58.7016904944214,59.082814076,,4548.635448977969,4580.15275925103,0.16866173503698723,,11.8458723469202,12.8442520430685,31.470649398761232,1563.17713687254,-1674.79650719951,-1066.83933707834
EV061,11/04/2021 20:27:36,11/04/2021 20:43:39,4.40589742374304,0.007222222222222222,0.2675,0.2747222222222222,,,5.63899423087207,8.74044105785171,69.908,,4585.082475523488,4589.488372947231,0.0262891809908999,,16.4706445747391,18.7988894854052,5.028702999483018,1546.51603353336,-1437.76258613673,-929.678422312791
EV061,11/05/2021 12:53:19,11/05/2021 14:11:35,11.7876234274221,0.39361111111111113,0.8136111111111112,1.2072222222222222,,,20.4601445330188,31.7132240261792,49.982,,4611.891036347729,4624.530216693794,0.3260469397146802,,4.36506245575524,5.37182360638869,12.782883843976178,1573.04951706383,-2002.31687440542,-1271.25452158855
EV061,11/05/2021 20:38:25,11/05/2021 20:50:25,4.98560489714159,0.01972222222222222,0.19972222222222222,0.21944444444444444,,,4.98909131862626,7.7330915438707,68.504,,4637.242980991012,4642.228585888153,0.08987341772151898,,24.9302058787228,25.3068206673029,5.060921095800524,1545.09972827834,-792.141554700789,-512.679887390474
EV061,11/05/2021 21:36:27,11/05/2021 22:48:07,21.3510029736225,0.059722222222222225,1.1941666666666666,1.2538888888888888,,,31.7383071124073,49.1943760242313,68.37807038,,4642.276087648134,4663.627090621757,0.047629596809924686,,17.8755202006544,17.9441002048039,21.432916144714866,1539.53097660116,-17.0288657742381,-11.0610738160221
EV061,11/08/2021 14:02:48,11/08/2021 15:12:32,11.7505796638254,0.38166666666666665,0.821388888888889,1.2030555555555555,,,23.697046865217,36.7304226410864,43.736,,4664.83186192635,4677.4928540563515,0.3172477487878088,,6.35156967354531,6.41131885414181,12.845947033076829,1567.08563490471,-1226.35040106979,-786.929694454662
EV061,11/08/2021 21:28:00,11/08/2021 21:46:17,5.00545947299857,0.004722222222222222,0.30444444444444446,0.30916666666666665,,,4.9516480558835,7.67505448661942,62.85207038,,4690.245949845853,4695.251409318851,0.015274034141958671,,16.4272461433931,16.6388298586256,5.069930356716774,1558.3809209598,-2041.84696533445,-1310.2361161332
EV061,11/09/2021 14:03:51,11/09/2021 14:33:25,3.58469469512804,0.18861111111111112,0.3119444444444444,0.5005555555555555,,,5.22976014191561,8.10612821996919,48.182,,4717.648413266523,4721.740702798948,0.376803551609323,,5.06277036447651,4.95974188706703,4.205445968046607,1582.94445611991,-214.154038471844,-135.252275920617
EV061,11/09/2021 21:35:36,11/09/2021 21:54:06,4.99639396200825,0.013888888888888888,0.3080555555555556,0.3219444444444444,,,5.76388702310523,8.9340248858131,56.174,,4743.000357909806,4747.996751871814,0.04314063848144953,,16.2063752007915,16.270942073292,5.01629980911477,1558.39830633775,-1071.76035788144,-687.731983230966
EV061,11/10/2021 14:18:24,11/10/2021 15:05:29,9.79448808903808,0.16888888888888887,0.6991666666666667,0.8680555555555556,,,15.9363080747013,24.7012775157871,53.41103519,,4770.278553249025,4780.756760110188,0.19455999999999996,,15.424245005067,16.8633648244254,10.902928957388848,1545.33476524689,-1839.14813818026,-1190.62067762793
EV061,11/10/2021 19:51:43,11/10/2021 20:07:00,5.02481890892352,0.0025,0.2544444444444444,0.2569444444444444,,,5.18015876254999,8.02924608195249,63.464,,4795.568360773084,4800.593179682008,0.009729729729729731,,19.7280162891498,19.6436094458363,5.003319986280124,1549.18987085687,-1814.34865987832,-1171.1596454441
EV061,11/15/2021 17:19:49,11/15/2021 17:43:51,11.8816130312745,0.035833333333333335,0.4002777777777778,0.4361111111111111,,,10.1680077078957,15.7604119472384,59.342,,4823.343653066094,4835.225266097368,0.08216560509554141,,29.6641302030455,30.2602513819295,12.120382590670484,1532.86831479961,-1738.61549095431,-1134.22364737286
EV061,11/15/2021 18:42:19,11/15/2021 18:43:11,0.0329831711889075,0.0125,0.014166666666666666,0.02666666666666667,,,0.334140281455205,0.517917436255568,62.348,,4835.522528433945,4835.555511605135,0.46875,,2.28904085518248,4.44222428517458,0.06400875139187147,1590.80610458033,-1670.72134082593,-1050.23568618168
EV061,12/03/2021 22:30:37,12/03/2021 23:07:24,15.2263509601509,0.03722222222222222,0.6127777777777778,0.65,,,19.3493225787413,29.991449997049,63.014,,4835.584665553169,4850.811016513319,0.057264957264957256,,24.8375297783954,25.1591145211962,15.42349491469816,1533.61891440498,-1187.07497231924,-774.035166865301
EV061,12/06/2021 17:12:36,12/06/2021 17:14:29,,0.007222222222222222,0.03111111111111111,0.03833333333333333,,,0.00099632461372323,0.00154430315127101,45.788,,4851.118945359102,4851.118945359102,0.18840579710144928,,,0.524731418515867,0.016461552657480314,1587.80335109489,-263.801051022633,-166.14214275384
EV061,12/08/2021 16:28:36,12/08/2021 16:31:46,0.0602682505375467,0.08944444444444444,0.0525,0.14194444444444446,,,0.00126277398202745,0.00195729967214255,52.97,,4851.118945359102,4851.179213609639,0.6301369863013697,,1.14230351082392,0.701024268273284,0.036986234763978366,1580.50460567342,-375.633585967493,-237.666872098386
EV061,12/17/2021 21:50:38,12/17/2021 21:51:24,,0.02388888888888889,0.0125,0.03638888888888889,,,,,47.354,,4851.181082478326,4851.181082478326,0.6564885496183207,,,2.48773009375249,0.03174412679949097,1595.50000442296,-361.224407838057,-226.402009925847
EV061,12/20/2021 21:18:38,12/20/2021 21:18:48,,0.34694444444444444,0.0025,0.34944444444444445,,,0.00004647822625969,0.0000720412507025195,50.414,,4851.181082478326,4851.181082478326,0.9928457869634341,,,4.83793955798139,0.013354057305336831,1594.17439871188,-279.444079794409,-175.290783756284
EV061,01/03/2022 22:02:25,01/03/2022 22:29:33,8.26975439685475,0.12555555555555556,0.3327777777777778,0.4583333333333333,,,13.8688620280151,21.4967361434233,41.918,,4851.181082478326,4860.155180204115,0.273939393939394,,14.7068767048877,15.2428834046667,8.963451898413267,1544.10018022968,44.7137034361368,31.0696152831937
EV061,01/07/2022 15:42:03,01/07/2022 15:52:45,0.04265314934572,0.056388888888888884,0.1236111111111111,0.18,,,0,,46.454,,4860.190964765768,4860.252379469428,0.3132716049382716,,0.344173372372865,0.898422742434184,0.12237983923884513,1580.06140088732,-2154.70050307314,-1363.67303993072
EV061,01/07/2022 23:48:28,01/07/2022 23:50:37,0.0294770012296999,0.014166666666666666,0.035555555555555556,0.04972222222222222,,,0.00179750190355321,0.00278612795050748,,,4860.37701164384,4860.40648864507,0.2849162011173184,,0.823015925817123,0.699011895530104,0.02503569466813807,1549.26972390291,-894.455995702717,-577.340395866904
EV061,01/25/2022 17:18:36,01/25/2022 17:41:25,11.522626445768,0.0675,0.3675,0.435,,,19.0357003887488,29.5053356025606,43.655,,4860.439513242662,4871.96213968843,0.15517241379310345,,18.7032514943431,19.4232349640599,11.741001321035155,1527.06904093325,-1371.16285810542,-902.170699936312
EV061,03/02/2022 20:15:58,03/02/2022 21:02:06,12.4457368763604,0.6647222222222222,0.44,1.1047222222222222,,,15.632778325212,24.2308064040786,65.822,,4872.245565895171,4884.742726139643,0.6017098315313051,,10.2467221820275,11.6591260994128,12.59834576740585,1562.10299387317,-854.890596570025,-548.011509379211
EV061,03/02/2022 20:15:58,03/02/2022 21:02:06,12.4457368763604,0.6647222222222222,0.44,1.1047222222222222,,,15.632778325212,24.2308064040786,65.822,,4872.245565895171,4884.742726139643,0.6017098315313051,,10.2467221820275,11.6591260994128,12.59834576740585,1562.10299387317,-854.890596570025,-548.011509379211
EV061,03/03/2022 18:00:54,03/03/2022 18:08:39,,0.08,0.07416666666666666,0.15416666666666667,,,0,0,58.964,,4884.921538216813,4884.921538216813,0.518918918918919,,,0.508772540239998,0.026508781217688696,1577.86719053753,-2154.89762231179,-1365.70301512754
EV061,03/03/2022 18:41:58,03/03/2022 18:41:58,0,0.1786111111111111,0,0.1786111111111111,,,0,0,60.242,,4884.921538216813,4884.921538216813,1,,,,0,,,
EV061,03/03/2022 18:00:54,03/03/2022 18:08:39,,0.08,0.07416666666666666,0.15416666666666667,,,0,0,58.964,,4884.921538216813,4884.921538216813,0.518918918918919,,,0.508772540239998,0.026508781217688696,1577.86719053753,-2154.89762231179,-1365.70301512754
EV061,03/03/2022 18:41:58,03/03/2022 18:41:58,0,0.1786111111111111,0,0.1786111111111111,,,0,0,60.242,,4884.921538216813,4884.921538216813,1,,,,0,,,
EV061,03/07/2022 21:00:33,03/07/2022 21:03:59,0.021743914141993,0.20194444444444445,0.05694444444444444,0.2588888888888889,,,0,0,61.052,,4884.921538216813,4884.943282130956,0.7800429184549357,,0.380106978893128,0.741903595502267,0.0424403893760439,1580.51445345143,-2180.31439501138,-1379.49665075832
EV061,03/21/2022 17:35:45,03/21/2022 17:41:37,0.19959215451191,0.07055555555555555,0.07833333333333334,0.1488888888888889,,,0.191857076933218,0.297378469246488,60.638,,4885.045812455261,4885.245404609773,0.4738805970149253,,3.86569265331983,0.290494260394297,0.018219554675693944,1579.77074411645,-2135.40032667904,-1351.69539732146
EV061,03/25/2022 17:52:46,03/25/2022 17:55:31,0.0225098406972734,0.4116666666666667,0.04583333333333333,0.4575,,,0.469647650109607,0.727953857669891,62.762,,4908.132365230113,4908.154875070811,0.8998178506375227,,0.491123797026291,0.444151157241708,0.020356928040244967,1572.6294789725,-1032.74489888435,-656.699440455042
EV061,03/25/2022 18:33:19,03/25/2022 19:08:22,8.22429793999959,0.02777777777777778,0.5391666666666667,0.5669444444444444,,,10.2534897423536,15.8929091006481,65.444,,4908.160820806489,4916.385118746489,0.04899559039686429,,7.67853736506901,8.19369326881015,8.257550718180823,1579.93468452881,-796.052392492793,-503.257507613639
EV061,03/25/2022 19:16:05,03/25/2022 19:25:40,3.13762858845905,0.20666666666666667,0.15944444444444444,0.3661111111111111,,,2.72088367390908,4.21736969455907,65.444,,4916.611469020917,4919.749097609377,0.5644916540212443,,19.64643590246,21.0035592141891,3.354367369561759,1554.89618087722,-423.218543944793,-272.18443851732
EV061,03/31/2022 12:43:42,03/31/2022 12:43:51,,0.31194444444444447,0.0022222222222222222,0.31416666666666665,,,0,0,45.338,,4924.378608923884,4924.378608923884,0.9929266136162689,,,1.24515672224211,0.0030911014674302076,1592.57265661375,-1295.9282504124,-813.73257604956
EV061,03/31/2022 13:14:39,03/31/2022 15:19:21,21.8655519000018,0.4336111111111111,1.6658333333333333,2.0994444444444444,,,35.525568174904,55.0646306711012,45.7124,,4924.984439627376,4949.540687663722,0.20653612066684307,,12.3161238551663,15.1900643989104,25.1005905511811,1548.81677879406,-524.929236713621,-339.476542650314
EV061,04/06/2022 13:44:27,04/06/2022 13:45:27,,0.02361111111111111,0.01638888888888889,0.04,,,,,45.53607038,,4949.606279328719,4949.606279328719,0.5902777777777778,,,1.07048679461942,0.017822712856915612,1580.73051040759,478.748424307041,302.865302564191
EV061,04/18/2022 15:27:14,04/18/2022 15:48:07,0.0118053581574578,0.7519444444444444,0.11833333333333335,0.8702777777777777,,,0.154664516093394,0.239729999944761,47.168,,4949.606279328719,4949.668416447944,0.8640280880944782,,0.144095492922057,1.66135236883268,0.13996931731189852,1578.12281101724,490.440081404353,309.638085713787
EV061,04/18/2022 16:47:21,04/18/2022 16:50:49,,0.005833333333333334,0.057777777777777775,0.0636111111111111,,,0,0,55.04,,4949.668416447944,4949.668416447944,0.09170305676855897,,,0.956702109679472,0.05527612493040643,1574.93394898226,752.151956744232,477.576826145809
EV061,04/21/2022 14:22:37,04/21/2022 14:24:56,0.0959744050227421,0.011111111111111112,0.03833333333333333,0.049444444444444444,,,1.47787951227579,2.29071324402748,54.626,,4949.668416447944,4949.764390852966,0.22471910112359553,,2.48679515235315,1.95645666805854,0.07550672820726953,1576.56993459565,758.980397386543,481.412451634253
EV061,04/21/2022 16:25:50,04/21/2022 16:51:03,12.0439702749725,0.006111111111111111,0.42,0.4261111111111111,,,18,27.9,57.56,,4949.79269068639,4961.836660961363,0.014341590612777054,,28.6583598589377,28.8216813807365,12.11260799431321,1508.74445243345,1055.59381499093,699.650502965144
EV061,04/21/2022 18:41:23,04/21/2022 18:44:14,0.081632340490754,0.024444444444444446,0.04722222222222222,0.07166666666666667,,,1.2,1.86,59.342,,4961.909428935019,4961.991061275509,0.34108527131782945,,1.71920898206085,2.86171446253877,0.13588136532649328,1590.02314962154,1517.90765806556,954.645005279865
EV061,05/04/2022 22:13:59,05/04/2022 22:16:45,,0.0125,0.04583333333333333,0.058333333333333334,,,0.00135304617867948,0.00209722157695319,82.022,,4962.157977411914,4962.157977411914,0.2142857142857143,,,0.692829314304462,0.03193500581603436,1576.99067749502,673.730369807196,427.225334570391
EV061,05/25/2022 14:54:16,05/25/2022 14:55:14,,0.012222222222222223,0.015833333333333335,0.028055555555555556,,,0,0,73.526,,4962.220114531137,4962.220114531137,0.43564356435643564,,,2.45983574673904,0.039587639435695536,1593.00000009634,-2223.06669877882,-1395.52209582196
EV061,05/25/2022 15:55:18,05/25/2022 15:56:59,0.0584871066265528,0.03111111111111111,0.027777777777777776,0.058888888888888886,,,0,,79.484,,4962.220114531137,4962.278601637764,0.5283018867924528,,2.08599011120335,5.73638948540523,0.16083719826214904,1592.18024556962,-2202.53068012429,-1383.3425494714
EV061,06/02/2022 18:49:39,06/02/2022 18:52:12,,0.1938888888888889,0.042222222222222223,0.2361111111111111,,,0,0,75.416,,4975.0824982104505,4975.0824982104505,0.8211764705882353,,,0.865843722659667,0.036783204833770775,1597.00000025507,-2233.8274574739,-1398.76484478217
EV061,06/13/2022 13:19:48,06/13/2022 13:22:20,,0.03722222222222222,0.041944444444444444,0.07916666666666666,,,,,58.514,,4975.144635329674,4975.144635329674,0.4701754385964912,,,0.570041892845781,0.024058461087250453,1599.99990545029,-1323.62304376174,-827.264451237099
EV061,06/22/2022 08:14:05,06/22/2022 08:14:05,0,0.16027777777777777,0,0.16027777777777777,,,0,0,73.472,,4975.144635329674,4975.144635329674,1,,,,0,,,
EV061,06/29/2022 17:34:15,06/29/2022 18:01:00,0.098616744230541,0.028055555555555556,0.10666666666666666,0.13472222222222222,,,0.310128151654283,0.480698635064138,86.16207038,,4975.144635329674,4975.257150200163,0.20824742268041238,,0.928264685104897,1.22175128499563,0.1303449194205838,1596.89900165645,-1319.39934897178,-826.227957736874
